method,filename,elapsed_sec,n_keypoints
SIFT,DAY-1_RPH_HDM_001.JPG,0.010058000000015,312
SIFT,DAY-1_RPH_HDM_003.JPG,0.007094899999970039,283
SIFT,DAY-1_RPH_HDM_004.JPG,0.007243700000003628,330
SIFT,DAY-1_RPH_HDM_005.JPG,0.006731199999990167,306
SIFT,DAY-1_RPH_HDM_006.JPG,0.0068386000000373315,263
SIFT,DAY-1_RPH_HDM_007.JPG,0.007043300000020736,297
SIFT,DAY-1_RPH_HDM_008.JPG,0.0066769999999678475,298
SIFT,DAY-1_RPH_HDM_009.JPG,0.007539800000017749,365
SIFT,DAY-1_RPH_HDM_010.JPG,0.006997800000021925,363
SIFT,DAY-1_RPH_HDM_011.JPG,0.004745500000012726,243
SIFT,DAY-1_RPH_HDM_012.JPG,0.0063432999999690765,311
SIFT,DAY-1_RPH_HDM_013.JPG,0.007873599999982162,314
SIFT,DAY-1_RPH_HDM_014.JPG,0.007708799999988969,348
SIFT,DAY-1_RPH_HDM_015.JPG,0.007027400000026773,265
SIFT,DAY-1_RPH_HDM_016.JPG,0.007136300000013307,260
SIFT,DAY-1_RPH_HDM_017.JPG,0.006115500000021257,265
SIFT,DAY-1_RPH_HDM_018.JPG,0.006142699999998058,250
SIFT,DAY-1_RPH_HDM_019.JPG,0.004738699999961682,219
SIFT,DAY-1_RPH_HDM_020.JPG,0.006253600000036386,235
SIFT,DAY-1_RPH_HDM_021.JPG,0.005133499999999458,200
SIFT,DAY-1_RPH_HDM_023.JPG,0.004495299999973668,103
SIFT,DAY-1_RPH_HDM_024.JPG,0.0050099000000045635,198
SIFT,DAY-1_RPH_HDM_025.JPG,0.005953400000009879,178
SIFT,DAY-1_RPH_HDM_027.JPG,0.005790300000001025,142
SIFT,DAY-1_RPH_HDM_028.JPG,0.005293300000005274,122
SIFT,DAY-1_RPH_HDM_029.JPG,0.006484900000032212,239
SIFT,DAY-1_RPH_HDM_030.JPG,0.008488800000009178,275
SIFT,DAY-1_RPH_HDM_031.JPG,0.0074638000000391,296
SIFT,DAY-1_RPH_HDM_032.JPG,0.005575500000020384,196
SIFT,DAY-1_RPH_HDM_033.JPG,0.006283699999983128,318
SIFT,DAY-1_RPH_HDM_034.JPG,0.00652869999998984,488
SIFT,DAY-1_RPH_HDM_035.JPG,0.006596399999978075,278
SIFT,DAY-1_RPH_HDM_036.JPG,0.006797500000004675,261
SIFT,DAY-1_RPH_HDM_037.JPG,0.006674099999997907,371
SIFT,DAY-1_RPH_HDM_038.JPG,0.006155100000000857,228
SIFT,DAY-1_RPH_HDM_039.JPG,0.005563200000040069,238
SIFT,DAY-1_RPH_HDM_040.JPG,0.004942099999993843,179
SIFT,DAY-1_RPH_HDM_041.JPG,0.005569200000024921,158
SIFT,DAY-1_RPH_HDM_042.JPG,0.00717760000003409,195
SIFT,DAY-1_RPH_HDM_043.JPG,0.005995399999960682,162
SIFT,DAY-1_RPH_HDM_044.JPG,0.007549399999959405,312
SIFT,DAY-1_RPH_HDM_045.JPG,0.00727879999999459,337
SIFT,DAY-1_RPH_HDM_046.JPG,0.007358900000042468,247
SIFT,DAY-1_RPH_HDM_047.JPG,0.007998700000030112,425
SIFT,DAY-1_RPH_HDM_048.JPG,0.00790799999998626,437
SIFT,DAY-1_RPH_HDM_049.JPG,0.00942290000000412,346
SIFT,DAY-1_RPH_HDM_050.JPG,0.008619500000008884,403
SIFT,DAY-1_RPH_HDM_051.JPG,0.006528100000025461,210
SIFT,DAY-1_RPH_HDM_053.JPG,0.006791899999996076,295
SIFT,DAY-1_RPH_HDM_054.JPG,0.007266899999990528,327
SIFT,DAY-1_RPH_HDM_055.JPG,0.0074505000000044674,239
SIFT,DAY-1_RPH_HDM_056.JPG,0.006050300000026709,225
SIFT,DAY-1_RPH_HDM_057.JPG,0.005118600000002971,128
SIFT,DAY-1_RPH_HDM_058.JPG,0.005210599999998067,207
SIFT,DAY-1_RPH_HDM_059.JPG,0.006430499999964923,309
SIFT,DAY-1_RPH_HDM_060.JPG,0.006724599999984093,248
SIFT,DAY-1_RPH_HDM_061.JPG,0.004543200000000525,159
SIFT,DAY-1_RPH_HDM_062.JPG,0.005019199999992452,179
SIFT,DAY-1_RPH_HDM_063.JPG,0.0041155999999773485,223
SIFT,DAY-1_RPH_HDM_064.JPG,0.004727500000001328,147
SIFT,DAY-1_RPH_HDM_065.JPG,0.005131499999947664,188
SIFT,DAY-1_RPH_HDM_066.JPG,0.004885800000010931,191
SIFT,DAY-1_RPH_HDM_067.JPG,0.007353099999988899,242
SIFT,DAY-1_RPH_HDM_068.JPG,0.009463700000026165,298
SIFT,DAY-1_RPH_HDM_069.JPG,0.0047259000000394735,109
SIFT,DAY-1_RPH_HDM_070.JPG,0.005959899999993468,206
SIFT,DAY-1_RPH_HDM_071.JPG,0.006902200000013181,293
SIFT,DAY-1_RPH_HDM_072.JPG,0.007307200000013836,310
SIFT,DAY-1_RPH_HDM_073.JPG,0.0045729000000278575,193
SIFT,DAY-1_RPH_HDM_074.JPG,0.004273699999998826,157
SIFT,DAY-1_RPH_HDM_075.JPG,0.005041600000026847,175
SIFT,DAY-1_RPH_HDM_076.JPG,0.00528559999997924,222
SIFT,DAY-1_RPH_HDM_077.JPG,0.005745400000023437,252
SIFT,DAY-1_RPH_HDM_078.JPG,0.006426300000043739,259
SIFT,DAY-1_RPH_HDM_080.JPG,0.005593700000019908,164
SIFT,DAY-1_RPH_HDM_081.JPG,0.004521900000042933,274
SIFT,DAY-1_RPH_HDM_082.JPG,0.005262300000026698,319
SIFT,DAY-1_RPH_HDM_083.JPG,0.005669399999987945,257
SIFT,DAY-1_RPH_HDM_086.JPG,0.005305199999952492,187
SIFT,DAY-1_RPH_HDM_087.JPG,0.005063400000040019,181
SIFT,DAY-1_RPH_HDM_088.JPG,0.004637500000001182,254
SIFT,DAY-1_RPH_HDM_089.JPG,0.005095900000014808,244
SIFT,DAY-1_RPH_HDM_090.JPG,0.004772699999989527,180
SIFT,DAY-1_RPH_HDM_091.JPG,0.005412599999999657,282
SIFT,DAY-1_RPH_HDM_092.JPG,0.004245100000048296,268
SIFT,DAY-1_RPH_HDM_093.JPG,0.0039309000000002925,172
SIFT,DAY-1_RPH_HDM_094.JPG,0.0045504999999934626,173
SIFT,DAY-1_RPH_HDM_095.JPG,0.006445100000007642,268
SIFT,DAY-1_RPH_HDM_096.JPG,0.006874699999968925,272
SIFT,DAY-1_RPH_HDM_097.JPG,0.005495900000028087,225
SIFT,DAY-1_RPH_HDM_098.JPG,0.005831300000011197,240
SIFT,DAY-1_RPH_HDM_099.JPG,0.0042791999999849395,255
SIFT,DAY-1_RPH_HDM_100.JPG,0.003999700000008488,142
SIFT,DAY-1_RPH_HDM_101.JPG,0.006279300000016974,380
SIFT,DAY-1_RPH_HDM_102.JPG,0.006582200000025296,237
SIFT,DAY-1_RPH_HDM_103.JPG,0.004584599999986949,213
SIFT,DAY-1_RPH_HDM_104.JPG,0.004234700000040448,211
SIFT,DAY-1_RPH_HDM_105.JPG,0.007003400000030524,348
SIFT,DAY-1_RPH_HDM_106.JPG,0.005775900000003276,301
SIFT,DAY-1_RPH_HDM_107.JPG,0.006431499999962398,248
SIFT,DAY-1_RPH_HDM_108.JPG,0.006258599999966918,384
SIFT,DAY-1_RPH_HDM_110.JPG,0.005131799999958275,267
SIFT,DAY-1_RPH_HDM_111.JPG,0.005518300000005638,313
SIFT,DAY-1_RPH_HDM_112.JPG,0.004200799999978244,105
SIFT,DAY-1_RPH_HDM_113.JPG,0.004799499999990076,179
SIFT,DAY-1_RPH_HDM_114.JPG,0.005716199999994842,298
SIFT,DAY-1_RPH_HDM_115.JPG,0.004245200000013938,156
SIFT,DAY-1_RPH_HDM_116.JPG,0.004686700000036126,168
SIFT,DAY-1_RPH_HDM_117.JPG,0.004989899999998215,238
SIFT,DAY-1_RPH_HDM_118.JPG,0.006265299999995477,280
SIFT,DAY-1_RPH_HDM_119.JPG,0.004050500000005286,190
SIFT,DAY-1_RPH_HDM_120.JPG,0.004316099999982725,194
SIFT,DAY-1_RPH_HDM_121.JPG,0.006271799999979066,276
SIFT,DAY-1_RPH_HDM_122.JPG,0.0047806000000036875,234
SIFT,DAY-1_RPH_HDM_123.JPG,0.003696700000034525,159
SIFT,DAY-1_RPH_HDM_124.JPG,0.003173500000002605,106
SIFT,DAY-1_RPH_HDM_125.JPG,0.00412490000002208,162
SIFT,DAY-1_RPH_HDM_126.JPG,0.00419809999999643,193
SIFT,DAY-1_RPH_HDM_127.JPG,0.003864300000032017,206
SIFT,DAY-1_RPH_HDM_128.JPG,0.004950899999982994,168
SIFT,DAY-1_RPH_HDM_129.JPG,0.005520200000034947,291
SIFT,DAY-1_RPH_HDM_130.JPG,0.0051543999999807966,202
SIFT,DAY-1_RPH_HDM_131.JPG,0.0043868999999858715,159
SIFT,DAY-1_RPH_HDM_132.JPG,0.0052089000000137275,289
SIFT,DAY-1_RPH_HDM_133.JPG,0.0060007999999811545,237
SIFT,DAY-1_RPH_HDM_134.JPG,0.005691399999989244,224
SIFT,DAY-1_RPH_HDM_135.JPG,0.005502499999977317,213
SIFT,DAY-1_RPH_HDM_136.JPG,0.005497499999989941,229
SIFT,DAY-1_RPH_HDM_137.JPG,0.004183400000044912,147
SIFT,DAY-1_RPH_HDM_138.JPG,0.003869100000031267,129
SIFT,DAY-1_RPH_HDM_139.JPG,0.00750879999998233,315
SIFT,DAY-1_RPH_HDM_140.JPG,0.006891499999994721,269
SIFT,DAY-1_RPH_HLR_001.JPG,0.0044178999999644475,202
SIFT,DAY-1_RPH_HLR_002.JPG,0.0057879999999954634,205
SIFT,DAY-1_RPH_HLR_003.JPG,0.005310199999996712,134
SIFT,DAY-1_RPH_HLR_004.JPG,0.005244300000015301,220
SIFT,DAY-1_RPH_HLR_005.JPG,0.006055199999991601,234
SIFT,DAY-1_RPH_HLR_006.JPG,0.004974900000036087,312
SIFT,DAY-1_RPH_HLR_007.JPG,0.0031499000000394517,120
SIFT,DAY-1_RPH_HLR_008.JPG,0.0028125000000045475,100
SIFT,DAY-1_RPH_HLR_009.JPG,0.003226999999981217,107
SIFT,DAY-1_RPH_HLR_010.JPG,0.003603600000019469,192
SIFT,DAY-1_RPH_HLR_011.JPG,0.003925099999946724,281
SIFT,DAY-1_RPH_HLR_012.JPG,0.0036293000000000575,252
SIFT,DAY-1_RPH_HLR_013.JPG,0.0032760999999936757,84
SIFT,DAY-1_RPH_HLR_014.JPG,0.004513599999995677,159
SIFT,DAY-1_RPH_HLR_015.JPG,0.004545199999995475,122
SIFT,DAY-1_RPH_HLR_016.JPG,0.005012999999962631,180
SIFT,DAY-1_RPH_HLR_017.JPG,0.004447099999993043,101
SIFT,DAY-1_RPH_HLR_018.JPG,0.0040326999999820146,84
SIFT,DAY-1_RPH_HLR_019.JPG,0.004532100000005812,150
SIFT,DAY-1_RPH_HLR_020.JPG,0.004328699999973651,179
SIFT,DAY-1_RPH_HLR_021.JPG,0.0050453000000061365,141
SIFT,DAY-1_RPH_HLR_022.JPG,0.00455210000001216,131
SIFT,DAY-1_RPH_HLR_023.JPG,0.005724999999983993,318
SIFT,DAY-1_RPH_HLR_024.JPG,0.008313600000008137,295
SIFT,DAY-1_RPH_HLR_025.JPG,0.00576219999999239,235
SIFT,DAY-1_RPH_HLR_026.JPG,0.004671099999995931,156
SIFT,DAY-1_RPH_HLR_027.JPG,0.004792999999949643,160
SIFT,DAY-1_RPH_HLR_028.JPG,0.00470749999999498,172
SIFT,DAY-1_RPH_HLR_029.JPG,0.004886599999963437,184
SIFT,DAY-1_RPH_HLR_030.JPG,0.005492799999956333,316
SIFT,DAY-1_RPH_HLR_031.JPG,0.004667399999959798,203
SIFT,DAY-1_RPH_HLR_032.JPG,0.003340199999968263,174
SIFT,DAY-1_RPH_HLR_033.JPG,0.0038890000000151304,92
SIFT,DAY-1_RPH_HLR_034.JPG,0.005397200000004432,296
SIFT,DAY-1_RPH_HLR_035.JPG,0.005653300000005856,246
SIFT,DAY-1_RPH_HLR_037.JPG,0.007707200000027115,245
SIFT,DAY-1_RPH_HLR_038.JPG,0.005688800000029914,226
SIFT,DAY-1_RPH_HLR_039.JPG,0.003988699999979417,148
SIFT,DAY-1_RPH_HLR_040.JPG,0.0034757000000240623,85
SIFT,DAY-1_RPH_HLR_041.JPG,0.004081600000006347,142
SIFT,DAY-1_RPH_HLR_043.JPG,0.0032261000000062268,84
SIFT,DAY-1_RPH_HLR_045.JPG,0.004046799999969153,347
SIFT,DAY-1_RPH_HLR_047.JPG,0.004901700000004894,209
SIFT,DAY-1_RPH_HLR_048.JPG,0.004838800000015908,213
SIFT,DAY-1_RPH_HLR_049.JPG,0.004981600000007802,244
SIFT,DAY-1_RPH_HLR_050.JPG,0.004690600000003542,174
SIFT,DAY-1_RPH_HLR_051.JPG,0.003362499999980173,142
SIFT,DAY-1_RPH_HLR_052.JPG,0.0031558000000018183,192
SIFT,DAY-1_RPH_HLR_053.JPG,0.00378819999997404,113
SIFT,DAY-1_RPH_HLR_054.JPG,0.005532000000016524,178
SIFT,DAY-1_RPH_HLR_055.JPG,0.0029799999999795546,92
SIFT,DAY-1_RPH_HLR_056.JPG,0.00365679999998747,91
SIFT,DAY-1_RPH_HLR_057.JPG,0.005765699999983553,199
SIFT,DAY-1_RPH_HLR_058.JPG,0.004340500000012071,219
SIFT,DAY-1_RPH_HLR_059.JPG,0.0036776000000031672,234
SIFT,DAY-1_RPH_HLR_060.JPG,0.003813200000024608,186
SIFT,DAY-1_RPH_HLR_061.JPG,0.004820199999983288,240
SIFT,DAY-1_RPH_HLR_062.JPG,0.003483100000039485,170
SIFT,DAY-1_RPH_HLR_063.JPG,0.0035702000000128464,148
SIFT,DAY-1_RPH_HLR_064.JPG,0.0038868000000320535,152
SIFT,DAY-1_RPH_HLR_065.JPG,0.004005899999981466,223
SIFT,DAY-1_RPH_HLR_066.JPG,0.004239499999982854,176
SIFT,DAY-1_RPH_HLR_067.JPG,0.004100000000050841,141
SIFT,DAY-1_RPH_HLR_068.JPG,0.004110099999991235,246
SIFT,DAY-1_RPH_HLR_069.JPG,0.0054850000000215005,320
SIFT,DAY-1_RPH_HLR_071.JPG,0.00577290000001085,324
SIFT,DAY-1_RPH_HLR_072.JPG,0.004039000000034321,160
SIFT,DAY-1_RPH_HLR_073.JPG,0.003962800000010702,133
SIFT,DAY-1_RPH_HLR_074.JPG,0.004344300000013845,149
SIFT,DAY-1_RPH_HLR_075.JPG,0.005610399999966376,389
SIFT,DAY-1_RPH_HLR_076.JPG,0.005944499999998243,406
SIFT,DAY-1_RPH_HLR_077.JPG,0.00516379999999117,342
SIFT,DAY-1_RPH_HLR_078.JPG,0.003712400000040361,235
SIFT,DAY-1_RPH_HLR_079.JPG,0.004006699999990815,195
SIFT,DAY-1_RPH_HLR_080.JPG,0.00454160000003867,291
SIFT,DAY-1_RPH_HLR_081.JPG,0.005593399999952453,303
SIFT,DAY-1_RPH_HLR_082.JPG,0.003767100000004575,249
SIFT,DAY-1_RPH_HLR_083.JPG,0.0034961000000066633,115
SIFT,DAY-1_RPH_HLR_084.JPG,0.003987100000017563,223
SIFT,DAY-1_RPH_HLR_085.JPG,0.0033949000000461638,266
SIFT,DAY-1_RPH_HLR_086.JPG,0.004141400000037265,246
SIFT,DAY-1_RPH_HLR_087.JPG,0.005157099999962611,184
SIFT,DAY-1_RPH_HLR_088.JPG,0.004700999999954547,291
SIFT,DAY-1_RPH_HLR_089.JPG,0.004941300000041338,321
SIFT,DAY-1_RPH_HLR_090.JPG,0.0043764000000123815,218
SIFT,DAY-1_RPH_HLR_091.JPG,0.005285700000001725,209
SIFT,DAY-1_RPH_HLR_092.JPG,0.006950800000026902,306
SIFT,DAY-1_RPH_HLR_093.JPG,0.004564499999958116,223
SIFT,DAY-1_RPH_HLR_094.JPG,0.005137500000046202,238
SIFT,DAY-1_RPH_HLR_095.JPG,0.008497999999974581,501
SIFT,DAY-1_RPH_HLR_097.JPG,0.005935599999986607,334
SIFT,DAY-1_RPH_HLR_098.JPG,0.005436499999973421,360
SIFT,DAY-1_RPH_HLR_099.JPG,0.005353200000001834,114
SIFT,DAY-1_RPH_HLR_100.JPG,0.005617200000017419,164
SIFT,DAY-1_RPH_HLR_101.JPG,0.007319799999947918,400
SIFT,DAY-1_RPH_HLR_102.JPG,0.006679899999994632,423
SIFT,DAY-1_RPH_HLR_103.JPG,0.007333800000026258,467
SIFT,DAY-1_RPH_HLR_104.JPG,0.005757299999970655,321
SIFT,DAY-1_RPH_HLR_105.JPG,0.00706239999999525,397
SIFT,DAY-1_RPH_HLR_106.JPG,0.007360600000026807,400
SIFT,DAY-1_RPH_HLR_107.JPG,0.005864099999996597,384
SIFT,DAY-1_RPH_HLR_108.JPG,0.005237899999997353,232
SIFT,DAY-1_RPH_HLR_109.JPG,0.005573300000037307,258
SIFT,DAY-1_RPH_HLR_110.JPG,0.005973500000038712,241
SIFT,DAY-1_RPH_HLR_111.JPG,0.006426999999973759,255
SIFT,DAY-1_RPH_HLR_113.JPG,0.005529300000034709,268
SIFT,DAY-1_RPH_HLR_114.JPG,0.006063200000028246,440
SIFT,DAY-1_RPH_HLR_115.JPG,0.006284199999981865,388
SIFT,DAY-1_RPH_HLR_116.JPG,0.00684220000005098,273
SIFT,DAY-1_RPH_HLR_117.JPG,0.009725800000012441,493
SIFT,DAY-1_RPH_HLR_119.JPG,0.0077488000000016655,303
SIFT,DAY-1_RPH_HLR_120.JPG,0.006520799999975679,333
SIFT,DAY-1_RPH_HLR_121.JPG,0.005843400000003385,413
SIFT,DAY-1_RPH_HLR_122.JPG,0.007117899999968813,414
SIFT,DAY-1_RPH_HLR_123.JPG,0.005784099999971204,334
SIFT,DAY-1_RPH_HLR_124.JPG,0.004794500000002699,335
SIFT,DAY-1_RPH_HLR_125.JPG,0.0073459999999840875,504
SIFT,DAY-1_RPH_HLR_126.JPG,0.008943600000009155,389
SIFT,DAY-1_RPH_HLR_127.JPG,0.00709060000002637,362
SIFT,DAY-1_RPH_HLR_128.JPG,0.006300000000010186,442
SIFT,DAY-1_RPH_HLR_129.JPG,0.005158199999982571,268
SIFT,DAY-1_RPH_HLR_131.JPG,0.006816800000024159,350
SIFT,DAY-1_RPH_HLR_133.JPG,0.006789900000001126,477
SIFT,DAY-1_RPH_HLR_134.JPG,0.004772300000013274,228
SIFT,DAY-1_RPH_HLR_135.JPG,0.004032600000016373,272
SIFT,DAY-1_RPH_HLR_136.JPG,0.0041537000000175794,229
SIFT,DAY-1_RPH_HLR_137.JPG,0.0043948999999656735,246
SIFT,DAY-1_RPH_HLR_138.JPG,0.004475400000046648,159
SIFT,DAY-1_RPH_HLR_139.JPG,0.004780299999993076,260
SIFT,DAY-1_RPH_HLR_140.JPG,0.005781700000000001,262
SIFT,DAY-1_RPH_KLP_001.JPG,0.0070824000000015985,360
SIFT,DAY-1_RPH_KLP_002.JPG,0.006970899999998892,410
SIFT,DAY-1_RPH_KLP_003.JPG,0.005978099999992992,114
SIFT,DAY-1_RPH_KLP_004.JPG,0.004406399999993482,211
SIFT,DAY-1_RPH_KLP_005.JPG,0.006907999999953063,308
SIFT,DAY-1_RPH_KLP_006.JPG,0.006895800000052077,295
SIFT,DAY-1_RPH_KLP_008.JPG,0.005770600000005288,174
SIFT,DAY-1_RPH_KLP_009.JPG,0.00436339999998836,104
SIFT,DAY-1_RPH_KLP_010.JPG,0.0046030999999970845,113
SIFT,DAY-1_RPH_KLP_011.JPG,0.0030644999999935862,85
SIFT,DAY-1_RPH_KLP_012.JPG,0.003098599999987073,120
SIFT,DAY-1_RPH_KLP_014.JPG,0.0036964999999895554,205
SIFT,DAY-1_RPH_KLP_015.JPG,0.0072881000000393215,440
SIFT,DAY-1_RPH_KLP_016.JPG,0.007152300000029754,435
SIFT,DAY-1_RPH_KLP_017.JPG,0.007265099999983704,401
SIFT,DAY-1_RPH_KLP_018.JPG,0.006106799999997747,294
SIFT,DAY-1_RPH_KLP_019.JPG,0.005046499999991738,111
SIFT,DAY-1_RPH_KLP_020.JPG,0.0039016999999716973,148
SIFT,DAY-1_RPH_KLP_022.JPG,0.004018499999972391,141
SIFT,DAY-1_RPH_KLP_024.JPG,0.0051130999999600135,116
SIFT,DAY-1_RPH_KLP_025.JPG,0.00410719999996445,244
SIFT,DAY-1_RPH_KLP_026.JPG,0.003978200000005927,177
SIFT,DAY-1_RPH_KLP_027.JPG,0.004058399999962603,130
SIFT,DAY-1_RPH_KLP_028.JPG,0.003556399999979476,99
SIFT,DAY-1_RPH_KLP_029.JPG,0.004476000000011027,130
SIFT,DAY-1_RPH_KLP_030.JPG,0.006075199999997949,301
SIFT,DAY-1_RPH_KLP_031.JPG,0.00570119999997587,285
SIFT,DAY-1_RPH_KLP_032.JPG,0.004357300000037867,187
SIFT,DAY-1_RPH_KLP_033.JPG,0.00402910000002521,273
SIFT,DAY-1_RPH_KLP_034.JPG,0.00405009999997219,219
SIFT,DAY-1_RPH_KLP_035.JPG,0.005071499999985463,153
SIFT,DAY-1_RPH_KLP_036.JPG,0.005362600000012208,93
SIFT,DAY-1_RPH_KLP_037.JPG,0.00505359999999655,214
SIFT,DAY-1_RPH_KLP_038.JPG,0.00476960000003146,212
SIFT,DAY-1_RPH_KLP_039.JPG,0.005713800000023639,232
SIFT,DAY-1_RPH_KLP_040.JPG,0.00473549999998113,183
SIFT,DAY-1_RPH_KLP_041.JPG,0.0030395999999655032,71
SIFT,DAY-1_RPH_KLP_042.JPG,0.0031687999999689964,130
SIFT,DAY-1_RPH_KLP_043.JPG,0.0038872999999739477,217
SIFT,DAY-1_RPH_KLP_044.JPG,0.0036499999999932697,158
SIFT,DAY-1_RPH_KLP_045.JPG,0.0035083999999869775,155
SIFT,DAY-1_RPH_KLP_046.JPG,0.004844699999978275,163
SIFT,DAY-1_RPH_KLP_047.JPG,0.008645500000000084,445
SIFT,DAY-1_RPH_KLP_048.JPG,0.006963899999959722,372
SIFT,DAY-1_RPH_KLP_049.JPG,0.00417579999998452,191
SIFT,DAY-1_RPH_KLP_050.JPG,0.003415099999983795,182
SIFT,DAY-1_RPH_KLP_051.JPG,0.0053680999999983214,125
SIFT,DAY-1_RPH_KLP_052.JPG,0.004916900000011992,131
SIFT,DAY-1_RPH_KLP_054.JPG,0.004052600000022721,105
SIFT,DAY-1_RPH_KLP_055.JPG,0.004544399999986126,346
SIFT,DAY-1_RPH_KLP_056.JPG,0.004904899999985446,215
SIFT,DAY-1_RPH_KLP_057.JPG,0.0071153000000094835,294
SIFT,DAY-1_RPH_KLP_058.JPG,0.00642660000005435,282
SIFT,DAY-1_RPH_KLP_059.JPG,0.0042824999999879765,178
SIFT,DAY-1_RPH_KLP_060.JPG,0.004141599999968548,169
SIFT,DAY-1_RPH_KLP_061.JPG,0.006350300000008247,142
SIFT,DAY-1_RPH_KLP_062.JPG,0.006313599999998587,142
SIFT,DAY-1_RPH_KLP_063.JPG,0.00530900000001111,388
SIFT,DAY-1_RPH_KLP_064.JPG,0.005218500000012227,196
SIFT,DAY-1_RPH_KLP_065.JPG,0.0045137000000181615,265
SIFT,DAY-1_RPH_KLP_066.JPG,0.004610300000024381,186
SIFT,DAY-1_RPH_KLP_067.JPG,0.00642640000000938,102
SIFT,DAY-1_RPH_KLP_068.JPG,0.004498799999964831,110
SIFT,DAY-1_RPH_KLP_069.JPG,0.0047470000000089385,291
SIFT,DAY-1_RPH_KLP_070.JPG,0.005240200000002915,235
SIFT,DAY-1_RPH_KLP_071.JPG,0.003828600000019833,46
SIFT,DAY-1_RPH_KLP_072.JPG,0.004290100000048369,109
SIFT,DAY-1_RPH_KLP_073.JPG,0.003962699999988217,149
SIFT,DAY-1_RPH_KLP_074.JPG,0.0032995999999911874,117
SIFT,DAY-1_RPH_KLP_075.JPG,0.0036499999999932697,99
SIFT,DAY-1_RPH_KLP_076.JPG,0.0037671999999702166,96
SIFT,DAY-1_RPH_KLP_077.JPG,0.005724299999997129,382
SIFT,DAY-1_RPH_KLP_078.JPG,0.005813999999986663,306
SIFT,DAY-1_RPH_KLP_079.JPG,0.003733500000009826,313
SIFT,DAY-1_RPH_KLP_080.JPG,0.004030399999976453,271
SIFT,DAY-1_RPH_KLP_081.JPG,0.0038465000000087457,154
SIFT,DAY-1_RPH_KLP_083.JPG,0.004882400000042253,68
SIFT,DAY-1_RPH_KLP_084.JPG,0.0069326999999930194,99
SIFT,DAY-1_RPH_KLP_085.JPG,0.005053900000007161,135
SIFT,DAY-1_RPH_KLP_086.JPG,0.004934800000000905,137
SIFT,DAY-1_RPH_KLP_087.JPG,0.004515500000024986,223
SIFT,DAY-1_RPH_KLP_088.JPG,0.004185899999981757,233
SIFT,DAY-1_RPH_KLP_089.JPG,0.003587900000013633,65
SIFT,DAY-1_RPH_KLP_090.JPG,0.004287699999963479,206
SIFT,DAY-1_RPH_KLP_091.JPG,0.003954999999962183,104
SIFT,DAY-1_RPH_KLP_092.JPG,0.005213700000012977,102
SIFT,DAY-1_RPH_KLP_093.JPG,0.004597399999966001,177
SIFT,DAY-1_RPH_KLP_094.JPG,0.004290400000002137,126
SIFT,DAY-1_RPH_KLP_095.JPG,0.006624899999962963,274
SIFT,DAY-1_RPH_KLP_096.JPG,0.005608799999947678,141
SIFT,DAY-1_RPH_KLP_097.JPG,0.0032472999999981766,73
SIFT,DAY-1_RPH_KLP_098.JPG,0.0034260999999560227,95
SIFT,DAY-1_RPH_KLP_099.JPG,0.006144399999982397,263
SIFT,DAY-1_RPH_KLP_100.JPG,0.006276299999967705,214
SIFT,DAY-1_RPH_KLP_101.JPG,0.0040136000000075,158
SIFT,DAY-1_RPH_KLP_102.JPG,0.0034129999999663596,154
SIFT,DAY-1_RPH_KLP_103.JPG,0.005308000000013635,151
SIFT,DAY-1_RPH_KLP_104.JPG,0.005682499999977608,159
SIFT,DAY-1_RPH_KLP_105.JPG,0.0052852000000029875,82
SIFT,DAY-1_RPH_KLP_106.JPG,0.006370699999990848,115
SIFT,DAY-1_RPH_KLP_107.JPG,0.005805399999985639,110
SIFT,DAY-1_RPH_KLP_108.JPG,0.007501800000000003,125
SIFT,DAY-1_RPH_KLP_109.JPG,0.004844300000002022,126
SIFT,DAY-1_RPH_KLP_110.JPG,0.005733200000008765,152
SIFT,DAY-1_RPH_KLP_111.JPG,0.0036382999999773347,286
SIFT,DAY-1_RPH_KLP_112.JPG,0.004360399999995934,206
SIFT,DAY-1_RPH_KLP_113.JPG,0.004624300000045878,105
SIFT,DAY-1_RPH_KLP_114.JPG,0.0036236999999914588,87
SIFT,DAY-1_RPH_KLP_115.JPG,0.005691699999999855,141
SIFT,DAY-1_RPH_KLP_116.JPG,0.006362700000011046,153
SIFT,DAY-1_RPH_KLP_117.JPG,0.008136900000010883,170
SIFT,DAY-1_RPH_KLP_118.JPG,0.006039100000009512,141
SIFT,DAY-1_RPH_KLP_119.JPG,0.006294200000013461,202
SIFT,DAY-1_RPH_KLP_120.JPG,0.005884299999991072,144
SIFT,DAY-1_RPH_KLP_121.JPG,0.005866900000000896,264
SIFT,DAY-1_RPH_KLP_122.JPG,0.005414799999982733,125
SIFT,DAY-1_RPH_KLP_124.JPG,0.004723000000012689,119
SIFT,DAY-1_RPH_KLP_125.JPG,0.004191100000014103,246
SIFT,DAY-1_RPH_KLP_126.JPG,0.004179399999998168,214
SIFT,DAY-1_RPH_KLP_127.JPG,0.003855799999996634,248
SIFT,DAY-1_RPH_KLP_128.JPG,0.0036011999999914224,203
SIFT,DAY-1_RPH_KLP_129.JPG,0.005158499999993182,287
SIFT,DAY-1_RPH_KLP_130.JPG,0.00547250000005306,249
SIFT,DAY-1_RPH_KLP_131.JPG,0.0051932000000078915,154
SIFT,DAY-1_RPH_KLP_132.JPG,0.005493000000001302,241
SIFT,DAY-1_RPH_KLP_133.JPG,0.005525499999976091,266
SIFT,DAY-1_RPH_KLP_134.JPG,0.00458179999998265,224
SIFT,DAY-1_RPH_KLP_135.JPG,0.004068399999994199,122
SIFT,DAY-1_RPH_KLP_136.JPG,0.00459250000000111,173
SIFT,DAY-1_RPH_KLP_137.JPG,0.006436699999994744,334
SIFT,DAY-1_RPH_KLP_138.JPG,0.007369299999993473,378
SIFT,DAY-1_RPH_KLP_139.JPG,0.006038799999998901,158
SIFT,DAY-1_RPH_KLP_140.JPG,0.00426500000003216,108
SIFT,DAY-1_RPH_LMS_001.JPG,0.0051393000000530265,226
SIFT,DAY-1_RPH_LMS_002.JPG,0.005090100000018083,268
SIFT,DAY-1_RPH_LMS_003.JPG,0.00540909999995165,335
SIFT,DAY-1_RPH_LMS_004.JPG,0.006768599999986691,399
SIFT,DAY-1_RPH_LMS_005.JPG,0.004597499999988486,284
SIFT,DAY-1_RPH_LMS_006.JPG,0.004890100000011444,258
SIFT,DAY-1_RPH_LMS_007.JPG,0.0031768000000056418,121
SIFT,DAY-1_RPH_LMS_008.JPG,0.003613999999970474,205
SIFT,DAY-1_RPH_LMS_009.JPG,0.005904400000019905,287
SIFT,DAY-1_RPH_LMS_010.JPG,0.005633600000010119,275
SIFT,DAY-1_RPH_LMS_011.JPG,0.006598800000006122,444
SIFT,DAY-1_RPH_LMS_012.JPG,0.006499700000006214,326
SIFT,DAY-1_RPH_LMS_013.JPG,0.005357000000003609,248
SIFT,DAY-1_RPH_LMS_014.JPG,0.005448999999998705,213
SIFT,DAY-1_RPH_LMS_015.JPG,0.005293699999981527,325
SIFT,DAY-1_RPH_LMS_016.JPG,0.005041199999993751,263
SIFT,DAY-1_RPH_LMS_017.JPG,0.004997099999968668,298
SIFT,DAY-1_RPH_LMS_018.JPG,0.005949499999985619,354
SIFT,DAY-1_RPH_LMS_019.JPG,0.006819199999995362,302
SIFT,DAY-1_RPH_LMS_020.JPG,0.006011499999999614,258
SIFT,DAY-1_RPH_LMS_021.JPG,0.007825500000024022,301
SIFT,DAY-1_RPH_LMS_022.JPG,0.006217800000001716,329
SIFT,DAY-1_RPH_LMS_023.JPG,0.0075142999999684434,293
SIFT,DAY-1_RPH_LMS_025.JPG,0.00714940000000297,389
SIFT,DAY-1_RPH_LMS_026.JPG,0.0062361000000237254,313
SIFT,DAY-1_RPH_LMS_027.JPG,0.007267200000001139,320
SIFT,DAY-1_RPH_LMS_028.JPG,0.006503799999961757,355
SIFT,DAY-1_RPH_LMS_029.JPG,0.007287600000040584,416
SIFT,DAY-1_RPH_LMS_030.JPG,0.006722199999956047,427
SIFT,DAY-1_RPH_LMS_031.JPG,0.005888800000036554,343
SIFT,DAY-1_RPH_LMS_032.JPG,0.005250899999964531,285
SIFT,DAY-1_RPH_LMS_033.JPG,0.005496200000038698,269
SIFT,DAY-1_RPH_LMS_034.JPG,0.005549699999960467,334
SIFT,DAY-1_RPH_LMS_035.JPG,0.007678800000007868,382
SIFT,DAY-1_RPH_LMS_036.JPG,0.006790800000032959,243
SIFT,DAY-1_RPH_LMS_037.JPG,0.0054803999999535336,220
SIFT,DAY-1_RPH_LMS_038.JPG,0.006137800000033167,297
SIFT,DAY-1_RPH_LMS_039.JPG,0.0064378999999803455,432
SIFT,DAY-1_RPH_LMS_040.JPG,0.0056367999999906715,347
SIFT,DAY-1_RPH_LMS_041.JPG,0.008513100000016038,538
SIFT,DAY-1_RPH_LMS_042.JPG,0.007938199999955486,479
SIFT,DAY-1_RPH_LMS_043.JPG,0.004795500000000175,223
SIFT,DAY-1_RPH_LMS_044.JPG,0.004166499999996631,289
SIFT,DAY-1_RPH_LMS_045.JPG,0.006865899999979774,293
SIFT,DAY-1_RPH_LMS_046.JPG,0.006021400000008725,192
SIFT,DAY-1_RPH_LMS_048.JPG,0.005334199999992961,269
SIFT,DAY-1_RPH_LMS_049.JPG,0.005956499999967946,265
SIFT,DAY-1_RPH_LMS_050.JPG,0.004826999999977488,221
SIFT,DAY-1_RPH_LMS_051.JPG,0.005248800000003939,352
SIFT,DAY-1_RPH_LMS_052.JPG,0.005885700000021643,200
SIFT,DAY-1_RPH_LMS_053.JPG,0.007197800000028565,418
SIFT,DAY-1_RPH_LMS_054.JPG,0.0061269000000265805,326
SIFT,DAY-1_RPH_LMS_055.JPG,0.008428900000012618,414
SIFT,DAY-1_RPH_LMS_056.JPG,0.008210600000040813,463
SIFT,DAY-1_RPH_LMS_057.JPG,0.005448600000022452,297
SIFT,DAY-1_RPH_LMS_058.JPG,0.0054041999999867585,295
SIFT,DAY-1_RPH_LMS_059.JPG,0.005048299999998562,179
SIFT,DAY-1_RPH_LMS_060.JPG,0.0059770999999955166,298
SIFT,DAY-1_RPH_LMS_061.JPG,0.005559899999980189,203
SIFT,DAY-1_RPH_LMS_063.JPG,0.004693299999985356,255
SIFT,DAY-1_RPH_LMS_064.JPG,0.005138799999997445,243
SIFT,DAY-1_RPH_LMS_065.JPG,0.004901300000028641,262
SIFT,DAY-1_RPH_LMS_066.JPG,0.006287700000029872,337
SIFT,DAY-1_RPH_LMS_067.JPG,0.006449899999950048,296
SIFT,DAY-1_RPH_LMS_068.JPG,0.006518400000004476,322
SIFT,DAY-1_RPH_LMS_069.JPG,0.006209400000045662,321
SIFT,DAY-1_RPH_LMS_070.JPG,0.005227600000011989,283
SIFT,DAY-1_RPH_LMS_071.JPG,0.004909800000007181,327
SIFT,DAY-1_RPH_LMS_072.JPG,0.005008300000042709,323
SIFT,DAY-1_RPH_LMS_073.JPG,0.006316300000037245,401
SIFT,DAY-1_RPH_LMS_074.JPG,0.0063688999999840235,398
SIFT,DAY-1_RPH_LMS_075.JPG,0.004721299999971507,202
SIFT,DAY-1_RPH_LMS_076.JPG,0.004981400000019676,280
SIFT,DAY-1_RPH_LMS_077.JPG,0.009476199999994606,342
SIFT,DAY-1_RPH_LMS_078.JPG,0.008141199999954551,441
SIFT,DAY-1_RPH_LMS_079.JPG,0.005949600000008104,263
SIFT,DAY-1_RPH_LMS_080.JPG,0.007261000000028162,363
SIFT,DAY-1_RPH_LMS_081.JPG,0.005632500000047003,222
SIFT,DAY-1_RPH_LMS_082.JPG,0.005914499999960299,293
SIFT,DAY-1_RPH_LMS_084.JPG,0.004854200000011133,297
SIFT,DAY-1_RPH_LMS_085.JPG,0.00579019999997854,258
SIFT,DAY-1_RPH_LMS_086.JPG,0.005561499999998887,286
SIFT,DAY-1_RPH_LMS_087.JPG,0.004255699999987428,293
SIFT,DAY-1_RPH_LMS_088.JPG,0.005060800000023846,322
SIFT,DAY-1_RPH_LMS_089.JPG,0.004674399999998968,276
SIFT,DAY-1_RPH_LMS_091.JPG,0.004908399999976609,234
SIFT,DAY-1_RPH_LMS_092.JPG,0.006372900000030768,308
SIFT,DAY-1_RPH_LMS_093.JPG,0.007586299999957191,374
SIFT,DAY-1_RPH_LMS_094.JPG,0.0072119999999813444,432
SIFT,DAY-1_RPH_LMS_096.JPG,0.005602099999975962,321
SIFT,DAY-1_RPH_LMS_097.JPG,0.005210000000033688,271
SIFT,DAY-1_RPH_LMS_098.JPG,0.005657999999982621,264
SIFT,DAY-1_RPH_LMS_099.JPG,0.006084799999996449,359
SIFT,DAY-1_RPH_LMS_100.JPG,0.005589299999996911,246
SIFT,DAY-1_RPH_LMS_101.JPG,0.004725199999995766,239
SIFT,DAY-1_RPH_LMS_102.JPG,0.0045650999999793385,250
SIFT,DAY-1_RPH_LMS_103.JPG,0.0047839000000067244,152
SIFT,DAY-1_RPH_LMS_104.JPG,0.005804000000011911,287
SIFT,DAY-1_RPH_LMS_105.JPG,0.006991599999992104,356
SIFT,DAY-1_RPH_LMS_106.JPG,0.00579520000002276,372
SIFT,DAY-1_RPH_LMS_107.JPG,0.0058660999999915475,216
SIFT,DAY-1_RPH_LMS_108.JPG,0.005233400000008714,262
SIFT,DAY-1_RPH_LMS_109.JPG,0.006359199999963039,290
SIFT,DAY-1_RPH_LMS_110.JPG,0.006665200000043114,407
SIFT,DAY-1_RPH_LMS_111.JPG,0.0061124999999719876,367
SIFT,DAY-1_RPH_LMS_112.JPG,0.007861999999988711,416
SIFT,DAY-1_RPH_LMS_113.JPG,0.005578000000014072,334
SIFT,DAY-1_RPH_LMS_115.JPG,0.006514899999956469,379
SIFT,DAY-1_RPH_LMS_116.JPG,0.007285400000000664,321
SIFT,DAY-1_RPH_LMS_117.JPG,0.006544500000018161,232
SIFT,DAY-1_RPH_LMS_118.JPG,0.006287400000019261,215
SIFT,DAY-1_RPH_LMS_120.JPG,0.004520200000001751,220
SIFT,DAY-1_RPH_LMS_121.JPG,0.00454530000001796,224
SIFT,DAY-1_RPH_LMS_122.JPG,0.005761800000016137,230
SIFT,DAY-1_RPH_LMS_123.JPG,0.005471200000044973,179
SIFT,DAY-1_RPH_LMS_124.JPG,0.004569699999990462,227
SIFT,DAY-1_RPH_LMS_125.JPG,0.006226499999968382,274
SIFT,DAY-1_RPH_LMS_126.JPG,0.005490000000008877,237
SIFT,DAY-1_RPH_LMS_127.JPG,0.005382699999984197,235
SIFT,DAY-1_RPH_LMS_128.JPG,0.00553199999995968,198
SIFT,DAY-1_RPH_LMS_129.JPG,0.00515219999999772,181
SIFT,DAY-1_RPH_LMS_130.JPG,0.005299900000011348,179
SIFT,DAY-1_RPH_LMS_131.JPG,0.0045064000000252236,199
SIFT,DAY-1_RPH_LMS_132.JPG,0.004663600000014867,138
SIFT,DAY-1_RPH_LMS_133.JPG,0.0037653999999633925,174
SIFT,DAY-1_RPH_LMS_134.JPG,0.004479100000025937,218
SIFT,DAY-1_RPH_LMS_135.JPG,0.007720199999994293,429
SIFT,DAY-1_RPH_LMS_136.JPG,0.007993199999987155,311
SIFT,DAY-1_RPH_LMS_137.JPG,0.008609499999977288,366
SIFT,DAY-1_RPH_LMS_138.JPG,0.008442300000012892,445
SIFT,DAY-1_RPH_LMS_139.JPG,0.005990499999995791,270
SIFT,DAY-1_RPH_LMS_140.JPG,0.004769099999975879,346
SIFT,DAY-1_UMKM_PDS_001.JPG,0.004595999999992273,119
SIFT,DAY-1_UMKM_PDS_002.JPG,0.003235399999994115,62
SIFT,DAY-1_UMKM_PDS_003.JPG,0.0035306999999988875,83
SIFT,DAY-1_UMKM_PDS_004.JPG,0.003327500000011696,106
SIFT,DAY-1_UMKM_PDS_005.JPG,0.004584700000009434,115
SIFT,DAY-1_UMKM_PDS_006.JPG,0.004814299999964078,65
SIFT,DAY-1_UMKM_PDS_007.JPG,0.0030980000000226937,84
SIFT,DAY-1_UMKM_PDS_008.JPG,0.002902099999971597,86
SIFT,DAY-1_UMKM_PDS_009.JPG,0.003721900000016376,152
SIFT,DAY-1_UMKM_PDS_010.JPG,0.0033447999999793865,68
SIFT,DAY-1_UMKM_PDS_011.JPG,0.0034451999999873806,116
SIFT,DAY-1_UMKM_PDS_012.JPG,0.003731299999969906,145
SIFT,DAY-1_UMKM_PDS_013.JPG,0.0030699999999797,99
SIFT,DAY-1_UMKM_PDS_014.JPG,0.003162099999997281,175
SIFT,DAY-1_UMKM_PDS_015.JPG,0.00327900000002046,87
SIFT,DAY-1_UMKM_PDS_016.JPG,0.003653399999961948,108
SIFT,DAY-1_UMKM_PDS_017.JPG,0.003954200000009678,91
SIFT,DAY-1_UMKM_PDS_018.JPG,0.004501100000027236,114
SIFT,DAY-1_UMKM_PDS_019.JPG,0.005906600000002982,90
SIFT,DAY-1_UMKM_PDS_020.JPG,0.0037957999999775893,147
SIFT,DAY-1_UMKM_PDS_021.JPG,0.0034499999999866304,106
SIFT,DAY-1_UMKM_PDS_022.JPG,0.004312300000037794,132
SIFT,DAY-1_UMKM_PDS_023.JPG,0.005255700000020624,124
SIFT,DAY-1_UMKM_PDS_024.JPG,0.003590500000029806,56
SIFT,DAY-1_UMKM_PDS_025.JPG,0.0050228000000061,249
SIFT,DAY-1_UMKM_PDS_026.JPG,0.004052900000033333,123
SIFT,DAY-1_UMKM_PDS_027.JPG,0.004274899999984427,145
SIFT,DAY-1_UMKM_PDS_028.JPG,0.0048449000000232445,162
SIFT,DAY-1_UMKM_PDS_029.JPG,0.005333600000028582,196
SIFT,DAY-1_UMKM_PDS_030.JPG,0.005336499999998523,142
SIFT,DAY-1_UMKM_PDS_031.JPG,0.0030214000000228225,122
SIFT,DAY-1_UMKM_PDS_032.JPG,0.0030644000000279448,94
SIFT,DAY-1_UMKM_PDS_033.JPG,0.0033548000000109823,103
SIFT,DAY-1_UMKM_PDS_034.JPG,0.0036907999999584717,101
SIFT,DAY-1_UMKM_PDS_035.JPG,0.008954800000026353,121
SIFT,DAY-1_UMKM_PDS_036.JPG,0.006429599999989932,141
SIFT,DAY-1_UMKM_PDS_037.JPG,0.0034446000000230015,91
SIFT,DAY-1_UMKM_PDS_038.JPG,0.003970400000014251,86
SIFT,DAY-1_UMKM_PDS_039.JPG,0.0037218999999595326,118
SIFT,DAY-1_UMKM_PDS_040.JPG,0.0033453000000349675,54
SIFT,DAY-1_UMKM_PDS_041.JPG,0.003005099999995764,45
SIFT,DAY-1_UMKM_PDS_042.JPG,0.004456199999992805,167
SIFT,DAY-1_UMKM_PDS_043.JPG,0.017087800000012976,259
SIFT,DAY-1_UMKM_PDS_044.JPG,0.004775499999993826,147
SIFT,DAY-1_UMKM_PDS_045.JPG,0.003232599999989816,109
SIFT,DAY-1_UMKM_PDS_046.JPG,0.0032732999999893764,122
SIFT,DAY-1_UMKM_PDS_047.JPG,0.003332400000033431,128
SIFT,DAY-1_UMKM_PDS_048.JPG,0.003366399999947589,131
SIFT,DAY-1_UMKM_PDS_049.JPG,0.005150399999990896,162
SIFT,DAY-1_UMKM_PDS_050.JPG,0.004773399999976391,131
SIFT,DAY-1_UMKM_PDS_051.JPG,0.005461699999955272,232
SIFT,DAY-1_UMKM_PDS_052.JPG,0.005182499999989432,251
SIFT,DAY-1_UMKM_PDS_053.JPG,0.004119699999989734,235
SIFT,DAY-1_UMKM_PDS_054.JPG,0.004280699999981152,149
SIFT,DAY-1_UMKM_PDS_055.JPG,0.004547399999978552,163
SIFT,DAY-1_UMKM_PDS_056.JPG,0.004515400000002501,172
SIFT,DAY-1_UMKM_PDS_057.JPG,0.0059429000000363885,133
SIFT,DAY-1_UMKM_PDS_058.JPG,0.004454300000020339,213
SIFT,DAY-1_UMKM_PDS_059.JPG,0.0042291999999974905,155
SIFT,DAY-1_UMKM_PDS_060.JPG,0.004533200000025772,120
SIFT,DAY-1_UMKM_PDS_061.JPG,0.0046070999999869855,183
SIFT,DAY-1_UMKM_PDS_062.JPG,0.003192699999999604,69
SIFT,DAY-1_UMKM_PDS_063.JPG,0.0027487000000405715,104
SIFT,DAY-1_UMKM_PDS_064.JPG,0.0031533999999737716,70
SIFT,DAY-1_UMKM_PDS_065.JPG,0.003884800000037103,154
SIFT,DAY-1_UMKM_PDS_066.JPG,0.0038437000000044463,126
SIFT,DAY-1_UMKM_PDS_067.JPG,0.006167500000003656,105
SIFT,DAY-1_UMKM_PDS_068.JPG,0.014507999999977983,144
SIFT,DAY-1_UMKM_PDS_069.JPG,0.004810100000042894,116
SIFT,DAY-1_UMKM_PDS_070.JPG,0.004090300000029856,100
SIFT,DAY-1_UMKM_PDS_071.JPG,0.004397999999980584,139
SIFT,DAY-1_UMKM_PDS_072.JPG,0.005236000000024887,141
SIFT,DAY-1_UMKM_PDS_073.JPG,0.00568590000000313,134
SIFT,DAY-1_UMKM_PDS_074.JPG,0.004260299999998551,107
SIFT,DAY-1_UMKM_PDS_075.JPG,0.004389800000012656,108
SIFT,DAY-1_UMKM_PDS_076.JPG,0.004548899999974765,107
SIFT,DAY-1_UMKM_PDS_077.JPG,0.003302999999959866,143
SIFT,DAY-1_UMKM_PDS_078.JPG,0.003098899999997684,111
SIFT,DAY-1_UMKM_PDS_079.JPG,0.016780199999971046,146
SIFT,DAY-1_UMKM_PDS_080.JPG,0.005267299999957231,152
SIFT,DAY-1_UMKM_PDS_081.JPG,0.0030694999999809625,86
SIFT,DAY-1_UMKM_PDS_082.JPG,0.0027326000000016393,95
SIFT,DAY-1_UMKM_PDS_083.JPG,0.003234999999961019,125
SIFT,DAY-1_UMKM_PDS_084.JPG,0.0031971000000226013,90
SIFT,DAY-1_UMKM_PDS_085.JPG,0.014239900000006855,197
SIFT,DAY-1_UMKM_PDS_086.JPG,0.014288599999986218,185
SIFT,DAY-1_UMKM_PDS_087.JPG,0.016332299999987754,272
SIFT,DAY-1_UMKM_PDS_088.JPG,0.015398299999958454,283
SIFT,DAY-1_UMKM_PDS_089.JPG,0.005316699999980301,122
SIFT,DAY-1_UMKM_PDS_090.JPG,0.005174000000010892,111
SIFT,DAY-1_UMKM_PDS_091.JPG,0.004767299999969055,88
SIFT,DAY-1_UMKM_PDS_092.JPG,0.004323699999986275,86
SIFT,DAY-1_UMKM_PDS_093.JPG,0.0038059999999973115,134
SIFT,DAY-1_UMKM_PDS_094.JPG,0.005043600000021797,96
SIFT,DAY-1_UMKM_PDS_095.JPG,0.00656349999997019,105
SIFT,DAY-1_UMKM_PDS_096.JPG,0.005057000000022072,104
SIFT,DAY-1_UMKM_PDS_097.JPG,0.004631899999992584,172
SIFT,DAY-1_UMKM_PDS_098.JPG,0.0057458999999653315,219
SIFT,DAY-1_UMKM_PDS_099.JPG,0.0053535000000124455,118
SIFT,DAY-1_UMKM_PDS_100.JPG,0.004215100000010352,91
SIFT,DAY-1_UMKM_PDS_101.JPG,0.01833329999999478,217
SIFT,DAY-1_UMKM_PDS_102.JPG,0.015117200000020148,233
SIFT,DAY-1_UMKM_PDS_103.JPG,0.013655500000027132,179
SIFT,DAY-1_UMKM_PDS_104.JPG,0.014837499999998727,143
SIFT,DAY-1_UMKM_PDS_105.JPG,0.005177199999991444,222
SIFT,DAY-1_UMKM_PDS_106.JPG,0.0038129999999796382,154
SIFT,DAY-1_UMKM_PDS_107.JPG,0.0036046000000169443,188
SIFT,DAY-1_UMKM_PDS_108.JPG,0.003499900000008438,102
SIFT,DAY-1_UMKM_PDS_109.JPG,0.005130500000007032,171
SIFT,DAY-1_UMKM_PDS_110.JPG,0.005150599999979022,115
SIFT,DAY-1_UMKM_PDS_111.JPG,0.0060442999999850144,186
SIFT,DAY-1_UMKM_PDS_112.JPG,0.005555099999980939,180
SIFT,DAY-1_UMKM_PDS_113.JPG,0.004382100000043465,185
SIFT,DAY-1_UMKM_PDS_114.JPG,0.003816099999994549,99
SIFT,DAY-1_UMKM_PDS_115.JPG,0.003491800000006151,121
SIFT,DAY-1_UMKM_PDS_116.JPG,0.0034180999999762207,139
SIFT,DAY-1_UMKM_PDS_117.JPG,0.003506299999969542,176
SIFT,DAY-1_UMKM_PDS_118.JPG,0.0034004000000322776,147
SIFT,DAY-1_UMKM_PDS_119.JPG,0.003385200000025179,67
SIFT,DAY-1_UMKM_PDS_120.JPG,0.003918099999964397,101
SIFT,DAY-1_UMKM_PDS_121.JPG,0.003845699999999397,105
SIFT,DAY-1_UMKM_PDS_122.JPG,0.0037345000000073014,162
SIFT,DAY-1_UMKM_PDS_123.JPG,0.0035227000000190856,113
SIFT,DAY-1_UMKM_PDS_124.JPG,0.003449900000020989,67
SIFT,DAY-1_UMKM_PDS_125.JPG,0.0035027000000127373,137
SIFT,DAY-1_UMKM_PDS_126.JPG,0.0038576000000034583,91
SIFT,DAY-1_UMKM_PDS_127.JPG,0.005559499999947093,159
SIFT,DAY-1_UMKM_PDS_128.JPG,0.006848699999977725,109
SIFT,DAY-1_UMKM_PDS_129.JPG,0.005229100000008202,220
SIFT,DAY-1_UMKM_PDS_130.JPG,0.003652100000010705,109
SIFT,DAY-1_UMKM_PDS_131.JPG,0.0038182999999776257,128
SIFT,DAY-1_UMKM_PDS_132.JPG,0.0039282999999841195,127
SIFT,DAY-1_UMKM_PDS_133.JPG,0.004200400000001991,99
SIFT,DAY-1_UMKM_PDS_134.JPG,0.0036071000000106324,135
SIFT,DAY-1_UMKM_PDS_135.JPG,0.003064199999982975,88
SIFT,DAY-1_UMKM_PDS_136.JPG,0.0029701999999929285,82
SIFT,DAY-1_UMKM_PDS_137.JPG,0.002838199999985136,79
SIFT,DAY-1_UMKM_PDS_138.JPG,0.00276960000002191,71
SIFT,DAY-1_UMKM_PDS_139.JPG,0.0032181999999920663,105
SIFT,DAY-1_UMKM_PDS_140.JPG,0.004058399999962603,184
SIFT,DAY-1_UMKM_PNT_001.JPG,0.0049711999999999534,161
SIFT,DAY-1_UMKM_PNT_002.JPG,0.004947700000002442,136
SIFT,DAY-1_UMKM_PNT_003.JPG,0.00531069999999545,175
SIFT,DAY-1_UMKM_PNT_004.JPG,0.004889300000002095,79
SIFT,DAY-1_UMKM_PNT_005.JPG,0.0033988999999792213,112
SIFT,DAY-1_UMKM_PNT_006.JPG,0.0032321000000479216,161
SIFT,DAY-1_UMKM_PNT_007.JPG,0.005462399999998979,181
SIFT,DAY-1_UMKM_PNT_008.JPG,0.006690699999978733,112
SIFT,DAY-1_UMKM_PNT_009.JPG,0.006049299999972391,134
SIFT,DAY-1_UMKM_PNT_010.JPG,0.004858200000001034,95
SIFT,DAY-1_UMKM_PNT_011.JPG,0.003330000000005384,78
SIFT,DAY-1_UMKM_PNT_013.JPG,0.004822200000035082,105
SIFT,DAY-1_UMKM_PNT_014.JPG,0.005124000000023443,152
SIFT,DAY-1_UMKM_PNT_015.JPG,0.00422609999998258,89
SIFT,DAY-1_UMKM_PNT_016.JPG,0.003966099999956896,86
SIFT,DAY-1_UMKM_PNT_017.JPG,0.003213099999982205,59
SIFT,DAY-1_UMKM_PNT_018.JPG,0.003670100000022103,180
SIFT,DAY-1_UMKM_PNT_019.JPG,0.006153299999994033,180
SIFT,DAY-1_UMKM_PNT_020.JPG,0.005037000000015723,168
SIFT,DAY-1_UMKM_PNT_021.JPG,0.007254200000033961,162
SIFT,DAY-1_UMKM_PNT_022.JPG,0.0056341999999744985,109
SIFT,DAY-1_UMKM_PNT_023.JPG,0.0075168999999846164,103
SIFT,DAY-1_UMKM_PNT_024.JPG,0.005248100000017075,96
SIFT,DAY-1_UMKM_PNT_025.JPG,0.006553600000017923,134
SIFT,DAY-1_UMKM_PNT_026.JPG,0.005357000000003609,149
SIFT,DAY-1_UMKM_PNT_027.JPG,0.004843999999991411,263
SIFT,DAY-1_UMKM_PNT_028.JPG,0.004416900000023816,191
SIFT,DAY-1_UMKM_PNT_029.JPG,0.004932800000005955,95
SIFT,DAY-1_UMKM_PNT_030.JPG,0.004070899999987887,109
SIFT,DAY-1_UMKM_PNT_031.JPG,0.0034165000000143664,90
SIFT,DAY-1_UMKM_PNT_032.JPG,0.0027726999999799773,81
SIFT,DAY-1_UMKM_PNT_033.JPG,0.004467599999998129,219
SIFT,DAY-1_UMKM_PNT_034.JPG,0.004451600000038525,226
SIFT,DAY-1_UMKM_PNT_035.JPG,0.004375600000003033,87
SIFT,DAY-1_UMKM_PNT_036.JPG,0.0035882999999898857,118
SIFT,DAY-1_UMKM_PNT_037.JPG,0.004556100000002061,160
SIFT,DAY-1_UMKM_PNT_038.JPG,0.005299600000000737,105
SIFT,DAY-1_UMKM_PNT_039.JPG,0.005687700000009954,56
SIFT,DAY-1_UMKM_PNT_040.JPG,0.005540600000017548,104
SIFT,DAY-1_UMKM_PNT_041.JPG,0.004930500000000393,221
SIFT,DAY-1_UMKM_PNT_042.JPG,0.00542200000001003,55
SIFT,DAY-1_UMKM_PNT_043.JPG,0.005683099999998831,126
SIFT,DAY-1_UMKM_PNT_044.JPG,0.004692300000044725,157
SIFT,DAY-1_UMKM_PNT_045.JPG,0.0038359000000127708,183
SIFT,DAY-1_UMKM_PNT_046.JPG,0.0030567000000019107,78
SIFT,DAY-1_UMKM_PNT_047.JPG,0.004983299999992141,147
SIFT,DAY-1_UMKM_PNT_048.JPG,0.005369200000018282,81
SIFT,DAY-1_UMKM_PNT_049.JPG,0.0045597000000157095,116
SIFT,DAY-1_UMKM_PNT_050.JPG,0.003973499999972319,173
SIFT,DAY-1_UMKM_PNT_051.JPG,0.004199099999993905,88
SIFT,DAY-1_UMKM_PNT_052.JPG,0.005222500000002128,113
SIFT,DAY-1_UMKM_PNT_053.JPG,0.00338920000001508,85
SIFT,DAY-1_UMKM_PNT_054.JPG,0.0030590000000074724,112
SIFT,DAY-1_UMKM_PNT_055.JPG,0.004519999999956781,75
SIFT,DAY-1_UMKM_PNT_056.JPG,0.0032499000000143496,60
SIFT,DAY-1_UMKM_PNT_057.JPG,0.0036053000000038082,144
SIFT,DAY-1_UMKM_PNT_058.JPG,0.0033727999999655367,66
SIFT,DAY-1_UMKM_PNT_059.JPG,0.004704000000003816,146
SIFT,DAY-1_UMKM_PNT_060.JPG,0.004884599999968486,71
SIFT,DAY-1_UMKM_PNT_061.JPG,0.005037500000014461,128
SIFT,DAY-1_UMKM_PNT_062.JPG,0.0041384000000448395,148
SIFT,DAY-1_UMKM_PNT_063.JPG,0.00336099999998396,133
SIFT,DAY-1_UMKM_PNT_064.JPG,0.0032153000000221255,117
SIFT,DAY-1_UMKM_PNT_065.JPG,0.003248199999973167,138
SIFT,DAY-1_UMKM_PNT_066.JPG,0.003356999999994059,142
SIFT,DAY-1_UMKM_PNT_067.JPG,0.004485699999975168,193
SIFT,DAY-1_UMKM_PNT_068.JPG,0.003972199999964232,181
SIFT,DAY-1_UMKM_PNT_069.JPG,0.0041997000000151274,242
SIFT,DAY-1_UMKM_PNT_070.JPG,0.004277300000012474,155
SIFT,DAY-1_UMKM_PNT_071.JPG,0.003201499999988755,80
SIFT,DAY-1_UMKM_PNT_072.JPG,0.003234500000019125,70
SIFT,DAY-1_UMKM_PNT_073.JPG,0.003378899999972873,155
SIFT,DAY-1_UMKM_PNT_074.JPG,0.004361099999982798,120
SIFT,DAY-1_UMKM_PNT_075.JPG,0.004981599999950959,137
SIFT,DAY-1_UMKM_PNT_076.JPG,0.003336199999978362,133
SIFT,DAY-1_UMKM_PNT_077.JPG,0.004838100000029044,213
SIFT,DAY-1_UMKM_PNT_078.JPG,0.005276900000012574,170
SIFT,DAY-1_UMKM_PNT_079.JPG,0.004521099999976741,67
SIFT,DAY-1_UMKM_PNT_080.JPG,0.003324300000031144,78
SIFT,DAY-1_UMKM_PNT_081.JPG,0.007325900000012098,132
SIFT,DAY-1_UMKM_PNT_082.JPG,0.004400699999962399,104
SIFT,DAY-1_UMKM_PNT_083.JPG,0.004145099999959712,240
SIFT,DAY-1_UMKM_PNT_084.JPG,0.00452189999998609,187
SIFT,DAY-1_UMKM_PNT_085.JPG,0.0031915000000140026,72
SIFT,DAY-1_UMKM_PNT_086.JPG,0.0030401999999867257,101
SIFT,DAY-1_UMKM_PNT_087.JPG,0.003907599999990907,181
SIFT,DAY-1_UMKM_PNT_088.JPG,0.004541500000016185,251
SIFT,DAY-1_UMKM_PNT_089.JPG,0.0053521000000387176,126
SIFT,DAY-1_UMKM_PNT_090.JPG,0.0046990999999820815,119
SIFT,DAY-1_UMKM_PNT_091.JPG,0.006367699999998422,124
SIFT,DAY-1_UMKM_PNT_092.JPG,0.005141599999944901,102
SIFT,DAY-1_UMKM_PNT_093.JPG,0.006106100000010883,112
SIFT,DAY-1_UMKM_PNT_094.JPG,0.004004399999985253,88
SIFT,DAY-1_UMKM_PNT_095.JPG,0.004318500000010772,252
SIFT,DAY-1_UMKM_PNT_096.JPG,0.004452400000047874,218
SIFT,DAY-1_UMKM_PNT_097.JPG,0.004816800000014609,218
SIFT,DAY-1_UMKM_PNT_098.JPG,0.004516500000022461,94
SIFT,DAY-1_UMKM_PNT_099.JPG,0.005532600000037746,208
SIFT,DAY-1_UMKM_PNT_100.JPG,0.004657699999995657,112
SIFT,DAY-1_UMKM_PNT_101.JPG,0.0050881000000231325,175
SIFT,DAY-1_UMKM_PNT_102.JPG,0.0047299000000293745,196
SIFT,DAY-1_UMKM_PNT_103.JPG,0.003873100000021168,150
SIFT,DAY-1_UMKM_PNT_104.JPG,0.003763499999990927,164
SIFT,DAY-1_UMKM_PNT_105.JPG,0.005315600000017184,262
SIFT,DAY-1_UMKM_PNT_106.JPG,0.004429300000026615,157
SIFT,DAY-1_UMKM_PNT_107.JPG,0.006593599999973776,275
SIFT,DAY-1_UMKM_PNT_108.JPG,0.005752500000028249,102
SIFT,DAY-1_UMKM_PNT_109.JPG,0.005098400000008496,212
SIFT,DAY-1_UMKM_PNT_110.JPG,0.005069499999990512,147
SIFT,DAY-1_UMKM_PNT_111.JPG,0.004704099999969458,133
SIFT,DAY-1_UMKM_PNT_112.JPG,0.003415899999993144,73
SIFT,DAY-1_UMKM_PNT_113.JPG,0.004960399999959009,113
SIFT,DAY-1_UMKM_PNT_114.JPG,0.004772400000035759,140
SIFT,DAY-1_UMKM_PNT_115.JPG,0.005048900000019785,175
SIFT,DAY-1_UMKM_PNT_116.JPG,0.003417800000022453,112
SIFT,DAY-1_UMKM_PNT_117.JPG,0.0038175000000251202,88
SIFT,DAY-1_UMKM_PNT_118.JPG,0.0028725000000235923,44
SIFT,DAY-1_UMKM_PNT_119.JPG,0.004697299999975257,144
SIFT,DAY-1_UMKM_PNT_120.JPG,0.004123699999979635,122
SIFT,DAY-1_UMKM_PNT_121.JPG,0.005196200000000317,153
SIFT,DAY-1_UMKM_PNT_122.JPG,0.007775199999969118,124
SIFT,DAY-1_UMKM_PNT_123.JPG,0.004054600000017672,173
SIFT,DAY-1_UMKM_PNT_124.JPG,0.0037163000000077773,95
SIFT,DAY-1_UMKM_PNT_125.JPG,0.0037461000000007516,124
SIFT,DAY-1_UMKM_PNT_126.JPG,0.00358529999999746,108
SIFT,DAY-1_UMKM_PNT_127.JPG,0.003075599999988299,48
SIFT,DAY-1_UMKM_PNT_128.JPG,0.002873599999986709,47
SIFT,DAY-1_UMKM_PNT_129.JPG,0.003945999999984906,182
SIFT,DAY-1_UMKM_PNT_130.JPG,0.003745700000024499,105
SIFT,DAY-1_UMKM_PNT_131.JPG,0.006267799999989165,221
SIFT,DAY-1_UMKM_PNT_132.JPG,0.0052313000000481225,111
SIFT,DAY-1_UMKM_PNT_133.JPG,0.003632500000037453,135
SIFT,DAY-1_UMKM_PNT_134.JPG,0.0033531999999922846,134
SIFT,DAY-1_UMKM_PNT_135.JPG,0.00335530000000972,139
SIFT,DAY-1_UMKM_PNT_136.JPG,0.0038915000000088185,176
SIFT,DAY-1_UMKM_PNT_137.JPG,0.0037478000000419343,160
SIFT,DAY-1_UMKM_PNT_138.JPG,0.004032199999983277,73
SIFT,DAY-1_UMKM_PNT_139.JPG,0.0031285999999681735,111
SIFT,DAY-1_UMKM_PNT_140.JPG,0.0029672000000005028,59
SIFT,DAY-1_UMKM_SDL_001.JPG,0.0054422000000045045,344
SIFT,DAY-1_UMKM_SDL_002.JPG,0.005291999999997188,365
SIFT,DAY-1_UMKM_SDL_003.JPG,0.003300799999976789,131
SIFT,DAY-1_UMKM_SDL_004.JPG,0.004294700000002649,165
SIFT,DAY-1_UMKM_SDL_005.JPG,0.0038495000000011714,178
SIFT,DAY-1_UMKM_SDL_006.JPG,0.004422299999987445,152
SIFT,DAY-1_UMKM_SDL_007.JPG,0.0066210000000523905,436
SIFT,DAY-1_UMKM_SDL_008.JPG,0.008456300000034389,445
SIFT,DAY-1_UMKM_SDL_010.JPG,0.007667300000036903,510
SIFT,DAY-1_UMKM_SDL_011.JPG,0.005857400000024882,271
SIFT,DAY-1_UMKM_SDL_012.JPG,0.006545000000016898,361
SIFT,DAY-1_UMKM_SDL_013.JPG,0.0055500000000279215,213
SIFT,DAY-1_UMKM_SDL_014.JPG,0.004709199999979319,228
SIFT,DAY-1_UMKM_SDL_015.JPG,0.006323899999983951,234
SIFT,DAY-1_UMKM_SDL_016.JPG,0.006396099999960825,308
SIFT,DAY-1_UMKM_SDL_017.JPG,0.004375999999979285,220
SIFT,DAY-1_UMKM_SDL_018.JPG,0.00401270000003251,223
SIFT,DAY-1_UMKM_SDL_019.JPG,0.005519900000024336,308
SIFT,DAY-1_UMKM_SDL_020.JPG,0.00672020000001794,180
SIFT,DAY-1_UMKM_SDL_021.JPG,0.0038392000000158077,174
SIFT,DAY-1_UMKM_SDL_022.JPG,0.004699700000003304,211
SIFT,DAY-1_UMKM_SDL_023.JPG,0.005857199999979912,317
SIFT,DAY-1_UMKM_SDL_024.JPG,0.005725299999994604,326
SIFT,DAY-1_UMKM_SDL_025.JPG,0.004649300000039602,164
SIFT,DAY-1_UMKM_SDL_026.JPG,0.005035300000031384,237
SIFT,DAY-1_UMKM_SDL_027.JPG,0.004692599999998492,190
SIFT,DAY-1_UMKM_SDL_028.JPG,0.007411400000023605,249
SIFT,DAY-1_UMKM_SDL_029.JPG,0.006964999999979682,340
SIFT,DAY-1_UMKM_SDL_030.JPG,0.006426799999985633,417
SIFT,DAY-1_UMKM_SDL_031.JPG,0.005595700000014858,253
SIFT,DAY-1_UMKM_SDL_032.JPG,0.006027599999981703,236
SIFT,DAY-1_UMKM_SDL_033.JPG,0.005629800000008345,216
SIFT,DAY-1_UMKM_SDL_034.JPG,0.006216199999983019,351
SIFT,DAY-1_UMKM_SDL_035.JPG,0.004969000000016877,287
SIFT,DAY-1_UMKM_SDL_036.JPG,0.005768799999998464,222
SIFT,DAY-1_UMKM_SDL_037.JPG,0.004439899999965746,279
SIFT,DAY-1_UMKM_SDL_038.JPG,0.005654999999990196,320
SIFT,DAY-1_UMKM_SDL_039.JPG,0.006774000000007163,364
SIFT,DAY-1_UMKM_SDL_040.JPG,0.007362699999987399,393
SIFT,DAY-1_UMKM_SDL_041.JPG,0.004551100000014685,144
SIFT,DAY-1_UMKM_SDL_042.JPG,0.003043399999967278,104
SIFT,DAY-1_UMKM_SDL_043.JPG,0.005503799999985404,224
SIFT,DAY-1_UMKM_SDL_044.JPG,0.005156300000010106,214
SIFT,DAY-1_UMKM_SDL_045.JPG,0.004936100000008992,202
SIFT,DAY-1_UMKM_SDL_046.JPG,0.006441400000028352,273
SIFT,DAY-1_UMKM_SDL_047.JPG,0.00761049999999841,262
SIFT,DAY-1_UMKM_SDL_048.JPG,0.006273000000021511,290
SIFT,DAY-1_UMKM_SDL_049.JPG,0.005310899999983576,252
SIFT,DAY-1_UMKM_SDL_050.JPG,0.005101500000023407,151
SIFT,DAY-1_UMKM_SDL_051.JPG,0.005791499999986627,181
SIFT,DAY-1_UMKM_SDL_052.JPG,0.006279899999981353,246
SIFT,DAY-1_UMKM_SDL_053.JPG,0.0039021000000047934,204
SIFT,DAY-1_UMKM_SDL_055.JPG,0.004719599999987167,212
SIFT,DAY-1_UMKM_SDL_056.JPG,0.005195099999980357,158
SIFT,DAY-1_UMKM_SDL_057.JPG,0.004760599999997339,174
SIFT,DAY-1_UMKM_SDL_058.JPG,0.004942499999970096,186
SIFT,DAY-1_UMKM_SDL_059.JPG,0.004728700000043773,134
SIFT,DAY-1_UMKM_SDL_060.JPG,0.00429300000001831,88
SIFT,DAY-1_UMKM_SDL_061.JPG,0.0039822999999614694,179
SIFT,DAY-1_UMKM_SDL_062.JPG,0.004078600000013921,148
SIFT,DAY-1_UMKM_SDL_063.JPG,0.004412000000002081,228
SIFT,DAY-1_UMKM_SDL_064.JPG,0.004772199999990789,175
SIFT,DAY-1_UMKM_SDL_065.JPG,0.0055565000000115106,144
SIFT,DAY-1_UMKM_SDL_066.JPG,0.007004600000016126,222
SIFT,DAY-1_UMKM_SDL_067.JPG,0.006417600000020229,184
SIFT,DAY-1_UMKM_SDL_068.JPG,0.004782900000009249,147
SIFT,DAY-1_UMKM_SDL_069.JPG,0.003942600000016228,256
SIFT,DAY-1_UMKM_SDL_070.JPG,0.004364800000018931,253
SIFT,DAY-1_UMKM_SDL_071.JPG,0.004086399999948753,163
SIFT,DAY-1_UMKM_SDL_072.JPG,0.006330500000046868,243
SIFT,DAY-1_UMKM_SDL_073.JPG,0.005893900000046415,155
SIFT,DAY-1_UMKM_SDL_074.JPG,0.0034061999999721593,104
SIFT,DAY-1_UMKM_SDL_075.JPG,0.004319100000031995,309
SIFT,DAY-1_UMKM_SDL_076.JPG,0.003976599999987229,227
SIFT,DAY-1_UMKM_SDL_077.JPG,0.004644299999995383,118
SIFT,DAY-1_UMKM_SDL_078.JPG,0.004391499999996995,86
SIFT,DAY-1_UMKM_SDL_079.JPG,0.004910199999983433,276
SIFT,DAY-1_UMKM_SDL_080.JPG,0.006340299999976651,210
SIFT,DAY-1_UMKM_SDL_081.JPG,0.006011899999975867,196
SIFT,DAY-1_UMKM_SDL_082.JPG,0.006060300000001462,206
SIFT,DAY-1_UMKM_SDL_083.JPG,0.005395099999986996,240
SIFT,DAY-1_UMKM_SDL_084.JPG,0.006000599999993028,318
SIFT,DAY-1_UMKM_SDL_085.JPG,0.006295999999963442,221
SIFT,DAY-1_UMKM_SDL_086.JPG,0.005346999999972013,310
SIFT,DAY-1_UMKM_SDL_087.JPG,0.00582120000001396,267
SIFT,DAY-1_UMKM_SDL_088.JPG,0.004419900000016241,219
SIFT,DAY-1_UMKM_SDL_089.JPG,0.00720429999995531,149
SIFT,DAY-1_UMKM_SDL_090.JPG,0.005367199999966488,108
SIFT,DAY-1_UMKM_SDL_091.JPG,0.004649999999969623,242
SIFT,DAY-1_UMKM_SDL_092.JPG,0.004572899999971014,255
SIFT,DAY-1_UMKM_SDL_094.JPG,0.0037689000000113992,182
SIFT,DAY-1_UMKM_SDL_095.JPG,0.0053318999999873995,336
SIFT,DAY-1_UMKM_SDL_096.JPG,0.006802900000025147,321
SIFT,DAY-1_UMKM_SDL_097.JPG,0.00620490000000018,173
SIFT,DAY-1_UMKM_SDL_098.JPG,0.005501299999991716,218
SIFT,DAY-1_UMKM_SDL_099.JPG,0.004328799999996136,205
SIFT,DAY-1_UMKM_SDL_100.JPG,0.004099699999983386,191
SIFT,DAY-1_UMKM_SDL_101.JPG,0.004848700000025019,264
SIFT,DAY-1_UMKM_SDL_102.JPG,0.006134999999972024,266
SIFT,DAY-1_UMKM_SDL_103.JPG,0.00461310000002868,144
SIFT,DAY-1_UMKM_SDL_104.JPG,0.0033933999999931075,175
SIFT,DAY-1_UMKM_SDL_105.JPG,0.003875300000004245,175
SIFT,DAY-1_UMKM_SDL_107.JPG,0.004247700000007626,154
SIFT,DAY-1_UMKM_SDL_108.JPG,0.003990600000008726,186
SIFT,DAY-1_UMKM_SDL_109.JPG,0.005304300000034345,194
SIFT,DAY-1_UMKM_SDL_110.JPG,0.006473500000026888,104
SIFT,DAY-1_UMKM_SDL_111.JPG,0.0053378000000066095,184
SIFT,DAY-1_UMKM_SDL_112.JPG,0.005433000000039101,194
SIFT,DAY-1_UMKM_SDL_113.JPG,0.006677000000024691,252
SIFT,DAY-1_UMKM_SDL_114.JPG,0.006515800000045147,227
SIFT,DAY-1_UMKM_SDL_115.JPG,0.004908899999975347,191
SIFT,DAY-1_UMKM_SDL_116.JPG,0.005598800000029769,221
SIFT,DAY-1_UMKM_SDL_117.JPG,0.006420899999966423,373
SIFT,DAY-1_UMKM_SDL_118.JPG,0.006870800000001509,193
SIFT,DAY-1_UMKM_SDL_119.JPG,0.005547300000046107,209
SIFT,DAY-1_UMKM_SDL_120.JPG,0.011414500000000771,209
SIFT,DAY-1_UMKM_SDL_121.JPG,0.008701700000017354,176
SIFT,DAY-1_UMKM_SDL_122.JPG,0.004333200000019133,140
SIFT,DAY-1_UMKM_SDL_123.JPG,0.003985599999964506,174
SIFT,DAY-1_UMKM_SDL_124.JPG,0.003963799999951334,179
SIFT,DAY-1_UMKM_SDL_125.JPG,0.0040275999999721535,198
SIFT,DAY-1_UMKM_SDL_126.JPG,0.004091900000048554,253
SIFT,DAY-1_UMKM_SDL_127.JPG,0.004546799999957329,229
SIFT,DAY-1_UMKM_SDL_128.JPG,0.0041555000000244036,225
SIFT,DAY-1_UMKM_SDL_129.JPG,0.006752899999980855,240
SIFT,DAY-1_UMKM_SDL_130.JPG,0.008727200000009816,387
SIFT,DAY-1_UMKM_SDL_131.JPG,0.0048572999999692,93
SIFT,DAY-1_UMKM_SDL_132.JPG,0.0038038000000142347,128
SIFT,DAY-1_UMKM_SDL_133.JPG,0.004345399999976962,202
SIFT,DAY-1_UMKM_SDL_134.JPG,0.005252600000005714,325
SIFT,DAY-1_UMKM_SDL_135.JPG,0.004560099999991962,187
SIFT,DAY-1_UMKM_SDL_136.JPG,0.005668799999966723,235
SIFT,DAY-1_UMKM_SDL_137.JPG,0.0060922000000118715,177
SIFT,DAY-1_UMKM_SDL_138.JPG,0.005184100000008129,123
SIFT,DAY-1_UMKM_SDL_139.JPG,0.004993799999965631,134
SIFT,DAY-1_UMKM_SDL_140.JPG,0.005150899999989633,203
SIFT,DAY-1_UMKM_SKL_001.JPG,0.004270799999972041,138
SIFT,DAY-1_UMKM_SKL_002.JPG,0.003544099999999162,175
SIFT,DAY-1_UMKM_SKL_003.JPG,0.0037945999999919877,182
SIFT,DAY-1_UMKM_SKL_004.JPG,0.0036767999999938183,102
SIFT,DAY-1_UMKM_SKL_005.JPG,0.004213199999981043,150
SIFT,DAY-1_UMKM_SKL_006.JPG,0.004035099999953218,127
SIFT,DAY-1_UMKM_SKL_007.JPG,0.006279300000016974,273
SIFT,DAY-1_UMKM_SKL_008.JPG,0.005000399999971705,186
SIFT,DAY-1_UMKM_SKL_009.JPG,0.002984499999968193,64
SIFT,DAY-1_UMKM_SKL_010.JPG,0.0029699000000391607,116
SIFT,DAY-1_UMKM_SKL_011.JPG,0.003811400000017784,123
SIFT,DAY-1_UMKM_SKL_012.JPG,0.003987300000005689,121
SIFT,DAY-1_UMKM_SKL_013.JPG,0.002983599999993203,89
SIFT,DAY-1_UMKM_SKL_014.JPG,0.003133300000001782,121
SIFT,DAY-1_UMKM_SKL_015.JPG,0.003217600000027687,84
SIFT,DAY-1_UMKM_SKL_016.JPG,0.0037401000000159,113
SIFT,DAY-1_UMKM_SKL_017.JPG,0.003540799999996125,98
SIFT,DAY-1_UMKM_SKL_018.JPG,0.003190099999983431,67
SIFT,DAY-1_UMKM_SKL_019.JPG,0.00320139999996627,91
SIFT,DAY-1_UMKM_SKL_020.JPG,0.003520299999991039,98
SIFT,DAY-1_UMKM_SKL_021.JPG,0.004554299999995237,159
SIFT,DAY-1_UMKM_SKL_022.JPG,0.0033867999999870335,75
SIFT,DAY-1_UMKM_SKL_023.JPG,0.0035926000000472413,98
SIFT,DAY-1_UMKM_SKL_024.JPG,0.003254699999956756,146
SIFT,DAY-1_UMKM_SKL_025.JPG,0.004141500000002907,152
SIFT,DAY-1_UMKM_SKL_026.JPG,0.004343599999970138,142
SIFT,DAY-1_UMKM_SKL_027.JPG,0.00491260000001148,161
SIFT,DAY-1_UMKM_SKL_028.JPG,0.005596599999989849,81
SIFT,DAY-1_UMKM_SKL_029.JPG,0.0036469000000352025,100
SIFT,DAY-1_UMKM_SKL_030.JPG,0.0032858000000146603,91
SIFT,DAY-1_UMKM_SKL_031.JPG,0.003009399999996276,107
SIFT,DAY-1_UMKM_SKL_032.JPG,0.003171799999961422,73
SIFT,DAY-1_UMKM_SKL_033.JPG,0.003268100000013874,58
SIFT,DAY-1_UMKM_SKL_034.JPG,0.0032785000000217224,146
SIFT,DAY-1_UMKM_SKL_035.JPG,0.003425599999957285,104
SIFT,DAY-1_UMKM_SKL_036.JPG,0.003196399999978894,74
SIFT,DAY-1_UMKM_SKL_037.JPG,0.002981700000020737,82
SIFT,DAY-1_UMKM_SKL_038.JPG,0.002931999999987056,44
SIFT,DAY-1_UMKM_SKL_039.JPG,0.002904999999998381,95
SIFT,DAY-1_UMKM_SKL_040.JPG,0.0031222000000070693,102
SIFT,DAY-1_UMKM_SKL_041.JPG,0.002855699999997796,111
SIFT,DAY-1_UMKM_SKL_042.JPG,0.0039565000000152395,170
SIFT,DAY-1_UMKM_SKL_043.JPG,0.0033074000000397064,83
SIFT,DAY-1_UMKM_SKL_044.JPG,0.0035778000000163956,139
SIFT,DAY-1_UMKM_SKL_045.JPG,0.003444000000001779,47
SIFT,DAY-1_UMKM_SKL_046.JPG,0.004168500000048425,119
SIFT,DAY-1_UMKM_SKL_047.JPG,0.0034744999999816173,125
SIFT,DAY-1_UMKM_SKL_048.JPG,0.0033255000000167456,129
SIFT,DAY-1_UMKM_SKL_049.JPG,0.004300999999998112,145
SIFT,DAY-1_UMKM_SKL_050.JPG,0.00448319999998148,281
SIFT,DAY-1_UMKM_SKL_051.JPG,0.004666600000007293,256
SIFT,DAY-1_UMKM_SKL_052.JPG,0.004301699999984976,175
SIFT,DAY-1_UMKM_SKL_053.JPG,0.004807800000037332,141
SIFT,DAY-1_UMKM_SKL_054.JPG,0.0030687999999940985,62
SIFT,DAY-1_UMKM_SKL_055.JPG,0.003643000000010943,167
SIFT,DAY-1_UMKM_SKL_056.JPG,0.003151500000001306,58
SIFT,DAY-1_UMKM_SKL_057.JPG,0.004676999999958298,233
SIFT,DAY-1_UMKM_SKL_058.JPG,0.0036749999999869942,150
SIFT,DAY-1_UMKM_SKL_059.JPG,0.0036340999999993073,181
SIFT,DAY-1_UMKM_SKL_060.JPG,0.004311200000017834,199
SIFT,DAY-1_UMKM_SKL_061.JPG,0.005044100000020535,191
SIFT,DAY-1_UMKM_SKL_062.JPG,0.005237599999986742,142
SIFT,DAY-1_UMKM_SKL_063.JPG,0.0033411000000000968,106
SIFT,DAY-1_UMKM_SKL_064.JPG,0.003632799999991221,146
SIFT,DAY-1_UMKM_SKL_065.JPG,0.0056118999999625885,271
SIFT,DAY-1_UMKM_SKL_066.JPG,0.004196900000010828,252
SIFT,DAY-1_UMKM_SKL_067.JPG,0.0037336999999979525,138
SIFT,DAY-1_UMKM_SKL_068.JPG,0.004543000000012398,271
SIFT,DAY-1_UMKM_SKL_069.JPG,0.0034997000000203116,112
SIFT,DAY-1_UMKM_SKL_070.JPG,0.0034294999999815445,134
SIFT,DAY-1_UMKM_SKL_071.JPG,0.003953099999989718,171
SIFT,DAY-1_UMKM_SKL_072.JPG,0.0034457999999517597,117
SIFT,DAY-1_UMKM_SKL_073.JPG,0.004381000000023505,264
SIFT,DAY-1_UMKM_SKL_074.JPG,0.0041892999999504354,247
SIFT,DAY-1_UMKM_SKL_075.JPG,0.005871000000013282,311
SIFT,DAY-1_UMKM_SKL_076.JPG,0.005626799999959076,108
SIFT,DAY-1_UMKM_SKL_077.JPG,0.0032638000000133616,70
SIFT,DAY-1_UMKM_SKL_078.JPG,0.003254600000047958,138
SIFT,DAY-1_UMKM_SKL_079.JPG,0.004899599999987458,95
SIFT,DAY-1_UMKM_SKL_080.JPG,0.003489899999976842,179
SIFT,DAY-1_UMKM_SKL_081.JPG,0.005049600000006649,188
SIFT,DAY-1_UMKM_SKL_082.JPG,0.004853400000001784,164
SIFT,DAY-1_UMKM_SKL_083.JPG,0.0038936999999918953,118
SIFT,DAY-1_UMKM_SKL_084.JPG,0.0034074999999802458,118
SIFT,DAY-1_UMKM_SKL_085.JPG,0.0035082999999644926,133
SIFT,DAY-1_UMKM_SKL_086.JPG,0.0033341999999834115,88
SIFT,DAY-1_UMKM_SKL_087.JPG,0.003879700000027242,58
SIFT,DAY-1_UMKM_SKL_088.JPG,0.003731800000025487,97
SIFT,DAY-1_UMKM_SKL_089.JPG,0.002971500000001015,67
SIFT,DAY-1_UMKM_SKL_090.JPG,0.003528000000017073,82
SIFT,DAY-1_UMKM_SKL_091.JPG,0.004140000000006694,230
SIFT,DAY-1_UMKM_SKL_092.JPG,0.004070799999965402,159
SIFT,DAY-1_UMKM_SKL_093.JPG,0.004085200000019995,228
SIFT,DAY-1_UMKM_SKL_094.JPG,0.004126500000040778,171
SIFT,DAY-1_UMKM_SKL_095.JPG,0.003203299999995579,145
SIFT,DAY-1_UMKM_SKL_096.JPG,0.004112300000031155,139
SIFT,DAY-1_UMKM_SKL_097.JPG,0.004147900000020854,66
SIFT,DAY-1_UMKM_SKL_098.JPG,0.003880299999991621,135
SIFT,DAY-1_UMKM_SKL_099.JPG,0.0033894000000032065,64
SIFT,DAY-1_UMKM_SKL_100.JPG,0.0033237000000099215,64
SIFT,DAY-1_UMKM_SKL_101.JPG,0.003574999999955253,114
SIFT,DAY-1_UMKM_SKL_102.JPG,0.0040723999999841,159
SIFT,DAY-1_UMKM_SKL_103.JPG,0.004727500000001328,114
SIFT,DAY-1_UMKM_SKL_104.JPG,0.004448299999978644,182
SIFT,DAY-1_UMKM_SKL_105.JPG,0.003094599999997172,84
SIFT,DAY-1_UMKM_SKL_106.JPG,0.0036560000000349646,206
SIFT,DAY-1_UMKM_SKL_107.JPG,0.007007100000009814,112
SIFT,DAY-1_UMKM_SKL_108.JPG,0.006900900000005095,194
SIFT,DAY-1_UMKM_SKL_109.JPG,0.0031758000000081665,60
SIFT,DAY-1_UMKM_SKL_110.JPG,0.003692999999998392,217
SIFT,DAY-1_UMKM_SKL_111.JPG,0.0037255999999956657,158
SIFT,DAY-1_UMKM_SKL_112.JPG,0.0035143000000061875,157
SIFT,DAY-1_UMKM_SKL_113.JPG,0.003266499999995176,74
SIFT,DAY-1_UMKM_SKL_114.JPG,0.004087700000013683,172
SIFT,DAY-1_UMKM_SKL_115.JPG,0.003985199999988254,172
SIFT,DAY-1_UMKM_SKL_116.JPG,0.0033840000000395776,84
SIFT,DAY-1_UMKM_SKL_117.JPG,0.0038759999999911088,116
SIFT,DAY-1_UMKM_SKL_118.JPG,0.004059199999971952,106
SIFT,DAY-1_UMKM_SKL_119.JPG,0.005616599999996197,194
SIFT,DAY-1_UMKM_SKL_120.JPG,0.005340700000033394,154
SIFT,DAY-1_UMKM_SKL_121.JPG,0.004093500000010408,107
SIFT,DAY-1_UMKM_SKL_122.JPG,0.004102999999986423,172
SIFT,DAY-1_UMKM_SKL_123.JPG,0.005112400000029993,225
SIFT,DAY-1_UMKM_SKL_124.JPG,0.003347899999994297,60
SIFT,DAY-1_UMKM_SKL_125.JPG,0.003725099999996928,107
SIFT,DAY-1_UMKM_SKL_126.JPG,0.0036243000000126813,156
SIFT,DAY-1_UMKM_SKL_127.JPG,0.0030349000000455817,84
SIFT,DAY-1_UMKM_SKL_128.JPG,0.002996599999960381,76
SIFT,DAY-1_UMKM_SKL_129.JPG,0.004177499999968859,174
SIFT,DAY-1_UMKM_SKL_130.JPG,0.0031147999999916465,94
SIFT,DAY-1_UMKM_SKL_131.JPG,0.0032552999999779786,91
SIFT,DAY-1_UMKM_SKL_132.JPG,0.0034145999999850574,137
SIFT,DAY-1_UMKM_SKL_133.JPG,0.004492400000003727,225
SIFT,DAY-1_UMKM_SKL_134.JPG,0.00397970000000214,145
SIFT,DAY-1_UMKM_SKL_135.JPG,0.004679600000031314,111
SIFT,DAY-1_UMKM_SKL_136.JPG,0.0036262999999507883,144
SIFT,DAY-1_UMKM_SKL_137.JPG,0.003744100000005801,156
SIFT,DAY-1_UMKM_SKL_138.JPG,0.0042009999999663705,246
SIFT,DAY-1_UMKM_SKL_139.JPG,0.00495589999997037,83
SIFT,DAY-1_UMKM_SKL_140.JPG,0.0036539000000175292,127
SIFT,DAY-1_UMKM_SMC_001.JPG,0.0043147000000089974,299
SIFT,DAY-1_UMKM_SMC_003.JPG,0.0055801999999971486,266
SIFT,DAY-1_UMKM_SMC_004.JPG,0.008647099999961938,418
SIFT,DAY-1_UMKM_SMC_005.JPG,0.008843000000013035,430
SIFT,DAY-1_UMKM_SMC_006.JPG,0.007825599999989663,478
SIFT,DAY-1_UMKM_SMC_007.JPG,0.007470699999998942,542
SIFT,DAY-1_UMKM_SMC_008.JPG,0.006007000000010976,331
SIFT,DAY-1_UMKM_SMC_009.JPG,0.008546800000033272,486
SIFT,DAY-1_UMKM_SMC_010.JPG,0.010023799999999028,562
SIFT,DAY-1_UMKM_SMC_011.JPG,0.00769070000001193,474
SIFT,DAY-1_UMKM_SMC_013.JPG,0.008102300000018658,365
SIFT,DAY-1_UMKM_SMC_014.JPG,0.009488200000021152,610
SIFT,DAY-1_UMKM_SMC_015.JPG,0.006424799999990682,444
SIFT,DAY-1_UMKM_SMC_016.JPG,0.007059599999990951,458
SIFT,DAY-1_UMKM_SMC_017.JPG,0.00797210000001769,496
SIFT,DAY-1_UMKM_SMC_018.JPG,0.007800799999984065,471
SIFT,DAY-1_UMKM_SMC_019.JPG,0.005393199999957687,433
SIFT,DAY-1_UMKM_SMC_021.JPG,0.007572299999992538,432
SIFT,DAY-1_UMKM_SMC_022.JPG,0.007254299999999603,450
SIFT,DAY-1_UMKM_SMC_023.JPG,0.008803999999997814,480
SIFT,DAY-1_UMKM_SMC_025.JPG,0.007561699999996563,443
SIFT,DAY-1_UMKM_SMC_027.JPG,0.011141000000009171,627
SIFT,DAY-1_UMKM_SMC_029.JPG,0.008529600000031223,494
SIFT,DAY-1_UMKM_SMC_030.JPG,0.009727300000008654,531
SIFT,DAY-1_UMKM_SMC_031.JPG,0.006992999999965832,369
SIFT,DAY-1_UMKM_SMC_032.JPG,0.007401500000014494,532
SIFT,DAY-1_UMKM_SMC_033.JPG,0.009924399999988509,556
SIFT,DAY-1_UMKM_SMC_034.JPG,0.009276999999997315,559
SIFT,DAY-1_UMKM_SMC_035.JPG,0.008899600000006558,483
SIFT,DAY-1_UMKM_SMC_036.JPG,0.010745999999983269,512
SIFT,DAY-1_UMKM_SMC_037.JPG,0.007769499999994878,443
SIFT,DAY-1_UMKM_SMC_038.JPG,0.008386199999961264,403
SIFT,DAY-1_UMKM_SMC_039.JPG,0.009802999999976691,543
SIFT,DAY-1_UMKM_SMC_041.JPG,0.007548699999972541,431
SIFT,DAY-1_UMKM_SMC_042.JPG,0.006651700000020355,369
SIFT,DAY-1_UMKM_SMC_043.JPG,0.010781299999962357,654
SIFT,DAY-1_UMKM_SMC_044.JPG,0.009953900000027716,554
SIFT,DAY-1_UMKM_SMC_045.JPG,0.008835000000033233,575
SIFT,DAY-1_UMKM_SMC_046.JPG,0.008689100000026428,530
SIFT,DAY-1_UMKM_SMC_047.JPG,0.007542199999988952,356
SIFT,DAY-1_UMKM_SMC_048.JPG,0.0065495999999711785,347
SIFT,DAY-1_UMKM_SMC_049.JPG,0.004938799999990806,282
SIFT,DAY-1_UMKM_SMC_051.JPG,0.007923900000037065,354
SIFT,DAY-1_UMKM_SMC_052.JPG,0.007140600000013819,331
SIFT,DAY-1_UMKM_SMC_053.JPG,0.008315299999992476,359
SIFT,DAY-1_UMKM_SMC_054.JPG,0.008846199999993587,485
SIFT,DAY-1_UMKM_SMC_055.JPG,0.005019199999992452,346
SIFT,DAY-1_UMKM_SMC_056.JPG,0.005866400000002159,349
SIFT,DAY-1_UMKM_SMC_057.JPG,0.004796600000020135,245
SIFT,DAY-1_UMKM_SMC_058.JPG,0.0052984000000151354,373
SIFT,DAY-1_UMKM_SMC_059.JPG,0.008769999999969968,452
SIFT,DAY-1_UMKM_SMC_061.JPG,0.01241379999999026,489
SIFT,DAY-1_UMKM_SMC_063.JPG,0.006178200000022116,298
SIFT,DAY-1_UMKM_SMC_064.JPG,0.005193499999961659,227
SIFT,DAY-1_UMKM_SMC_065.JPG,0.006651799999985997,355
SIFT,DAY-1_UMKM_SMC_067.JPG,0.00739800000002333,490
SIFT,DAY-1_UMKM_SMC_068.JPG,0.007993599999963408,483
SIFT,DAY-1_UMKM_SMC_069.JPG,0.007493800000020201,420
SIFT,DAY-1_UMKM_SMC_071.JPG,0.007436400000017329,375
SIFT,DAY-1_UMKM_SMC_072.JPG,0.007764600000029986,426
SIFT,DAY-1_UMKM_SMC_073.JPG,0.008284600000024511,445
SIFT,DAY-1_UMKM_SMC_074.JPG,0.007392600000002858,323
SIFT,DAY-1_UMKM_SMC_075.JPG,0.007549100000005637,385
SIFT,DAY-1_UMKM_SMC_076.JPG,0.008797400000048583,462
SIFT,DAY-1_UMKM_SMC_077.JPG,0.00791900000001533,432
SIFT,DAY-1_UMKM_SMC_078.JPG,0.00920739999997977,507
SIFT,DAY-1_UMKM_SMC_079.JPG,0.008233299999972132,343
SIFT,DAY-1_UMKM_SMC_080.JPG,0.00941070000004629,557
SIFT,DAY-1_UMKM_SMC_081.JPG,0.007826599999987138,336
SIFT,DAY-1_UMKM_SMC_082.JPG,0.005108400000040092,361
SIFT,DAY-1_UMKM_SMC_083.JPG,0.009602100000051905,444
SIFT,DAY-1_UMKM_SMC_084.JPG,0.007605500000011034,378
SIFT,DAY-1_UMKM_SMC_085.JPG,0.005737000000010539,349
SIFT,DAY-1_UMKM_SMC_086.JPG,0.0048586999999997715,59
SIFT,DAY-1_UMKM_SMC_087.JPG,0.007210000000043237,445
SIFT,DAY-1_UMKM_SMC_088.JPG,0.008559199999979228,603
SIFT,DAY-1_UMKM_SMC_089.JPG,0.007168400000011843,270
SIFT,DAY-1_UMKM_SMC_090.JPG,0.006257800000014413,480
SIFT,DAY-1_UMKM_SMC_091.JPG,0.0036498000000051434,82
SIFT,DAY-1_UMKM_SMC_092.JPG,0.004840699999988374,262
SIFT,DAY-1_UMKM_SMC_093.JPG,0.004990499999962594,199
SIFT,DAY-1_UMKM_SMC_094.JPG,0.004614699999990535,246
SIFT,DAY-1_UMKM_SMC_095.JPG,0.005994499999985692,353
SIFT,DAY-1_UMKM_SMC_096.JPG,0.007073399999967478,433
SIFT,DAY-1_UMKM_SMC_097.JPG,0.0038656000000401036,113
SIFT,DAY-1_UMKM_SMC_098.JPG,0.005004600000006576,353
SIFT,DAY-1_UMKM_SMC_099.JPG,0.007419900000002144,472
SIFT,DAY-1_UMKM_SMC_100.JPG,0.007125700000017332,335
SIFT,DAY-1_UMKM_SMC_101.JPG,0.005946100000016941,241
SIFT,DAY-1_UMKM_SMC_102.JPG,0.004892100000006394,253
SIFT,DAY-1_UMKM_SMC_103.JPG,0.005767100000014125,299
SIFT,DAY-1_UMKM_SMC_104.JPG,0.005380299999956151,255
SIFT,DAY-1_UMKM_SMC_105.JPG,0.006618399999979374,537
SIFT,DAY-1_UMKM_SMC_107.JPG,0.006729899999982081,507
SIFT,DAY-1_UMKM_SMC_108.JPG,0.005297100000007049,368
SIFT,DAY-1_UMKM_SMC_109.JPG,0.008884899999998197,295
SIFT,DAY-1_UMKM_SMC_110.JPG,0.008304800000018986,486
SIFT,DAY-1_UMKM_SMC_111.JPG,0.004229699999996228,226
SIFT,DAY-1_UMKM_SMC_112.JPG,0.004977899999971669,205
SIFT,DAY-1_UMKM_SMC_113.JPG,0.005366600000002109,282
SIFT,DAY-1_UMKM_SMC_115.JPG,0.005041700000049332,284
SIFT,DAY-1_UMKM_SMC_116.JPG,0.0050079999999752545,233
SIFT,DAY-1_UMKM_SMC_117.JPG,0.004221000000029562,119
SIFT,DAY-1_UMKM_SMC_118.JPG,0.0075989999999706015,206
SIFT,DAY-1_UMKM_SMC_119.JPG,0.00740760000002183,267
SIFT,DAY-1_UMKM_SMC_120.JPG,0.005854999999996835,334
SIFT,DAY-1_UMKM_SMC_121.JPG,0.007677200000046014,330
SIFT,DAY-1_UMKM_SMC_123.JPG,0.005416400000001431,299
SIFT,DAY-1_UMKM_SMC_124.JPG,0.004243200000018987,149
SIFT,DAY-1_UMKM_SMC_125.JPG,0.0073269999999752145,443
SIFT,DAY-1_UMKM_SMC_126.JPG,0.007888299999990522,355
SIFT,DAY-1_UMKM_SMC_127.JPG,0.007922500000006494,411
SIFT,DAY-1_UMKM_SMC_128.JPG,0.008466100000021015,406
SIFT,DAY-1_UMKM_SMC_129.JPG,0.008219100000019353,414
SIFT,DAY-1_UMKM_SMC_130.JPG,0.009278499999993528,607
SIFT,DAY-1_UMKM_SMC_131.JPG,0.008000700000025063,508
SIFT,DAY-1_UMKM_SMC_132.JPG,0.0072303000000033535,424
SIFT,DAY-1_UMKM_SMC_133.JPG,0.005717499999946085,319
SIFT,DAY-1_UMKM_SMC_134.JPG,0.006174799999996594,326
SIFT,DAY-1_UMKM_SMC_135.JPG,0.008153399999969224,354
SIFT,DAY-1_UMKM_SMC_136.JPG,0.009302999999988515,402
SIFT,DAY-1_UMKM_SMC_137.JPG,0.006141799999966224,284
SIFT,DAY-1_UMKM_SMC_138.JPG,0.006143999999949301,359
SIFT,DAY-1_UMKM_SMC_139.JPG,0.008909099999982573,460
SIFT,DAY-1_UMKM_SMC_140.JPG,0.01041960000003428,442
SIFT,DAY-2_RPH_HDM_001.JPG,0.0025835000000142827,37
SIFT,DAY-2_RPH_HDM_002.JPG,0.002371199999970486,8
SIFT,DAY-2_RPH_HDM_003.JPG,0.0021457999999938693,23
SIFT,DAY-2_RPH_HDM_004.JPG,0.0024778999999739426,39
SIFT,DAY-2_RPH_HDM_005.JPG,0.003609699999969962,13
SIFT,DAY-2_RPH_HDM_006.JPG,0.0038488000000143074,26
SIFT,DAY-2_RPH_HDM_007.JPG,0.0029948000000104003,12
SIFT,DAY-2_RPH_HDM_008.JPG,0.002863699999977598,51
SIFT,DAY-2_RPH_HDM_009.JPG,0.003948799999989205,60
SIFT,DAY-2_RPH_HDM_010.JPG,0.004779699999971854,130
SIFT,DAY-2_RPH_HDM_011.JPG,0.002338100000031318,45
SIFT,DAY-2_RPH_HDM_012.JPG,0.0024866999999630934,27
SIFT,DAY-2_RPH_HDM_013.JPG,0.0037916999999652035,36
SIFT,DAY-2_RPH_HDM_014.JPG,0.0030229000000190354,93
SIFT,DAY-2_RPH_HDM_015.JPG,0.0022753000000079737,28
SIFT,DAY-2_RPH_HDM_016.JPG,0.0027291999999761174,72
SIFT,DAY-2_RPH_HDM_017.JPG,0.0024798000000032516,18
SIFT,DAY-2_RPH_HDM_018.JPG,0.0028323000000227694,58
SIFT,DAY-2_RPH_HDM_019.JPG,0.0029593000000431857,146
SIFT,DAY-2_RPH_HDM_020.JPG,0.002250400000036734,42
SIFT,DAY-2_RPH_HDM_021.JPG,0.002289500000017597,20
SIFT,DAY-2_RPH_HDM_022.JPG,0.0024158999999599473,64
SIFT,DAY-2_RPH_HDM_023.JPG,0.002286900000001424,21
SIFT,DAY-2_RPH_HDM_024.JPG,0.0021224000000188425,28
SIFT,DAY-2_RPH_HDM_025.JPG,0.002076000000045042,13
SIFT,DAY-2_RPH_HDM_026.JPG,0.002227499999946758,26
SIFT,DAY-2_RPH_HDM_027.JPG,0.0026306999999974323,23
SIFT,DAY-2_RPH_HDM_028.JPG,0.0027474999999981264,101
SIFT,DAY-2_RPH_HDM_029.JPG,0.0035027999999783788,36
SIFT,DAY-2_RPH_HDM_030.JPG,0.003539299999999912,76
SIFT,DAY-2_RPH_HDM_031.JPG,0.0032102000000122644,66
SIFT,DAY-2_RPH_HDM_032.JPG,0.0036784999999781576,85
SIFT,DAY-2_RPH_HDM_033.JPG,0.00236250000000382,12
SIFT,DAY-2_RPH_HDM_034.JPG,0.0028718000000367283,69
SIFT,DAY-2_RPH_HDM_035.JPG,0.0022442999999725544,43
SIFT,DAY-2_RPH_HDM_036.JPG,0.002461400000015601,44
SIFT,DAY-2_RPH_HDM_037.JPG,0.0032348999999953776,90
SIFT,DAY-2_RPH_HDM_038.JPG,0.0032375000000115506,34
SIFT,DAY-2_RPH_HDM_039.JPG,0.0025749000000132582,11
SIFT,DAY-2_RPH_HDM_040.JPG,0.003689400000041587,45
SIFT,DAY-2_RPH_HDM_041.JPG,0.003127399999982572,41
SIFT,DAY-2_RPH_HDM_042.JPG,0.00392180000000053,86
SIFT,DAY-2_RPH_HDM_043.JPG,0.0027257999999505955,44
SIFT,DAY-2_RPH_HDM_044.JPG,0.0027130999999940286,102
SIFT,DAY-2_RPH_HDM_045.JPG,0.0035224999999741158,26
SIFT,DAY-2_RPH_HDM_046.JPG,0.0035040999999864653,55
SIFT,DAY-2_RPH_HDM_047.JPG,0.0036410000000159926,36
SIFT,DAY-2_RPH_HDM_048.JPG,0.0032588000000259854,91
SIFT,DAY-2_RPH_HDM_049.JPG,0.003802600000028633,85
SIFT,DAY-2_RPH_HDM_050.JPG,0.004054499999995187,94
SIFT,DAY-2_RPH_HDM_051.JPG,0.0031716999999957807,24
SIFT,DAY-2_RPH_HDM_052.JPG,0.00332819999999856,85
SIFT,DAY-2_RPH_HDM_053.JPG,0.0030803999999875487,71
SIFT,DAY-2_RPH_HDM_054.JPG,0.00449020000002065,125
SIFT,DAY-2_RPH_HDM_055.JPG,0.0038410999999882733,84
SIFT,DAY-2_RPH_HDM_056.JPG,0.003246799999999439,94
SIFT,DAY-2_RPH_HDM_057.JPG,0.0026195000000370783,26
SIFT,DAY-2_RPH_HDM_058.JPG,0.0026033000000325046,63
SIFT,DAY-2_RPH_HDM_059.JPG,0.0029360000000338005,46
SIFT,DAY-2_RPH_HDM_060.JPG,0.0030209999999897263,52
SIFT,DAY-2_RPH_HDM_061.JPG,0.0026900999999952546,40
SIFT,DAY-2_RPH_HDM_062.JPG,0.002451199999995879,51
SIFT,DAY-2_RPH_HDM_063.JPG,0.0026025000000231557,56
SIFT,DAY-2_RPH_HDM_064.JPG,0.0025683999999728258,46
SIFT,DAY-2_RPH_HDM_065.JPG,0.0026432999999883577,30
SIFT,DAY-2_RPH_HDM_066.JPG,0.002814600000021983,83
SIFT,DAY-2_RPH_HDM_067.JPG,0.003911399999992682,48
SIFT,DAY-2_RPH_HDM_068.JPG,0.004046500000015385,71
SIFT,DAY-2_RPH_HDM_069.JPG,0.0026884000000109154,18
SIFT,DAY-2_RPH_HDM_070.JPG,0.0029078000000026805,16
SIFT,DAY-2_RPH_HDM_071.JPG,0.003425800000002255,20
SIFT,DAY-2_RPH_HDM_072.JPG,0.0034668000000124266,145
SIFT,DAY-2_RPH_HDM_073.JPG,0.0031695999999783453,34
SIFT,DAY-2_RPH_HDM_074.JPG,0.0028772000000003572,94
SIFT,DAY-2_RPH_HDM_075.JPG,0.0024384999999824686,35
SIFT,DAY-2_RPH_HDM_076.JPG,0.002736400000003414,58
SIFT,DAY-2_RPH_HDM_077.JPG,0.0035914000000047963,44
SIFT,DAY-2_RPH_HDM_078.JPG,0.0035269999999627544,141
SIFT,DAY-2_RPH_HDM_079.JPG,0.0024480999999809683,31
SIFT,DAY-2_RPH_HDM_080.JPG,0.0025683000000071843,42
SIFT,DAY-2_RPH_HDM_081.JPG,0.0028576999999927466,44
SIFT,DAY-2_RPH_HDM_082.JPG,0.0034859000000437845,106
SIFT,DAY-2_RPH_HDM_083.JPG,0.0030259999999771026,24
SIFT,DAY-2_RPH_HDM_084.JPG,0.003553099999976439,171
SIFT,DAY-2_RPH_HDM_085.JPG,0.002249599999970542,23
SIFT,DAY-2_RPH_HDM_086.JPG,0.002536300000031133,72
SIFT,DAY-2_RPH_HDM_087.JPG,0.0031851999999616964,27
SIFT,DAY-2_RPH_HDM_088.JPG,0.0029968000000053507,92
SIFT,DAY-2_RPH_HDM_089.JPG,0.0025158999999916887,13
SIFT,DAY-2_RPH_HDM_090.JPG,0.0037919999999758147,74
SIFT,DAY-2_RPH_HDM_091.JPG,0.002638499999989108,22
SIFT,DAY-2_RPH_HDM_092.JPG,0.0030070999999907144,99
SIFT,DAY-2_RPH_HDM_093.JPG,0.0029569999999807806,32
SIFT,DAY-2_RPH_HDM_094.JPG,0.0036057000000369044,82
SIFT,DAY-2_RPH_HDM_095.JPG,0.003994799999986753,39
SIFT,DAY-2_RPH_HDM_096.JPG,0.004520499999955518,158
SIFT,DAY-2_RPH_HDM_097.JPG,0.004425400000002355,24
SIFT,DAY-2_RPH_HDM_098.JPG,0.002988800000025549,69
SIFT,DAY-2_RPH_HDM_099.JPG,0.0024167000000261396,34
SIFT,DAY-2_RPH_HDM_100.JPG,0.0021308000000317406,30
SIFT,DAY-2_RPH_HDM_101.JPG,0.0036498000000051434,36
SIFT,DAY-2_RPH_HDM_102.JPG,0.0036142999999810854,61
SIFT,DAY-2_RPH_HDM_103.JPG,0.0026488999999969565,40
SIFT,DAY-2_RPH_HDM_104.JPG,0.002581099999986236,63
SIFT,DAY-2_RPH_HDM_105.JPG,0.002952600000014627,41
SIFT,DAY-2_RPH_HDM_106.JPG,0.0031371000000035565,88
SIFT,DAY-2_RPH_HDM_107.JPG,0.003099400000053265,41
SIFT,DAY-2_RPH_HDM_108.JPG,0.0031457999999702224,74
SIFT,DAY-2_RPH_HDM_109.JPG,0.003051400000003923,137
SIFT,DAY-2_RPH_HDM_110.JPG,0.002837800000008883,38
SIFT,DAY-2_RPH_HDM_111.JPG,0.0023881999999844084,12
SIFT,DAY-2_RPH_HDM_112.JPG,0.0028615000000513646,44
SIFT,DAY-2_RPH_HDM_113.JPG,0.002369999999984884,17
SIFT,DAY-2_RPH_HDM_114.JPG,0.00246110000000499,41
SIFT,DAY-2_RPH_HDM_115.JPG,0.002546800000004623,45
SIFT,DAY-2_RPH_HDM_116.JPG,0.0030624999999986358,56
SIFT,DAY-2_RPH_HDM_117.JPG,0.0026429999999777465,29
SIFT,DAY-2_RPH_HDM_118.JPG,0.002673300000026302,24
SIFT,DAY-2_RPH_HDM_119.JPG,0.0036992999999938547,47
SIFT,DAY-2_RPH_HDM_120.JPG,0.004289299999982177,52
SIFT,DAY-2_RPH_HDM_121.JPG,0.0027886999999964246,32
SIFT,DAY-2_RPH_HDM_122.JPG,0.003321999999968739,108
SIFT,DAY-2_RPH_HDM_123.JPG,0.0026849999999853935,34
SIFT,DAY-2_RPH_HDM_124.JPG,0.0026652999999896565,48
SIFT,DAY-2_RPH_HDM_125.JPG,0.0025511000000051354,26
SIFT,DAY-2_RPH_HDM_126.JPG,0.002744800000016312,54
SIFT,DAY-2_RPH_HDM_127.JPG,0.0025021000000151616,55
SIFT,DAY-2_RPH_HDM_128.JPG,0.002577300000041305,33
SIFT,DAY-2_RPH_HDM_129.JPG,0.002580099999988761,26
SIFT,DAY-2_RPH_HDM_130.JPG,0.0025353999999992993,46
SIFT,DAY-2_RPH_HDM_131.JPG,0.0023938999999586486,11
SIFT,DAY-2_RPH_HDM_132.JPG,0.0027628999999933512,91
SIFT,DAY-2_RPH_HDM_133.JPG,0.002761099999986527,50
SIFT,DAY-2_RPH_HDM_134.JPG,0.0032541999999580185,72
SIFT,DAY-2_RPH_HDM_135.JPG,0.0028892000000269036,35
SIFT,DAY-2_RPH_HDM_136.JPG,0.002623099999993883,40
SIFT,DAY-2_RPH_HDM_137.JPG,0.002210900000022775,23
SIFT,DAY-2_RPH_HDM_138.JPG,0.0028071000000409185,29
SIFT,DAY-2_RPH_HDM_139.JPG,0.004133900000056201,26
SIFT,DAY-2_RPH_HDM_140.JPG,0.004098699999985911,70
SIFT,DAY-2_RPH_HLR_001.JPG,0.0022194000000013148,9
SIFT,DAY-2_RPH_HLR_002.JPG,0.002145499999983258,49
SIFT,DAY-2_RPH_HLR_003.JPG,0.002173700000014378,30
SIFT,DAY-2_RPH_HLR_004.JPG,0.0023199999999974352,53
SIFT,DAY-2_RPH_HLR_005.JPG,0.0016993000000411485,21
SIFT,DAY-2_RPH_HLR_006.JPG,0.002175600000043687,45
SIFT,DAY-2_RPH_HLR_007.JPG,0.001370699999995395,2
SIFT,DAY-2_RPH_HLR_008.JPG,0.0016449999999963438,5
SIFT,DAY-2_RPH_HLR_009.JPG,0.0017988000000173088,4
SIFT,DAY-2_RPH_HLR_010.JPG,0.0021320999999829837,26
SIFT,DAY-2_RPH_HLR_011.JPG,0.0026205000000345535,200
SIFT,DAY-2_RPH_HLR_012.JPG,0.0016744000000130654,7
SIFT,DAY-2_RPH_HLR_013.JPG,0.0019654000000173255,19
SIFT,DAY-2_RPH_HLR_015.JPG,0.001761100000010174,1
SIFT,DAY-2_RPH_HLR_016.JPG,0.0019287999999733074,9
SIFT,DAY-2_RPH_HLR_017.JPG,0.0019184999999879437,5
SIFT,DAY-2_RPH_HLR_018.JPG,0.0019505000000208383,10
SIFT,DAY-2_RPH_HLR_019.JPG,0.0019425000000410364,22
SIFT,DAY-2_RPH_HLR_020.JPG,0.002283900000008998,29
SIFT,DAY-2_RPH_HLR_021.JPG,0.00191869999997607,6
SIFT,DAY-2_RPH_HLR_022.JPG,0.0018594000000007327,3
SIFT,DAY-2_RPH_HLR_023.JPG,0.0017697000000111984,4
SIFT,DAY-2_RPH_HLR_024.JPG,0.0021954000000050655,30
SIFT,DAY-2_RPH_HLR_025.JPG,0.002034399999956804,12
SIFT,DAY-2_RPH_HLR_026.JPG,0.002416100000004917,34
SIFT,DAY-2_RPH_HLR_027.JPG,0.00401840000000675,1
SIFT,DAY-2_RPH_HLR_028.JPG,0.0017877999999882377,18
SIFT,DAY-2_RPH_HLR_029.JPG,0.0022245999999768173,23
SIFT,DAY-2_RPH_HLR_030.JPG,0.0022706999999968502,36
SIFT,DAY-2_RPH_HLR_031.JPG,0.0032661000000189233,214
SIFT,DAY-2_RPH_HLR_032.JPG,0.0034941999999773543,184
SIFT,DAY-2_RPH_HLR_033.JPG,0.0025487999999995736,31
SIFT,DAY-2_RPH_HLR_034.JPG,0.0024693000000297616,20
SIFT,DAY-2_RPH_HLR_035.JPG,0.002507500000035634,171
SIFT,DAY-2_RPH_HLR_036.JPG,0.0027094999999803804,204
SIFT,DAY-2_RPH_HLR_037.JPG,0.00497840000002725,91
SIFT,DAY-2_RPH_HLR_038.JPG,0.001826699999980974,25
SIFT,DAY-2_RPH_HLR_040.JPG,0.0017477999999755411,8
SIFT,DAY-2_RPH_HLR_041.JPG,0.0020130999999992127,32
SIFT,DAY-2_RPH_HLR_042.JPG,0.002385299999957624,82
SIFT,DAY-2_RPH_HLR_043.JPG,0.002494699999999739,194
SIFT,DAY-2_RPH_HLR_044.JPG,0.0016620999999759078,10
SIFT,DAY-2_RPH_HLR_045.JPG,0.002484100000003764,165
SIFT,DAY-2_RPH_HLR_046.JPG,0.002583700000002409,172
SIFT,DAY-2_RPH_HLR_047.JPG,0.002199899999993704,23
SIFT,DAY-2_RPH_HLR_048.JPG,0.002259200000025885,30
SIFT,DAY-2_RPH_HLR_049.JPG,0.0025684999999953106,34
SIFT,DAY-2_RPH_HLR_050.JPG,0.002810399999987112,37
SIFT,DAY-2_RPH_HLR_051.JPG,0.00249389999999039,168
SIFT,DAY-2_RPH_HLR_052.JPG,0.0026904999999715073,183
SIFT,DAY-2_RPH_HLR_053.JPG,0.002197400000000016,10
SIFT,DAY-2_RPH_HLR_054.JPG,0.0021770999999830565,35
SIFT,DAY-2_RPH_HLR_055.JPG,0.0015942999999651875,8
SIFT,DAY-2_RPH_HLR_056.JPG,0.0018360999999913474,11
SIFT,DAY-2_RPH_HLR_057.JPG,0.0018703000000073189,9
SIFT,DAY-2_RPH_HLR_058.JPG,0.002355500000021493,38
SIFT,DAY-2_RPH_HLR_059.JPG,0.003172000000006392,183
SIFT,DAY-2_RPH_HLR_060.JPG,0.002119199999981447,19
SIFT,DAY-2_RPH_HLR_062.JPG,0.00205140000002757,38
SIFT,DAY-2_RPH_HLR_063.JPG,0.0021088999999960834,44
SIFT,DAY-2_RPH_HLR_064.JPG,0.002034399999956804,19
SIFT,DAY-2_RPH_HLR_065.JPG,0.0023468999999636253,31
SIFT,DAY-2_RPH_HLR_066.JPG,0.002500100000020211,50
SIFT,DAY-2_RPH_HLR_067.JPG,0.002651599999978771,174
SIFT,DAY-2_RPH_HLR_068.JPG,0.002052800000001298,16
SIFT,DAY-2_RPH_HLR_069.JPG,0.002219000000025062,87
SIFT,DAY-2_RPH_HLR_070.JPG,0.0019954999999640677,17
SIFT,DAY-2_RPH_HLR_071.JPG,0.0027832000000103108,50
SIFT,DAY-2_RPH_HLR_072.JPG,0.0020187000000078115,6
SIFT,DAY-2_RPH_HLR_073.JPG,0.002026900000032583,37
SIFT,DAY-2_RPH_HLR_074.JPG,0.0019892000000254484,12
SIFT,DAY-2_RPH_HLR_075.JPG,0.0023806000000377026,32
SIFT,DAY-2_RPH_HLR_076.JPG,0.0024792999999476706,74
SIFT,DAY-2_RPH_HLR_078.JPG,0.001839899999993122,30
SIFT,DAY-2_RPH_HLR_079.JPG,0.0020265999999651285,33
SIFT,DAY-2_RPH_HLR_080.JPG,0.002227699999991728,73
SIFT,DAY-2_RPH_HLR_081.JPG,0.002145600000005743,28
SIFT,DAY-2_RPH_HLR_082.JPG,0.001861500000018168,25
SIFT,DAY-2_RPH_HLR_083.JPG,0.001961600000015551,42
SIFT,DAY-2_RPH_HLR_084.JPG,0.0019811000000231616,22
SIFT,DAY-2_RPH_HLR_085.JPG,0.0025359999999636784,105
SIFT,DAY-2_RPH_HLR_086.JPG,0.0017793000000096981,27
SIFT,DAY-2_RPH_HLR_087.JPG,0.002485300000046209,66
SIFT,DAY-2_RPH_HLR_088.JPG,0.0024702999999703934,42
SIFT,DAY-2_RPH_HLR_089.JPG,0.0019853999999668304,12
SIFT,DAY-2_RPH_HLR_090.JPG,0.0023482999999941967,11
SIFT,DAY-2_RPH_HLR_091.JPG,0.0023697000000311164,11
SIFT,DAY-2_RPH_HLR_092.JPG,0.0027248000000099637,29
SIFT,DAY-2_RPH_HLR_094.JPG,0.0022976000000198837,29
SIFT,DAY-2_RPH_HLR_095.JPG,0.004510100000004513,28
SIFT,DAY-2_RPH_HLR_096.JPG,0.004162900000039826,60
SIFT,DAY-2_RPH_HLR_097.JPG,0.0024129999999900065,19
SIFT,DAY-2_RPH_HLR_098.JPG,0.002602299999978186,29
SIFT,DAY-2_RPH_HLR_099.JPG,0.002453699999989567,24
SIFT,DAY-2_RPH_HLR_100.JPG,0.0023444000000267806,23
SIFT,DAY-2_RPH_HLR_101.JPG,0.0029265000000009422,40
SIFT,DAY-2_RPH_HLR_102.JPG,0.002608600000030492,33
SIFT,DAY-2_RPH_HLR_103.JPG,0.0025293000000488064,12
SIFT,DAY-2_RPH_HLR_104.JPG,0.002803499999970427,33
SIFT,DAY-2_RPH_HLR_105.JPG,0.004401199999961136,21
SIFT,DAY-2_RPH_HLR_106.JPG,0.004636399999981222,88
SIFT,DAY-2_RPH_HLR_107.JPG,0.002579100000048129,7
SIFT,DAY-2_RPH_HLR_109.JPG,0.0023687999999992826,14
SIFT,DAY-2_RPH_HLR_110.JPG,0.002414999999984957,35
SIFT,DAY-2_RPH_HLR_111.JPG,0.0031974000000332126,13
SIFT,DAY-2_RPH_HLR_112.JPG,0.0029956999999853906,21
SIFT,DAY-2_RPH_HLR_113.JPG,0.002564699999993536,18
SIFT,DAY-2_RPH_HLR_114.JPG,0.0027413000000251486,49
SIFT,DAY-2_RPH_HLR_115.JPG,0.0025689999999940483,4
SIFT,DAY-2_RPH_HLR_116.JPG,0.0036670999999728338,87
SIFT,DAY-2_RPH_HLR_117.JPG,0.0044158000000038555,39
SIFT,DAY-2_RPH_HLR_118.JPG,0.004971500000010565,69
SIFT,DAY-2_RPH_HLR_119.JPG,0.0032850000000053114,23
SIFT,DAY-2_RPH_HLR_120.JPG,0.003205600000001141,64
SIFT,DAY-2_RPH_HLR_121.JPG,0.0025016999999820655,21
SIFT,DAY-2_RPH_HLR_122.JPG,0.002591100000017832,57
SIFT,DAY-2_RPH_HLR_123.JPG,0.0022639999999682914,7
SIFT,DAY-2_RPH_HLR_124.JPG,0.0025626999999985856,42
SIFT,DAY-2_RPH_HLR_125.JPG,0.0029455999999754567,20
SIFT,DAY-2_RPH_HLR_126.JPG,0.0032044999999811807,33
SIFT,DAY-2_RPH_HLR_128.JPG,0.003132000000050539,67
SIFT,DAY-2_RPH_HLR_129.JPG,0.0021970000000237633,19
SIFT,DAY-2_RPH_HLR_130.JPG,0.0022177000000169755,28
SIFT,DAY-2_RPH_HLR_131.JPG,0.0029116999999700965,10
SIFT,DAY-2_RPH_HLR_132.JPG,0.004809300000033545,70
SIFT,DAY-2_RPH_HLR_133.JPG,0.002765899999985777,26
SIFT,DAY-2_RPH_HLR_134.JPG,0.002606399999990572,25
SIFT,DAY-2_RPH_HLR_135.JPG,0.002099399999963225,22
SIFT,DAY-2_RPH_HLR_136.JPG,0.0023841999999945074,28
SIFT,DAY-2_RPH_HLR_137.JPG,0.002361400000040703,15
SIFT,DAY-2_RPH_HLR_138.JPG,0.002477900000030786,40
SIFT,DAY-2_RPH_HLR_139.JPG,0.0031395999999972446,16
SIFT,DAY-2_RPH_HLR_140.JPG,0.0026899000000071283,57
SIFT,DAY-2_RPH_KLP_001.JPG,0.0026410000000396394,21
SIFT,DAY-2_RPH_KLP_002.JPG,0.002392100000008668,32
SIFT,DAY-2_RPH_KLP_003.JPG,0.002413499999988744,19
SIFT,DAY-2_RPH_KLP_004.JPG,0.0026312000000530134,10
SIFT,DAY-2_RPH_KLP_005.JPG,0.0038412999999763997,10
SIFT,DAY-2_RPH_KLP_006.JPG,0.0030861999999842737,40
SIFT,DAY-2_RPH_KLP_007.JPG,0.0039289999999709835,19
SIFT,DAY-2_RPH_KLP_008.JPG,0.003751500000021224,42
SIFT,DAY-2_RPH_KLP_009.JPG,0.0030088999999975385,19
SIFT,DAY-2_RPH_KLP_010.JPG,0.0025509999999826505,28
SIFT,DAY-2_RPH_KLP_011.JPG,0.002480800000000727,36
SIFT,DAY-2_RPH_KLP_012.JPG,0.002244600000040009,14
SIFT,DAY-2_RPH_KLP_013.JPG,0.002119999999990796,15
SIFT,DAY-2_RPH_KLP_014.JPG,0.002043599999979051,27
SIFT,DAY-2_RPH_KLP_015.JPG,0.002262800000039533,24
SIFT,DAY-2_RPH_KLP_016.JPG,0.0026884000000109154,61
SIFT,DAY-2_RPH_KLP_017.JPG,0.0027578000000403335,38
SIFT,DAY-2_RPH_KLP_018.JPG,0.0024537000000464104,39
SIFT,DAY-2_RPH_KLP_019.JPG,0.0022631999999589425,14
SIFT,DAY-2_RPH_KLP_020.JPG,0.002252199999986715,42
SIFT,DAY-2_RPH_KLP_021.JPG,0.0020499999999969987,19
SIFT,DAY-2_RPH_KLP_022.JPG,0.0020810999999980595,32
SIFT,DAY-2_RPH_KLP_023.JPG,0.0023494999999797983,21
SIFT,DAY-2_RPH_KLP_024.JPG,0.002402700000004643,32
SIFT,DAY-2_RPH_KLP_025.JPG,0.002608500000008007,58
SIFT,DAY-2_RPH_KLP_026.JPG,0.0030416999999829386,22
SIFT,DAY-2_RPH_KLP_027.JPG,0.0024815999999532323,10
SIFT,DAY-2_RPH_KLP_028.JPG,0.0026071000000342792,58
SIFT,DAY-2_RPH_KLP_029.JPG,0.0028568999999833977,23
SIFT,DAY-2_RPH_KLP_030.JPG,0.0024059000000420383,27
SIFT,DAY-2_RPH_KLP_031.JPG,0.002603699999951914,21
SIFT,DAY-2_RPH_KLP_032.JPG,0.002911299999993844,42
SIFT,DAY-2_RPH_KLP_033.JPG,0.002551000000039494,32
SIFT,DAY-2_RPH_KLP_034.JPG,0.0023461999999767613,37
SIFT,DAY-2_RPH_KLP_035.JPG,0.0025100999999949636,16
SIFT,DAY-2_RPH_KLP_036.JPG,0.002546399999971527,11
SIFT,DAY-2_RPH_KLP_037.JPG,0.0023175999999693886,20
SIFT,DAY-2_RPH_KLP_038.JPG,0.002170500000033826,14
SIFT,DAY-2_RPH_KLP_039.JPG,0.0022733999999786647,13
SIFT,DAY-2_RPH_KLP_040.JPG,0.002300999999988562,21
SIFT,DAY-2_RPH_KLP_041.JPG,0.002062599999987924,16
SIFT,DAY-2_RPH_KLP_042.JPG,0.0018724999999903957,14
SIFT,DAY-2_RPH_KLP_043.JPG,0.0021817999999598214,8
SIFT,DAY-2_RPH_KLP_044.JPG,0.002273000000002412,14
SIFT,DAY-2_RPH_KLP_045.JPG,0.0022308000000066386,14
SIFT,DAY-2_RPH_KLP_046.JPG,0.0023113999999964108,35
SIFT,DAY-2_RPH_KLP_047.JPG,0.002545599999962178,49
SIFT,DAY-2_RPH_KLP_048.JPG,0.0026715000000194777,20
SIFT,DAY-2_RPH_KLP_049.JPG,0.0021199000000251544,21
SIFT,DAY-2_RPH_KLP_050.JPG,0.0018092999999907988,13
SIFT,DAY-2_RPH_KLP_051.JPG,0.0023817000000008193,12
SIFT,DAY-2_RPH_KLP_052.JPG,0.002207099999964157,19
SIFT,DAY-2_RPH_KLP_053.JPG,0.0023702999999954955,29
SIFT,DAY-2_RPH_KLP_054.JPG,0.002581899999995585,15
SIFT,DAY-2_RPH_KLP_055.JPG,0.0018906000000242784,9
SIFT,DAY-2_RPH_KLP_056.JPG,0.002092899999979636,20
SIFT,DAY-2_RPH_KLP_057.JPG,0.0025577000000112093,24
SIFT,DAY-2_RPH_KLP_058.JPG,0.0027472000000443586,33
SIFT,DAY-2_RPH_KLP_059.JPG,0.0022049000000379237,8
SIFT,DAY-2_RPH_KLP_060.JPG,0.0021836999999891304,17
SIFT,DAY-2_RPH_KLP_061.JPG,0.0026392000000328153,26
SIFT,DAY-2_RPH_KLP_062.JPG,0.0024303000000145403,27
SIFT,DAY-2_RPH_KLP_063.JPG,0.002200800000025538,6
SIFT,DAY-2_RPH_KLP_064.JPG,0.0026262000000087937,47
SIFT,DAY-2_RPH_KLP_065.JPG,0.002601300000037554,22
SIFT,DAY-2_RPH_KLP_066.JPG,0.002682999999990443,24
SIFT,DAY-2_RPH_KLP_067.JPG,0.002306200000020908,17
SIFT,DAY-2_RPH_KLP_068.JPG,0.0026546999999936816,14
SIFT,DAY-2_RPH_KLP_069.JPG,0.002418000000034226,23
SIFT,DAY-2_RPH_KLP_070.JPG,0.0024292999999602216,30
SIFT,DAY-2_RPH_KLP_071.JPG,0.002277999999989788,18
SIFT,DAY-2_RPH_KLP_072.JPG,0.002246000000013737,21
SIFT,DAY-2_RPH_KLP_073.JPG,0.0023888999999712723,15
SIFT,DAY-2_RPH_KLP_074.JPG,0.0021873000000027787,26
SIFT,DAY-2_RPH_KLP_075.JPG,0.002313799999967614,21
SIFT,DAY-2_RPH_KLP_076.JPG,0.0023691999999755353,38
SIFT,DAY-2_RPH_KLP_077.JPG,0.002443300000038562,8
SIFT,DAY-2_RPH_KLP_078.JPG,0.0030136999999967884,17
SIFT,DAY-2_RPH_KLP_079.JPG,0.0019446000000016284,6
SIFT,DAY-2_RPH_KLP_080.JPG,0.0022188000000369357,86
SIFT,DAY-2_RPH_KLP_081.JPG,0.0024232000000097287,22
SIFT,DAY-2_RPH_KLP_082.JPG,0.0028361999999901855,36
SIFT,DAY-2_RPH_KLP_083.JPG,0.002755000000036034,27
SIFT,DAY-2_RPH_KLP_084.JPG,0.003094200000020919,20
SIFT,DAY-2_RPH_KLP_086.JPG,0.0038326000000097338,15
SIFT,DAY-2_RPH_KLP_087.JPG,0.0024879000000055385,43
SIFT,DAY-2_RPH_KLP_088.JPG,0.0021583999999847947,11
SIFT,DAY-2_RPH_KLP_089.JPG,0.0020400999999878877,4
SIFT,DAY-2_RPH_KLP_090.JPG,0.0021211999999763975,14
SIFT,DAY-2_RPH_KLP_091.JPG,0.0028497000000129447,78
SIFT,DAY-2_RPH_KLP_092.JPG,0.0027145000000246,62
SIFT,DAY-2_RPH_KLP_093.JPG,0.002711499999975331,40
SIFT,DAY-2_RPH_KLP_094.JPG,0.0026778000000149405,59
SIFT,DAY-2_RPH_KLP_095.JPG,0.003038699999990513,39
SIFT,DAY-2_RPH_KLP_096.JPG,0.002894400000002406,48
SIFT,DAY-2_RPH_KLP_097.JPG,0.0021838000000116153,20
SIFT,DAY-2_RPH_KLP_098.JPG,0.0021667000000320513,21
SIFT,DAY-2_RPH_KLP_099.JPG,0.002319800000009309,28
SIFT,DAY-2_RPH_KLP_100.JPG,0.0022786000000110107,29
SIFT,DAY-2_RPH_KLP_101.JPG,0.0022874000000001615,17
SIFT,DAY-2_RPH_KLP_102.JPG,0.0020848000000341926,13
SIFT,DAY-2_RPH_KLP_103.JPG,0.0026071999999999207,29
SIFT,DAY-2_RPH_KLP_104.JPG,0.0028222999999911735,99
SIFT,DAY-2_RPH_KLP_105.JPG,0.00295869999996512,27
SIFT,DAY-2_RPH_KLP_106.JPG,0.0026885999999990418,39
SIFT,DAY-2_RPH_KLP_107.JPG,0.0028292000000078588,15
SIFT,DAY-2_RPH_KLP_108.JPG,0.0030109999999581305,29
SIFT,DAY-2_RPH_KLP_109.JPG,0.0032175000000052023,38
SIFT,DAY-2_RPH_KLP_110.JPG,0.0035045000000195614,38
SIFT,DAY-2_RPH_KLP_111.JPG,0.002039100000047256,18
SIFT,DAY-2_RPH_KLP_112.JPG,0.0020821999999611762,14
SIFT,DAY-2_RPH_KLP_113.JPG,0.002542500000004111,13
SIFT,DAY-2_RPH_KLP_114.JPG,0.002403700000002118,22
SIFT,DAY-2_RPH_KLP_115.JPG,0.0033297000000516164,22
SIFT,DAY-2_RPH_KLP_116.JPG,0.0030153999999811276,45
SIFT,DAY-2_RPH_KLP_117.JPG,0.00300899999996318,86
SIFT,DAY-2_RPH_KLP_118.JPG,0.002694599999983893,29
SIFT,DAY-2_RPH_KLP_119.JPG,0.0025769000000082087,28
SIFT,DAY-2_RPH_KLP_120.JPG,0.0026897999999846434,47
SIFT,DAY-2_RPH_KLP_121.JPG,0.002482199999974455,31
SIFT,DAY-2_RPH_KLP_122.JPG,0.0025588000000311695,26
SIFT,DAY-2_RPH_KLP_123.JPG,0.0026428999999552616,41
SIFT,DAY-2_RPH_KLP_124.JPG,0.0033846000000039567,37
SIFT,DAY-2_RPH_KLP_125.JPG,0.0024741000000290114,30
SIFT,DAY-2_RPH_KLP_126.JPG,0.002360300000020743,49
SIFT,DAY-2_RPH_KLP_127.JPG,0.002057900000011159,7
SIFT,DAY-2_RPH_KLP_128.JPG,0.002105800000038016,33
SIFT,DAY-2_RPH_KLP_129.JPG,0.0023431999999843356,13
SIFT,DAY-2_RPH_KLP_130.JPG,0.0022481000000311724,19
SIFT,DAY-2_RPH_KLP_131.JPG,0.0027015000000005784,30
SIFT,DAY-2_RPH_KLP_132.JPG,0.0026089000000411033,35
SIFT,DAY-2_RPH_KLP_133.JPG,0.0021425999999564738,12
SIFT,DAY-2_RPH_KLP_134.JPG,0.0025005999999621054,31
SIFT,DAY-2_RPH_KLP_135.JPG,0.0022599999999783904,11
SIFT,DAY-2_RPH_KLP_136.JPG,0.00197400000001835,13
SIFT,DAY-2_RPH_KLP_137.JPG,0.0028331000000321183,34
SIFT,DAY-2_RPH_KLP_138.JPG,0.0033044999999560787,100
SIFT,DAY-2_RPH_KLP_139.JPG,0.0022418000000357097,13
SIFT,DAY-2_RPH_KLP_140.JPG,0.0020258999999782645,19
SIFT,DAY-2_RPH_LMS_001.JPG,0.002694800000028863,41
SIFT,DAY-2_RPH_LMS_002.JPG,0.0026643000000490247,39
SIFT,DAY-2_RPH_LMS_003.JPG,0.0024495000000115397,44
SIFT,DAY-2_RPH_LMS_004.JPG,0.0025856999999973596,66
SIFT,DAY-2_RPH_LMS_005.JPG,0.0024685000000204127,8
SIFT,DAY-2_RPH_LMS_006.JPG,0.00269109999999273,30
SIFT,DAY-2_RPH_LMS_007.JPG,0.0021641000000158783,34
SIFT,DAY-2_RPH_LMS_008.JPG,0.001956800000016301,12
SIFT,DAY-2_RPH_LMS_009.JPG,0.0027893999999832886,29
SIFT,DAY-2_RPH_LMS_010.JPG,0.0026658000000452375,43
SIFT,DAY-2_RPH_LMS_011.JPG,0.0034177999999656095,34
SIFT,DAY-2_RPH_LMS_012.JPG,0.0028591999999889595,24
SIFT,DAY-2_RPH_LMS_013.JPG,0.00243990000001304,15
SIFT,DAY-2_RPH_LMS_014.JPG,0.0022483000000192987,37
SIFT,DAY-2_RPH_LMS_015.JPG,0.002610699999991084,56
SIFT,DAY-2_RPH_LMS_016.JPG,0.0024007999999753338,8
SIFT,DAY-2_RPH_LMS_017.JPG,0.0027964999999881,29
SIFT,DAY-2_RPH_LMS_018.JPG,0.0023003999999673397,27
SIFT,DAY-2_RPH_LMS_019.JPG,0.00215459999998302,26
SIFT,DAY-2_RPH_LMS_020.JPG,0.002306599999997161,33
SIFT,DAY-2_RPH_LMS_021.JPG,0.0030535000000213586,89
SIFT,DAY-2_RPH_LMS_022.JPG,0.003207800000041061,59
SIFT,DAY-2_RPH_LMS_023.JPG,0.004573800000002848,47
SIFT,DAY-2_RPH_LMS_024.JPG,0.004601100000002134,117
SIFT,DAY-2_RPH_LMS_025.JPG,0.0037060000000224136,20
SIFT,DAY-2_RPH_LMS_026.JPG,0.0030661999999779255,64
SIFT,DAY-2_RPH_LMS_027.JPG,0.0032241000000112763,49
SIFT,DAY-2_RPH_LMS_028.JPG,0.002846700000020519,9
SIFT,DAY-2_RPH_LMS_029.JPG,0.002680200000042987,23
SIFT,DAY-2_RPH_LMS_030.JPG,0.0030888000000004467,95
SIFT,DAY-2_RPH_LMS_031.JPG,0.002320399999973688,18
SIFT,DAY-2_RPH_LMS_032.JPG,0.0025749000000132582,38
SIFT,DAY-2_RPH_LMS_033.JPG,0.002826799999979812,57
SIFT,DAY-2_RPH_LMS_034.JPG,0.002787799999964591,66
SIFT,DAY-2_RPH_LMS_035.JPG,0.0030528000000344946,3
SIFT,DAY-2_RPH_LMS_036.JPG,0.0033111999999846375,12
SIFT,DAY-2_RPH_LMS_037.JPG,0.0025072999999906642,22
SIFT,DAY-2_RPH_LMS_038.JPG,0.002938100000051236,62
SIFT,DAY-2_RPH_LMS_039.JPG,0.0028170999999588275,26
SIFT,DAY-2_RPH_LMS_040.JPG,0.004999199999986104,48
SIFT,DAY-2_RPH_LMS_041.JPG,0.0028035999999929118,17
SIFT,DAY-2_RPH_LMS_042.JPG,0.00301600000000235,39
SIFT,DAY-2_RPH_LMS_043.JPG,0.0026166999999759355,34
SIFT,DAY-2_RPH_LMS_044.JPG,0.0024108000000069296,10
SIFT,DAY-2_RPH_LMS_045.JPG,0.0030251999999677537,42
SIFT,DAY-2_RPH_LMS_046.JPG,0.0037078000000292377,35
SIFT,DAY-2_RPH_LMS_047.JPG,0.00322369999997818,21
SIFT,DAY-2_RPH_LMS_048.JPG,0.0036622000000079424,74
SIFT,DAY-2_RPH_LMS_049.JPG,0.0029088000000001557,34
SIFT,DAY-2_RPH_LMS_050.JPG,0.0028297000000065964,62
SIFT,DAY-2_RPH_LMS_051.JPG,0.002167699999972683,7
SIFT,DAY-2_RPH_LMS_052.JPG,0.0022536999999829277,27
SIFT,DAY-2_RPH_LMS_053.JPG,0.002458499999988817,19
SIFT,DAY-2_RPH_LMS_054.JPG,0.002421700000013516,11
SIFT,DAY-2_RPH_LMS_055.JPG,0.003111300000000483,13
SIFT,DAY-2_RPH_LMS_056.JPG,0.0034916000000180247,29
SIFT,DAY-2_RPH_LMS_057.JPG,0.0023848999999813714,9
SIFT,DAY-2_RPH_LMS_058.JPG,0.002432000000055723,21
SIFT,DAY-2_RPH_LMS_059.JPG,0.002711900000008427,20
SIFT,DAY-2_RPH_LMS_060.JPG,0.003791199999966466,56
SIFT,DAY-2_RPH_LMS_061.JPG,0.002776900000014848,14
SIFT,DAY-2_RPH_LMS_062.JPG,0.002838600000018232,40
SIFT,DAY-2_RPH_LMS_063.JPG,0.0026059000000486776,26
SIFT,DAY-2_RPH_LMS_064.JPG,0.0031677000000058797,12
SIFT,DAY-2_RPH_LMS_065.JPG,0.0025726000000076965,23
SIFT,DAY-2_RPH_LMS_066.JPG,0.0027479000000312226,34
SIFT,DAY-2_RPH_LMS_067.JPG,0.003178600000012466,15
SIFT,DAY-2_RPH_LMS_068.JPG,0.0038470000000074833,38
SIFT,DAY-2_RPH_LMS_069.JPG,0.0031346000000098684,36
SIFT,DAY-2_RPH_LMS_070.JPG,0.0028633000000013453,29
SIFT,DAY-2_RPH_LMS_071.JPG,0.002840699999978824,19
SIFT,DAY-2_RPH_LMS_072.JPG,0.0025663999999778753,26
SIFT,DAY-2_RPH_LMS_073.JPG,0.002863599999955113,14
SIFT,DAY-2_RPH_LMS_074.JPG,0.0031241000000363783,41
SIFT,DAY-2_RPH_LMS_075.JPG,0.003223500000046897,17
SIFT,DAY-2_RPH_LMS_076.JPG,0.003335600000013983,88
SIFT,DAY-2_RPH_LMS_077.JPG,0.004090700000006109,43
SIFT,DAY-2_RPH_LMS_078.JPG,0.004085200000019995,78
SIFT,DAY-2_RPH_LMS_079.JPG,0.002486000000033073,18
SIFT,DAY-2_RPH_LMS_080.JPG,0.002628599999979997,43
SIFT,DAY-2_RPH_LMS_081.JPG,0.00284700000003113,14
SIFT,DAY-2_RPH_LMS_082.JPG,0.0033202999999843996,50
SIFT,DAY-2_RPH_LMS_083.JPG,0.002730600000006689,71
SIFT,DAY-2_RPH_LMS_084.JPG,0.002616499999987809,15
SIFT,DAY-2_RPH_LMS_085.JPG,0.0027136999999584077,36
SIFT,DAY-2_RPH_LMS_086.JPG,0.0023954999999773463,19
SIFT,DAY-2_RPH_LMS_087.JPG,0.0023588999999901716,13
SIFT,DAY-2_RPH_LMS_088.JPG,0.002663299999994706,38
SIFT,DAY-2_RPH_LMS_089.JPG,0.002465099999994891,20
SIFT,DAY-2_RPH_LMS_090.JPG,0.0026981999999975415,38
SIFT,DAY-2_RPH_LMS_091.JPG,0.003187499999967258,37
SIFT,DAY-2_RPH_LMS_092.JPG,0.0046879000000217275,111
SIFT,DAY-2_RPH_LMS_093.JPG,0.005318999999985863,52
SIFT,DAY-2_RPH_LMS_094.JPG,0.003923999999983607,25
SIFT,DAY-2_RPH_LMS_095.JPG,0.002660699999978533,50
SIFT,DAY-2_RPH_LMS_096.JPG,0.0023830999999745472,25
SIFT,DAY-2_RPH_LMS_097.JPG,0.002202500000009877,25
SIFT,DAY-2_RPH_LMS_098.JPG,0.002651300000025003,116
SIFT,DAY-2_RPH_LMS_099.JPG,0.0029758999999671687,53
SIFT,DAY-2_RPH_LMS_100.JPG,0.0027872000000002117,41
SIFT,DAY-2_RPH_LMS_101.JPG,0.002432499999997617,89
SIFT,DAY-2_RPH_LMS_102.JPG,0.0023467000000323424,30
SIFT,DAY-2_RPH_LMS_103.JPG,0.0030079000000000633,19
SIFT,DAY-2_RPH_LMS_104.JPG,0.002898500000014792,34
SIFT,DAY-2_RPH_LMS_105.JPG,0.003301899999996749,19
SIFT,DAY-2_RPH_LMS_106.JPG,0.0032744000000093365,70
SIFT,DAY-2_RPH_LMS_107.JPG,0.002706900000021051,57
SIFT,DAY-2_RPH_LMS_108.JPG,0.00257019999997965,27
SIFT,DAY-2_RPH_LMS_109.JPG,0.0027501000000142994,35
SIFT,DAY-2_RPH_LMS_110.JPG,0.00272979999999734,28
SIFT,DAY-2_RPH_LMS_111.JPG,0.002706900000021051,66
SIFT,DAY-2_RPH_LMS_112.JPG,0.003241300000013325,65
SIFT,DAY-2_RPH_LMS_113.JPG,0.002932100000009541,40
SIFT,DAY-2_RPH_LMS_114.JPG,0.0037593000000128995,25
SIFT,DAY-2_RPH_LMS_115.JPG,0.0029270999999653213,26
SIFT,DAY-2_RPH_LMS_116.JPG,0.002942100000041137,78
SIFT,DAY-2_RPH_LMS_117.JPG,0.005072399999960453,32
SIFT,DAY-2_RPH_LMS_118.JPG,0.00456650000000991,71
SIFT,DAY-2_RPH_LMS_119.JPG,0.0024774000000320484,15
SIFT,DAY-2_RPH_LMS_120.JPG,0.002514700000006087,35
SIFT,DAY-2_RPH_LMS_121.JPG,0.0025789999999688007,30
SIFT,DAY-2_RPH_LMS_122.JPG,0.0027906000000257336,69
SIFT,DAY-2_RPH_LMS_123.JPG,0.0020984999999882348,10
SIFT,DAY-2_RPH_LMS_124.JPG,0.002288599999985763,28
SIFT,DAY-2_RPH_LMS_125.JPG,0.00237520000001723,55
SIFT,DAY-2_RPH_LMS_126.JPG,0.0023481000000060703,19
SIFT,DAY-2_RPH_LMS_127.JPG,0.0029650999999830674,36
SIFT,DAY-2_RPH_LMS_128.JPG,0.002875500000016018,52
SIFT,DAY-2_RPH_LMS_129.JPG,0.0024604999999837673,26
SIFT,DAY-2_RPH_LMS_130.JPG,0.002385800000013205,26
SIFT,DAY-2_RPH_LMS_131.JPG,0.0018393999999943844,6
SIFT,DAY-2_RPH_LMS_132.JPG,0.001959800000008727,27
SIFT,DAY-2_RPH_LMS_133.JPG,0.002192299999990155,13
SIFT,DAY-2_RPH_LMS_134.JPG,0.002318199999990611,32
SIFT,DAY-2_RPH_LMS_135.JPG,0.003680000000031214,39
SIFT,DAY-2_RPH_LMS_136.JPG,0.0042654000000084125,97
SIFT,DAY-2_RPH_LMS_137.JPG,0.0036648000000241154,33
SIFT,DAY-2_RPH_LMS_138.JPG,0.0033330999999634514,39
SIFT,DAY-2_RPH_LMS_139.JPG,0.003107999999997446,40
SIFT,DAY-2_RPH_LMS_140.JPG,0.0026461000000495005,50
SIFT,DAY-2_UMKM_PDS_001.JPG,0.0016385999999783962,14
SIFT,DAY-2_UMKM_PDS_002.JPG,0.0018378999999981716,12
SIFT,DAY-2_UMKM_PDS_003.JPG,0.0016469000000256528,20
SIFT,DAY-2_UMKM_PDS_004.JPG,0.0018606000000431777,23
SIFT,DAY-2_UMKM_PDS_005.JPG,0.0019128000000137035,22
SIFT,DAY-2_UMKM_PDS_006.JPG,0.0019352999999568965,17
SIFT,DAY-2_UMKM_PDS_007.JPG,0.002055400000017471,23
SIFT,DAY-2_UMKM_PDS_008.JPG,0.0022219999999606443,23
SIFT,DAY-2_UMKM_PDS_009.JPG,0.0019696999999609943,18
SIFT,DAY-2_UMKM_PDS_010.JPG,0.001788099999998849,10
SIFT,DAY-2_UMKM_PDS_011.JPG,0.0019271000000458116,20
SIFT,DAY-2_UMKM_PDS_012.JPG,0.0018107999999870117,19
SIFT,DAY-2_UMKM_PDS_013.JPG,0.0014248999999608714,16
SIFT,DAY-2_UMKM_PDS_014.JPG,0.0015606999999704385,33
SIFT,DAY-2_UMKM_PDS_015.JPG,0.0019432999999935419,24
SIFT,DAY-2_UMKM_PDS_016.JPG,0.0019031000000495624,24
SIFT,DAY-2_UMKM_PDS_017.JPG,0.0017872000000238586,17
SIFT,DAY-2_UMKM_PDS_018.JPG,0.0019820999999637934,27
SIFT,DAY-2_UMKM_PDS_019.JPG,0.001978300000018862,46
SIFT,DAY-2_UMKM_PDS_020.JPG,0.001977799999963281,23
SIFT,DAY-2_UMKM_PDS_021.JPG,0.0017584000000283595,17
SIFT,DAY-2_UMKM_PDS_022.JPG,0.0018608999999969456,33
SIFT,DAY-2_UMKM_PDS_023.JPG,0.001954499999953896,24
SIFT,DAY-2_UMKM_PDS_024.JPG,0.001960800000006202,30
SIFT,DAY-2_UMKM_PDS_025.JPG,0.001989600000001701,19
SIFT,DAY-2_UMKM_PDS_026.JPG,0.0020417000000065855,21
SIFT,DAY-2_UMKM_PDS_027.JPG,0.0020432000000027983,18
SIFT,DAY-2_UMKM_PDS_028.JPG,0.002191000000038912,30
SIFT,DAY-2_UMKM_PDS_029.JPG,0.0019393999999692824,17
SIFT,DAY-2_UMKM_PDS_030.JPG,0.002069199999993998,31
SIFT,DAY-2_UMKM_PDS_031.JPG,0.0019118999999818698,21
SIFT,DAY-2_UMKM_PDS_032.JPG,0.0016486999999756335,22
SIFT,DAY-2_UMKM_PDS_033.JPG,0.0018181999999455911,20
SIFT,DAY-2_UMKM_PDS_034.JPG,0.0022293000000104257,19
SIFT,DAY-2_UMKM_PDS_035.JPG,0.0020183999999972,25
SIFT,DAY-2_UMKM_PDS_036.JPG,0.002309099999990849,26
SIFT,DAY-2_UMKM_PDS_037.JPG,0.0017537000000515945,16
SIFT,DAY-2_UMKM_PDS_038.JPG,0.0017201000000000022,18
SIFT,DAY-2_UMKM_PDS_039.JPG,0.001540300000044681,15
SIFT,DAY-2_UMKM_PDS_040.JPG,0.001535699999976714,22
SIFT,DAY-2_UMKM_PDS_041.JPG,0.0018843999999944572,14
SIFT,DAY-2_UMKM_PDS_042.JPG,0.0018766000000027816,11
SIFT,DAY-2_UMKM_PDS_043.JPG,0.0021820000000047912,23
SIFT,DAY-2_UMKM_PDS_044.JPG,0.0020786000000043714,28
SIFT,DAY-2_UMKM_PDS_045.JPG,0.0017823999999677653,25
SIFT,DAY-2_UMKM_PDS_046.JPG,0.0017606000000114364,12
SIFT,DAY-2_UMKM_PDS_047.JPG,0.0019487000000140142,16
SIFT,DAY-2_UMKM_PDS_048.JPG,0.0025812999999743624,29
SIFT,DAY-2_UMKM_PDS_049.JPG,0.0020724000000313936,11
SIFT,DAY-2_UMKM_PDS_050.JPG,0.0019418999999629705,28
SIFT,DAY-2_UMKM_PDS_051.JPG,0.0020883999999909975,16
SIFT,DAY-2_UMKM_PDS_052.JPG,0.0021513000000368265,30
SIFT,DAY-2_UMKM_PDS_053.JPG,0.0021024000000124943,31
SIFT,DAY-2_UMKM_PDS_054.JPG,0.0021011000000044078,30
SIFT,DAY-2_UMKM_PDS_055.JPG,0.0021532999999749336,19
SIFT,DAY-2_UMKM_PDS_056.JPG,0.002191200000027038,31
SIFT,DAY-2_UMKM_PDS_057.JPG,0.0021550999999817577,26
SIFT,DAY-2_UMKM_PDS_058.JPG,0.0021957000000156768,30
SIFT,DAY-2_UMKM_PDS_059.JPG,0.0017923999999993612,26
SIFT,DAY-2_UMKM_PDS_060.JPG,0.0018097999999895364,24
SIFT,DAY-2_UMKM_PDS_061.JPG,0.0018496000000141066,17
SIFT,DAY-2_UMKM_PDS_062.JPG,0.0019907999999873027,19
SIFT,DAY-2_UMKM_PDS_063.JPG,0.0015316000000211716,8
SIFT,DAY-2_UMKM_PDS_064.JPG,0.001406799999983832,9
SIFT,DAY-2_UMKM_PDS_065.JPG,0.001983900000027461,32
SIFT,DAY-2_UMKM_PDS_066.JPG,0.001860399999998208,18
SIFT,DAY-2_UMKM_PDS_067.JPG,0.0019570000000044274,14
SIFT,DAY-2_UMKM_PDS_068.JPG,0.0022991000000160966,20
SIFT,DAY-2_UMKM_PDS_069.JPG,0.002153899999996156,19
SIFT,DAY-2_UMKM_PDS_070.JPG,0.002155299999969884,13
SIFT,DAY-2_UMKM_PDS_071.JPG,0.0020878000000266184,32
SIFT,DAY-2_UMKM_PDS_072.JPG,0.0020852000000104454,28
SIFT,DAY-2_UMKM_PDS_073.JPG,0.0024968999999828156,22
SIFT,DAY-2_UMKM_PDS_074.JPG,0.002243299999975079,19
SIFT,DAY-2_UMKM_PDS_075.JPG,0.0018949999999904321,22
SIFT,DAY-2_UMKM_PDS_076.JPG,0.0019253999999477855,25
SIFT,DAY-2_UMKM_PDS_077.JPG,0.0025732999999945605,18
SIFT,DAY-2_UMKM_PDS_078.JPG,0.0016147000000046319,20
SIFT,DAY-2_UMKM_PDS_079.JPG,0.001867000000004282,25
SIFT,DAY-2_UMKM_PDS_080.JPG,0.0017161999999757427,15
SIFT,DAY-2_UMKM_PDS_081.JPG,0.0015743000000156826,26
SIFT,DAY-2_UMKM_PDS_082.JPG,0.0015038999999887892,17
SIFT,DAY-2_UMKM_PDS_083.JPG,0.001745400000004338,17
SIFT,DAY-2_UMKM_PDS_084.JPG,0.0017201000000000022,24
SIFT,DAY-2_UMKM_PDS_085.JPG,0.0019421000000079403,24
SIFT,DAY-2_UMKM_PDS_086.JPG,0.001942499999984193,25
SIFT,DAY-2_UMKM_PDS_087.JPG,0.0019100999999750456,22
SIFT,DAY-2_UMKM_PDS_088.JPG,0.002041500000018459,17
SIFT,DAY-2_UMKM_PDS_089.JPG,0.0019568999999819425,20
SIFT,DAY-2_UMKM_PDS_090.JPG,0.002025000000003274,26
SIFT,DAY-2_UMKM_PDS_091.JPG,0.0019418999999629705,15
SIFT,DAY-2_UMKM_PDS_092.JPG,0.0018943000000035681,15
SIFT,DAY-2_UMKM_PDS_093.JPG,0.0016365999999834457,9
SIFT,DAY-2_UMKM_PDS_094.JPG,0.0018790999999964697,14
SIFT,DAY-2_UMKM_PDS_095.JPG,0.0018263999999703628,16
SIFT,DAY-2_UMKM_PDS_096.JPG,0.0018842999999719723,19
SIFT,DAY-2_UMKM_PDS_097.JPG,0.0019326000000319254,26
SIFT,DAY-2_UMKM_PDS_098.JPG,0.0019646000000079766,23
SIFT,DAY-2_UMKM_PDS_099.JPG,0.001998100000037084,19
SIFT,DAY-2_UMKM_PDS_100.JPG,0.0020144000000072992,18
SIFT,DAY-2_UMKM_PDS_101.JPG,0.002032299999996212,20
SIFT,DAY-2_UMKM_PDS_102.JPG,0.00190820000000258,9
SIFT,DAY-2_UMKM_PDS_103.JPG,0.002173299999981282,16
SIFT,DAY-2_UMKM_PDS_104.JPG,0.002264599999989514,23
SIFT,DAY-2_UMKM_PDS_105.JPG,0.002114899999980935,22
SIFT,DAY-2_UMKM_PDS_106.JPG,0.002101400000015019,18
SIFT,DAY-2_UMKM_PDS_107.JPG,0.0017658999999525804,13
SIFT,DAY-2_UMKM_PDS_108.JPG,0.0017965999999773885,18
SIFT,DAY-2_UMKM_PDS_109.JPG,0.0018744999999853462,18
SIFT,DAY-2_UMKM_PDS_110.JPG,0.0018587000000138687,21
SIFT,DAY-2_UMKM_PDS_111.JPG,0.002084899999999834,27
SIFT,DAY-2_UMKM_PDS_112.JPG,0.0020481999999901745,37
SIFT,DAY-2_UMKM_PDS_113.JPG,0.0019268000000352004,11
SIFT,DAY-2_UMKM_PDS_114.JPG,0.001998000000014599,18
SIFT,DAY-2_UMKM_PDS_115.JPG,0.0018999000000121669,15
SIFT,DAY-2_UMKM_PDS_116.JPG,0.0018931000000179665,18
SIFT,DAY-2_UMKM_PDS_117.JPG,0.0018547000000239677,27
SIFT,DAY-2_UMKM_PDS_118.JPG,0.002114199999994071,31
SIFT,DAY-2_UMKM_PDS_119.JPG,0.0018420000000105574,10
SIFT,DAY-2_UMKM_PDS_120.JPG,0.001948299999980918,20
SIFT,DAY-2_UMKM_PDS_121.JPG,0.001933299999961946,26
SIFT,DAY-2_UMKM_PDS_122.JPG,0.0018843999999944572,19
SIFT,DAY-2_UMKM_PDS_123.JPG,0.0018507999999997082,22
SIFT,DAY-2_UMKM_PDS_124.JPG,0.0019217000000253392,13
SIFT,DAY-2_UMKM_PDS_125.JPG,0.0018744999999853462,22
SIFT,DAY-2_UMKM_PDS_126.JPG,0.002019300000029034,15
SIFT,DAY-2_UMKM_PDS_127.JPG,0.002002500000003238,16
SIFT,DAY-2_UMKM_PDS_128.JPG,0.0023596999999995205,20
SIFT,DAY-2_UMKM_PDS_129.JPG,0.00231899999999996,13
SIFT,DAY-2_UMKM_PDS_130.JPG,0.002094499999998334,25
SIFT,DAY-2_UMKM_PDS_131.JPG,0.0020726999999851614,16
SIFT,DAY-2_UMKM_PDS_132.JPG,0.0020790000000374675,27
SIFT,DAY-2_UMKM_PDS_133.JPG,0.002009599999951206,27
SIFT,DAY-2_UMKM_PDS_134.JPG,0.0017662999999856765,19
SIFT,DAY-2_UMKM_PDS_135.JPG,0.001651499999979933,23
SIFT,DAY-2_UMKM_PDS_136.JPG,0.0016200000000026193,19
SIFT,DAY-2_UMKM_PDS_137.JPG,0.001458299999967494,8
SIFT,DAY-2_UMKM_PDS_138.JPG,0.0016375000000152795,13
SIFT,DAY-2_UMKM_PDS_139.JPG,0.001592100000038954,11
SIFT,DAY-2_UMKM_PDS_140.JPG,0.0017566999999871769,16
SIFT,DAY-2_UMKM_PNT_001.JPG,0.0022280000000023392,22
SIFT,DAY-2_UMKM_PNT_002.JPG,0.002062599999987924,24
SIFT,DAY-2_UMKM_PNT_003.JPG,0.0018153999999981352,13
SIFT,DAY-2_UMKM_PNT_004.JPG,0.0017424000000119122,7
SIFT,DAY-2_UMKM_PNT_005.JPG,0.0015424999999709144,13
SIFT,DAY-2_UMKM_PNT_006.JPG,0.0017612999999983003,43
SIFT,DAY-2_UMKM_PNT_007.JPG,0.0020352000000229964,17
SIFT,DAY-2_UMKM_PNT_008.JPG,0.0019762999999670683,15
SIFT,DAY-2_UMKM_PNT_009.JPG,0.0019685999999978776,18
SIFT,DAY-2_UMKM_PNT_010.JPG,0.002218599999991966,55
SIFT,DAY-2_UMKM_PNT_011.JPG,0.0017412000000263106,10
SIFT,DAY-2_UMKM_PNT_012.JPG,0.0016916999999807558,17
SIFT,DAY-2_UMKM_PNT_013.JPG,0.0019065999999838823,20
SIFT,DAY-2_UMKM_PNT_014.JPG,0.0018828000000326028,22
SIFT,DAY-2_UMKM_PNT_015.JPG,0.0019350000000031287,19
SIFT,DAY-2_UMKM_PNT_016.JPG,0.00199019999996608,21
SIFT,DAY-2_UMKM_PNT_017.JPG,0.0016616999999996551,13
SIFT,DAY-2_UMKM_PNT_018.JPG,0.0016918000000032407,21
SIFT,DAY-2_UMKM_PNT_019.JPG,0.0022242000000005646,21
SIFT,DAY-2_UMKM_PNT_020.JPG,0.001847799999950439,23
SIFT,DAY-2_UMKM_PNT_021.JPG,0.0020078000000012253,24
SIFT,DAY-2_UMKM_PNT_022.JPG,0.001975800000025174,19
SIFT,DAY-2_UMKM_PNT_023.JPG,0.0021174000000314663,24
SIFT,DAY-2_UMKM_PNT_024.JPG,0.002172900000005029,25
SIFT,DAY-2_UMKM_PNT_025.JPG,0.00261000000000422,28
SIFT,DAY-2_UMKM_PNT_026.JPG,0.0021737999999800195,26
SIFT,DAY-2_UMKM_PNT_027.JPG,0.0021394999999984066,31
SIFT,DAY-2_UMKM_PNT_028.JPG,0.002263500000026397,35
SIFT,DAY-2_UMKM_PNT_029.JPG,0.002393200000028628,41
SIFT,DAY-2_UMKM_PNT_030.JPG,0.0022395999999957894,31
SIFT,DAY-2_UMKM_PNT_031.JPG,0.0016067999999904714,10
SIFT,DAY-2_UMKM_PNT_032.JPG,0.001547399999992649,16
SIFT,DAY-2_UMKM_PNT_033.JPG,0.002207300000009127,27
SIFT,DAY-2_UMKM_PNT_034.JPG,0.00203369999996994,34
SIFT,DAY-2_UMKM_PNT_035.JPG,0.0017480999999861524,18
SIFT,DAY-2_UMKM_PNT_036.JPG,0.001746099999991202,17
SIFT,DAY-2_UMKM_PNT_037.JPG,0.0020590999999967607,27
SIFT,DAY-2_UMKM_PNT_038.JPG,0.002185800000006566,24
SIFT,DAY-2_UMKM_PNT_039.JPG,0.0020792999999912354,21
SIFT,DAY-2_UMKM_PNT_040.JPG,0.0019959999999628053,35
SIFT,DAY-2_UMKM_PNT_041.JPG,0.0020860999999854357,26
SIFT,DAY-2_UMKM_PNT_042.JPG,0.0019851000000130625,18
SIFT,DAY-2_UMKM_PNT_043.JPG,0.002072499999997035,25
SIFT,DAY-2_UMKM_PNT_044.JPG,0.0019094999999538231,17
SIFT,DAY-2_UMKM_PNT_045.JPG,0.0018215000000054715,18
SIFT,DAY-2_UMKM_PNT_046.JPG,0.001778899999976602,19
SIFT,DAY-2_UMKM_PNT_047.JPG,0.0020387000000141597,27
SIFT,DAY-2_UMKM_PNT_048.JPG,0.0022493999999824155,24
SIFT,DAY-2_UMKM_PNT_049.JPG,0.0018329000000107953,26
SIFT,DAY-2_UMKM_PNT_050.JPG,0.0018296000000077584,15
SIFT,DAY-2_UMKM_PNT_051.JPG,0.002118600000017068,11
SIFT,DAY-2_UMKM_PNT_052.JPG,0.0019940000000246982,22
SIFT,DAY-2_UMKM_PNT_053.JPG,0.0020792999999912354,22
SIFT,DAY-2_UMKM_PNT_054.JPG,0.0015634000000090964,18
SIFT,DAY-2_UMKM_PNT_055.JPG,0.002169299999991381,24
SIFT,DAY-2_UMKM_PNT_056.JPG,0.001951599999983955,16
SIFT,DAY-2_UMKM_PNT_057.JPG,0.0017909000000031483,15
SIFT,DAY-2_UMKM_PNT_058.JPG,0.0018436999999948966,21
SIFT,DAY-2_UMKM_PNT_059.JPG,0.0020946000000208187,17
SIFT,DAY-2_UMKM_PNT_060.JPG,0.002298600000017359,58
SIFT,DAY-2_UMKM_PNT_061.JPG,0.0018368000000350548,19
SIFT,DAY-2_UMKM_PNT_062.JPG,0.0019045000000232903,31
SIFT,DAY-2_UMKM_PNT_063.JPG,0.0018008999999779007,20
SIFT,DAY-2_UMKM_PNT_064.JPG,0.0018961000000103923,31
SIFT,DAY-2_UMKM_PNT_065.JPG,0.0019058999999970183,22
SIFT,DAY-2_UMKM_PNT_066.JPG,0.001861799999971936,18
SIFT,DAY-2_UMKM_PNT_067.JPG,0.0019446000000016284,29
SIFT,DAY-2_UMKM_PNT_068.JPG,0.0020344000000136475,35
SIFT,DAY-2_UMKM_PNT_069.JPG,0.0021828999999797816,28
SIFT,DAY-2_UMKM_PNT_070.JPG,0.001969799999983479,27
SIFT,DAY-2_UMKM_PNT_071.JPG,0.0016886000000226886,12
SIFT,DAY-2_UMKM_PNT_072.JPG,0.0017519000000447704,16
SIFT,DAY-2_UMKM_PNT_073.JPG,0.0017185000000381478,31
SIFT,DAY-2_UMKM_PNT_074.JPG,0.0018167999999718631,30
SIFT,DAY-2_UMKM_PNT_075.JPG,0.0017371999999795662,29
SIFT,DAY-2_UMKM_PNT_076.JPG,0.0018221999999923355,45
SIFT,DAY-2_UMKM_PNT_077.JPG,0.0019474000000059277,27
SIFT,DAY-2_UMKM_PNT_078.JPG,0.0018563000000426655,20
SIFT,DAY-2_UMKM_PNT_079.JPG,0.001837100000045666,21
SIFT,DAY-2_UMKM_PNT_080.JPG,0.0017960000000130094,18
SIFT,DAY-2_UMKM_PNT_081.JPG,0.0024249000000509113,58
SIFT,DAY-2_UMKM_PNT_082.JPG,0.002427399999987756,21
SIFT,DAY-2_UMKM_PNT_083.JPG,0.00222150000001875,30
SIFT,DAY-2_UMKM_PNT_084.JPG,0.0022184000000038395,55
SIFT,DAY-2_UMKM_PNT_085.JPG,0.001697900000010577,15
SIFT,DAY-2_UMKM_PNT_086.JPG,0.0016827000000034786,16
SIFT,DAY-2_UMKM_PNT_087.JPG,0.0019516000000407985,23
SIFT,DAY-2_UMKM_PNT_088.JPG,0.002046899999982088,17
SIFT,DAY-2_UMKM_PNT_089.JPG,0.002179099999978007,24
SIFT,DAY-2_UMKM_PNT_090.JPG,0.0024362999999993917,49
SIFT,DAY-2_UMKM_PNT_091.JPG,0.00213930000001028,15
SIFT,DAY-2_UMKM_PNT_092.JPG,0.003353500000002896,18
SIFT,DAY-2_UMKM_PNT_093.JPG,0.0020446000000333697,16
SIFT,DAY-2_UMKM_PNT_094.JPG,0.0020008000000188986,26
SIFT,DAY-2_UMKM_PNT_095.JPG,0.002217900000005102,21
SIFT,DAY-2_UMKM_PNT_096.JPG,0.0021611000000234526,25
SIFT,DAY-2_UMKM_PNT_097.JPG,0.0017970000000104847,19
SIFT,DAY-2_UMKM_PNT_098.JPG,0.0017844000000195592,16
SIFT,DAY-2_UMKM_PNT_099.JPG,0.002115599999967799,18
SIFT,DAY-2_UMKM_PNT_100.JPG,0.0022564000000215856,18
SIFT,DAY-2_UMKM_PNT_101.JPG,0.00216640000002144,20
SIFT,DAY-2_UMKM_PNT_102.JPG,0.002447899999992842,41
SIFT,DAY-2_UMKM_PNT_103.JPG,0.0017793999999753396,25
SIFT,DAY-2_UMKM_PNT_104.JPG,0.0018129999999700885,35
SIFT,DAY-2_UMKM_PNT_105.JPG,0.001876100000004044,23
SIFT,DAY-2_UMKM_PNT_106.JPG,0.0018719000000260166,27
SIFT,DAY-2_UMKM_PNT_107.JPG,0.0021548999999936314,52
SIFT,DAY-2_UMKM_PNT_108.JPG,0.0020557999999937238,26
SIFT,DAY-2_UMKM_PNT_109.JPG,0.0020143000000416578,25
SIFT,DAY-2_UMKM_PNT_110.JPG,0.002096199999982673,21
SIFT,DAY-2_UMKM_PNT_111.JPG,0.0017746999999985746,17
SIFT,DAY-2_UMKM_PNT_112.JPG,0.001833400000009533,17
SIFT,DAY-2_UMKM_PNT_113.JPG,0.0019928000000390966,26
SIFT,DAY-2_UMKM_PNT_114.JPG,0.0021076999999536383,40
SIFT,DAY-2_UMKM_PNT_115.JPG,0.001989600000001701,18
SIFT,DAY-2_UMKM_PNT_116.JPG,0.002105800000038016,18
SIFT,DAY-2_UMKM_PNT_117.JPG,0.0018135000000256696,9
SIFT,DAY-2_UMKM_PNT_118.JPG,0.002079699999967488,39
SIFT,DAY-2_UMKM_PNT_119.JPG,0.002218499999969481,16
SIFT,DAY-2_UMKM_PNT_120.JPG,0.0021073999999998705,22
SIFT,DAY-2_UMKM_PNT_121.JPG,0.0022814999999809515,24
SIFT,DAY-2_UMKM_PNT_122.JPG,0.0022498000000155116,31
SIFT,DAY-2_UMKM_PNT_123.JPG,0.0018962000000328771,26
SIFT,DAY-2_UMKM_PNT_124.JPG,0.0019990000000120745,11
SIFT,DAY-2_UMKM_PNT_125.JPG,0.0019594999999981155,37
SIFT,DAY-2_UMKM_PNT_126.JPG,0.0020432000000027983,20
SIFT,DAY-2_UMKM_PNT_127.JPG,0.0017308999999841035,17
SIFT,DAY-2_UMKM_PNT_128.JPG,0.0018413000000236934,21
SIFT,DAY-2_UMKM_PNT_129.JPG,0.0027016000000230633,23
SIFT,DAY-2_UMKM_PNT_130.JPG,0.002165199999978995,26
SIFT,DAY-2_UMKM_PNT_131.JPG,0.002197400000000016,24
SIFT,DAY-2_UMKM_PNT_132.JPG,0.0022773999999685657,36
SIFT,DAY-2_UMKM_PNT_133.JPG,0.0016898000000082902,16
SIFT,DAY-2_UMKM_PNT_134.JPG,0.0017700999999874512,25
SIFT,DAY-2_UMKM_PNT_135.JPG,0.0017981000000304448,12
SIFT,DAY-2_UMKM_PNT_136.JPG,0.0018279000000234191,20
SIFT,DAY-2_UMKM_PNT_137.JPG,0.00164999999998372,19
SIFT,DAY-2_UMKM_PNT_138.JPG,0.0016888999999764565,7
SIFT,DAY-2_UMKM_PNT_139.JPG,0.0016508999999587104,14
SIFT,DAY-2_UMKM_PNT_140.JPG,0.0017384000000220112,15
SIFT,DAY-2_UMKM_SDL_001.JPG,0.0019920000000297478,22
SIFT,DAY-2_UMKM_SDL_002.JPG,0.0016963999999575208,22
SIFT,DAY-2_UMKM_SDL_003.JPG,0.0016870000000039909,13
SIFT,DAY-2_UMKM_SDL_004.JPG,0.0016220999999632113,17
SIFT,DAY-2_UMKM_SDL_005.JPG,0.001563900000007834,20
SIFT,DAY-2_UMKM_SDL_006.JPG,0.0015364000000204214,20
SIFT,DAY-2_UMKM_SDL_007.JPG,0.0021649999999908687,33
SIFT,DAY-2_UMKM_SDL_008.JPG,0.002241499999968255,51
SIFT,DAY-2_UMKM_SDL_009.JPG,0.0019146000000205277,15
SIFT,DAY-2_UMKM_SDL_010.JPG,0.002315400000043155,93
SIFT,DAY-2_UMKM_SDL_011.JPG,0.002114099999971586,27
SIFT,DAY-2_UMKM_SDL_012.JPG,0.0022672999999713284,40
SIFT,DAY-2_UMKM_SDL_013.JPG,0.0020726999999851614,17
SIFT,DAY-2_UMKM_SDL_014.JPG,0.0036314999999831343,44
SIFT,DAY-2_UMKM_SDL_015.JPG,0.0023401000000262684,28
SIFT,DAY-2_UMKM_SDL_016.JPG,0.0021110000000135187,82
SIFT,DAY-2_UMKM_SDL_017.JPG,0.0016663000000107786,23
SIFT,DAY-2_UMKM_SDL_018.JPG,0.001778899999976602,51
SIFT,DAY-2_UMKM_SDL_019.JPG,0.0022708999999849766,62
SIFT,DAY-2_UMKM_SDL_020.JPG,0.0021739000000025044,48
SIFT,DAY-2_UMKM_SDL_021.JPG,0.0018378999999981716,19
SIFT,DAY-2_UMKM_SDL_022.JPG,0.0018383000000312677,26
SIFT,DAY-2_UMKM_SDL_023.JPG,0.001999099999977716,23
SIFT,DAY-2_UMKM_SDL_024.JPG,0.002142600000013317,44
SIFT,DAY-2_UMKM_SDL_025.JPG,0.0019523000000276625,23
SIFT,DAY-2_UMKM_SDL_026.JPG,0.0018316000000027088,29
SIFT,DAY-2_UMKM_SDL_027.JPG,0.0022501999999917643,27
SIFT,DAY-2_UMKM_SDL_028.JPG,0.002052200000036919,34
SIFT,DAY-2_UMKM_SDL_029.JPG,0.0020544999999856373,21
SIFT,DAY-2_UMKM_SDL_030.JPG,0.0021116000000347412,49
SIFT,DAY-2_UMKM_SDL_031.JPG,0.002157199999999193,32
SIFT,DAY-2_UMKM_SDL_032.JPG,0.0020504999999957363,48
SIFT,DAY-2_UMKM_SDL_033.JPG,0.0018501999999784857,34
SIFT,DAY-2_UMKM_SDL_034.JPG,0.0016431999999895197,22
SIFT,DAY-2_UMKM_SDL_035.JPG,0.0020465000000058353,29
SIFT,DAY-2_UMKM_SDL_036.JPG,0.0020065999999587802,32
SIFT,DAY-2_UMKM_SDL_037.JPG,0.00212659999999687,27
SIFT,DAY-2_UMKM_SDL_038.JPG,0.002042899999992187,42
SIFT,DAY-2_UMKM_SDL_039.JPG,0.0021218000000544635,14
SIFT,DAY-2_UMKM_SDL_040.JPG,0.0020224000000439446,54
SIFT,DAY-2_UMKM_SDL_041.JPG,0.001714300000003277,16
SIFT,DAY-2_UMKM_SDL_042.JPG,0.001691999999991367,17
SIFT,DAY-2_UMKM_SDL_043.JPG,0.001809199999968314,23
SIFT,DAY-2_UMKM_SDL_044.JPG,0.0020648000000278444,29
SIFT,DAY-2_UMKM_SDL_045.JPG,0.0021715999999969426,28
SIFT,DAY-2_UMKM_SDL_046.JPG,0.002181299999961084,31
SIFT,DAY-2_UMKM_SDL_047.JPG,0.002002399999980753,14
SIFT,DAY-2_UMKM_SDL_048.JPG,0.0020226999999977124,30
SIFT,DAY-2_UMKM_SDL_049.JPG,0.0020569999999793254,22
SIFT,DAY-2_UMKM_SDL_050.JPG,0.0018547999999896092,21
SIFT,DAY-2_UMKM_SDL_051.JPG,0.002069099999971513,43
SIFT,DAY-2_UMKM_SDL_052.JPG,0.0020663999999896987,40
SIFT,DAY-2_UMKM_SDL_053.JPG,0.0015897000000109074,20
SIFT,DAY-2_UMKM_SDL_054.JPG,0.0017116000000214626,43
SIFT,DAY-2_UMKM_SDL_055.JPG,0.0017950000000155342,27
SIFT,DAY-2_UMKM_SDL_056.JPG,0.0018704999999954453,31
SIFT,DAY-2_UMKM_SDL_057.JPG,0.0020986000000107197,37
SIFT,DAY-2_UMKM_SDL_058.JPG,0.002044500000010885,39
SIFT,DAY-2_UMKM_SDL_059.JPG,0.0020208999999908883,25
SIFT,DAY-2_UMKM_SDL_060.JPG,0.001957199999992554,34
SIFT,DAY-2_UMKM_SDL_061.JPG,0.0017750999999748274,13
SIFT,DAY-2_UMKM_SDL_062.JPG,0.0018871999999987565,29
SIFT,DAY-2_UMKM_SDL_063.JPG,0.0019407000000342123,15
SIFT,DAY-2_UMKM_SDL_064.JPG,0.0022551999999791406,55
SIFT,DAY-2_UMKM_SDL_065.JPG,0.001924700000017765,20
SIFT,DAY-2_UMKM_SDL_066.JPG,0.0019067999999720087,23
SIFT,DAY-2_UMKM_SDL_067.JPG,0.0018933000000060929,18
SIFT,DAY-2_UMKM_SDL_068.JPG,0.002003200000046945,32
SIFT,DAY-2_UMKM_SDL_069.JPG,0.0018709999999941829,23
SIFT,DAY-2_UMKM_SDL_070.JPG,0.0017993999999816879,20
SIFT,DAY-2_UMKM_SDL_071.JPG,0.0016673999999738953,14
SIFT,DAY-2_UMKM_SDL_072.JPG,0.0017900999999937994,20
SIFT,DAY-2_UMKM_SDL_073.JPG,0.0015510000000062973,19
SIFT,DAY-2_UMKM_SDL_074.JPG,0.001563900000007834,18
SIFT,DAY-2_UMKM_SDL_075.JPG,0.0017698999999993248,19
SIFT,DAY-2_UMKM_SDL_076.JPG,0.001887800000019979,39
SIFT,DAY-2_UMKM_SDL_077.JPG,0.0018716000000154054,18
SIFT,DAY-2_UMKM_SDL_078.JPG,0.001929800000027626,32
SIFT,DAY-2_UMKM_SDL_079.JPG,0.0019506999999521213,41
SIFT,DAY-2_UMKM_SDL_080.JPG,0.001972200000011526,40
SIFT,DAY-2_UMKM_SDL_081.JPG,0.001946300000042811,28
SIFT,DAY-2_UMKM_SDL_082.JPG,0.00207609999995384,69
SIFT,DAY-2_UMKM_SDL_083.JPG,0.0018628000000262546,20
SIFT,DAY-2_UMKM_SDL_084.JPG,0.002117800000007719,55
SIFT,DAY-2_UMKM_SDL_085.JPG,0.0020268000000100983,13
SIFT,DAY-2_UMKM_SDL_086.JPG,0.002075200000035693,38
SIFT,DAY-2_UMKM_SDL_087.JPG,0.0021234999999819593,39
SIFT,DAY-2_UMKM_SDL_088.JPG,0.002032299999996212,39
SIFT,DAY-2_UMKM_SDL_089.JPG,0.001984099999958744,40
SIFT,DAY-2_UMKM_SDL_090.JPG,0.0022605000000339714,28
SIFT,DAY-2_UMKM_SDL_091.JPG,0.001820199999997385,13
SIFT,DAY-2_UMKM_SDL_092.JPG,0.0017574999999965257,23
SIFT,DAY-2_UMKM_SDL_093.JPG,0.0014767000000119879,17
SIFT,DAY-2_UMKM_SDL_094.JPG,0.0015242999999713902,24
SIFT,DAY-2_UMKM_SDL_095.JPG,0.002027199999986351,22
SIFT,DAY-2_UMKM_SDL_096.JPG,0.0018880000000081054,40
SIFT,DAY-2_UMKM_SDL_097.JPG,0.0017333999999777916,18
SIFT,DAY-2_UMKM_SDL_098.JPG,0.0018271000000140702,57
SIFT,DAY-2_UMKM_SDL_099.JPG,0.0017464000000018132,33
SIFT,DAY-2_UMKM_SDL_100.JPG,0.0033683000000337415,38
SIFT,DAY-2_UMKM_SDL_101.JPG,0.0032711000000062995,33
SIFT,DAY-2_UMKM_SDL_102.JPG,0.002503100000012637,64
SIFT,DAY-2_UMKM_SDL_103.JPG,0.002189100000009603,19
SIFT,DAY-2_UMKM_SDL_104.JPG,0.0020728999999732878,34
SIFT,DAY-2_UMKM_SDL_105.JPG,0.0021902999999952044,31
SIFT,DAY-2_UMKM_SDL_106.JPG,0.001831499999980224,26
SIFT,DAY-2_UMKM_SDL_107.JPG,0.002102500000034979,50
SIFT,DAY-2_UMKM_SDL_108.JPG,0.0027371000000471213,42
SIFT,DAY-2_UMKM_SDL_109.JPG,0.0026138000000059947,26
SIFT,DAY-2_UMKM_SDL_110.JPG,0.0019210000000384753,17
SIFT,DAY-2_UMKM_SDL_111.JPG,0.0018342000000188818,18
SIFT,DAY-2_UMKM_SDL_112.JPG,0.0018530000000396285,22
SIFT,DAY-2_UMKM_SDL_113.JPG,0.0017475999999874148,24
SIFT,DAY-2_UMKM_SDL_114.JPG,0.001729599999976017,24
SIFT,DAY-2_UMKM_SDL_115.JPG,0.0018754999999828215,25
SIFT,DAY-2_UMKM_SDL_116.JPG,0.0017587000000389708,34
SIFT,DAY-2_UMKM_SDL_117.JPG,0.0019684999999753927,43
SIFT,DAY-2_UMKM_SDL_118.JPG,0.002125900000010006,51
SIFT,DAY-2_UMKM_SDL_119.JPG,0.0018731999999772597,29
SIFT,DAY-2_UMKM_SDL_120.JPG,0.0019027999999821077,29
SIFT,DAY-2_UMKM_SDL_121.JPG,0.0015166000000021995,9
SIFT,DAY-2_UMKM_SDL_122.JPG,0.001630400000010468,23
SIFT,DAY-2_UMKM_SDL_123.JPG,0.0018370999999888227,34
SIFT,DAY-2_UMKM_SDL_124.JPG,0.001851899999962825,54
SIFT,DAY-2_UMKM_SDL_125.JPG,0.0018182000000024345,26
SIFT,DAY-2_UMKM_SDL_126.JPG,0.0018287999999984095,27
SIFT,DAY-2_UMKM_SDL_127.JPG,0.0017244000000005144,20
SIFT,DAY-2_UMKM_SDL_128.JPG,0.0018101999999657892,30
SIFT,DAY-2_UMKM_SDL_129.JPG,0.0023221000000148706,33
SIFT,DAY-2_UMKM_SDL_130.JPG,0.0023155000000087966,76
SIFT,DAY-2_UMKM_SDL_131.JPG,0.001909699999998793,26
SIFT,DAY-2_UMKM_SDL_132.JPG,0.0018159999999625143,35
SIFT,DAY-2_UMKM_SDL_133.JPG,0.0018235999999660635,13
SIFT,DAY-2_UMKM_SDL_134.JPG,0.0019524000000501474,42
SIFT,DAY-2_UMKM_SDL_135.JPG,0.0018034999999940737,26
SIFT,DAY-2_UMKM_SDL_136.JPG,0.0019111999999950058,46
SIFT,DAY-2_UMKM_SDL_137.JPG,0.002044299999965915,20
SIFT,DAY-2_UMKM_SDL_138.JPG,0.0022553000000016254,35
SIFT,DAY-2_UMKM_SDL_139.JPG,0.002224500000011176,53
SIFT,DAY-2_UMKM_SDL_140.JPG,0.0021791000000348504,45
SIFT,DAY-2_UMKM_SKL_001.JPG,0.0017869999999788888,14
SIFT,DAY-2_UMKM_SKL_002.JPG,0.0023797999999715103,91
SIFT,DAY-2_UMKM_SKL_003.JPG,0.0019573000000150387,14
SIFT,DAY-2_UMKM_SKL_004.JPG,0.0022215999999843916,24
SIFT,DAY-2_UMKM_SKL_005.JPG,0.0017930999999862252,18
SIFT,DAY-2_UMKM_SKL_006.JPG,0.0018574000000057822,17
SIFT,DAY-2_UMKM_SKL_007.JPG,0.002087099999982911,20
SIFT,DAY-2_UMKM_SKL_008.JPG,0.002214600000002065,49
SIFT,DAY-2_UMKM_SKL_009.JPG,0.002215199999966444,15
SIFT,DAY-2_UMKM_SKL_010.JPG,0.0017900999999937994,32
SIFT,DAY-2_UMKM_SKL_011.JPG,0.0020765999999525775,21
SIFT,DAY-2_UMKM_SKL_012.JPG,0.001933800000017527,16
SIFT,DAY-2_UMKM_SKL_013.JPG,0.0018209000000410924,20
SIFT,DAY-2_UMKM_SKL_014.JPG,0.0017983000000185712,35
SIFT,DAY-2_UMKM_SKL_015.JPG,0.001861099999985072,18
SIFT,DAY-2_UMKM_SKL_016.JPG,0.0019217999999909807,26
SIFT,DAY-2_UMKM_SKL_017.JPG,0.0017606999999770778,17
SIFT,DAY-2_UMKM_SKL_018.JPG,0.0018445000000042455,31
SIFT,DAY-2_UMKM_SKL_019.JPG,0.0017773000000147476,20
SIFT,DAY-2_UMKM_SKL_020.JPG,0.001822100000026694,23
SIFT,DAY-2_UMKM_SKL_021.JPG,0.001646699999980683,14
SIFT,DAY-2_UMKM_SKL_022.JPG,0.0020342999999911626,10
SIFT,DAY-2_UMKM_SKL_023.JPG,0.0018565000000307919,29
SIFT,DAY-2_UMKM_SKL_024.JPG,0.0018645000000105938,41
SIFT,DAY-2_UMKM_SKL_025.JPG,0.0020504999999957363,21
SIFT,DAY-2_UMKM_SKL_026.JPG,0.0019882999999936146,36
SIFT,DAY-2_UMKM_SKL_027.JPG,0.002445000000022901,31
SIFT,DAY-2_UMKM_SKL_028.JPG,0.0024429000000054657,21
SIFT,DAY-2_UMKM_SKL_029.JPG,0.002200299999969957,22
SIFT,DAY-2_UMKM_SKL_030.JPG,0.002290099999981976,51
SIFT,DAY-2_UMKM_SKL_031.JPG,0.0019530000000145264,23
SIFT,DAY-2_UMKM_SKL_032.JPG,0.0018450999999686246,20
SIFT,DAY-2_UMKM_SKL_033.JPG,0.0018830000000207292,14
SIFT,DAY-2_UMKM_SKL_034.JPG,0.0019924000000060005,51
SIFT,DAY-2_UMKM_SKL_035.JPG,0.0019072999999707463,19
SIFT,DAY-2_UMKM_SKL_036.JPG,0.0019518000000289248,21
SIFT,DAY-2_UMKM_SKL_037.JPG,0.001947700000016539,16
SIFT,DAY-2_UMKM_SKL_038.JPG,0.0031200000000239925,12
SIFT,DAY-2_UMKM_SKL_039.JPG,0.0017174000000181877,20
SIFT,DAY-2_UMKM_SKL_040.JPG,0.001686899999981506,29
SIFT,DAY-2_UMKM_SKL_041.JPG,0.0017011999999567706,21
SIFT,DAY-2_UMKM_SKL_042.JPG,0.0017077999999628446,23
SIFT,DAY-2_UMKM_SKL_043.JPG,0.001576999999997497,13
SIFT,DAY-2_UMKM_SKL_044.JPG,0.001728899999989153,39
SIFT,DAY-2_UMKM_SKL_045.JPG,0.001950200000010227,10
SIFT,DAY-2_UMKM_SKL_046.JPG,0.0017280000000141627,14
SIFT,DAY-2_UMKM_SKL_047.JPG,0.0019125000000030923,35
SIFT,DAY-2_UMKM_SKL_048.JPG,0.0019481999999584332,27
SIFT,DAY-2_UMKM_SKL_049.JPG,0.00170050000002675,14
SIFT,DAY-2_UMKM_SKL_050.JPG,0.0018986999999697218,37
SIFT,DAY-2_UMKM_SKL_051.JPG,0.002232699999979104,25
SIFT,DAY-2_UMKM_SKL_052.JPG,0.0019893999999567313,31
SIFT,DAY-2_UMKM_SKL_053.JPG,0.001655300000038551,13
SIFT,DAY-2_UMKM_SKL_054.JPG,0.0016497999999955937,12
SIFT,DAY-2_UMKM_SKL_055.JPG,0.0023176999999918735,12
SIFT,DAY-2_UMKM_SKL_056.JPG,0.0017882000000213338,13
SIFT,DAY-2_UMKM_SKL_057.JPG,0.0020914000000402666,15
SIFT,DAY-2_UMKM_SKL_058.JPG,0.00198449999999184,25
SIFT,DAY-2_UMKM_SKL_059.JPG,0.002364199999988159,41
SIFT,DAY-2_UMKM_SKL_060.JPG,0.002533599999992475,64
SIFT,DAY-2_UMKM_SKL_061.JPG,0.0021827999999572967,27
SIFT,DAY-2_UMKM_SKL_062.JPG,0.0021887999999989916,24
SIFT,DAY-2_UMKM_SKL_063.JPG,0.0019115999999712585,18
SIFT,DAY-2_UMKM_SKL_064.JPG,0.002014200000019173,67
SIFT,DAY-2_UMKM_SKL_065.JPG,0.0020145999999954256,23
SIFT,DAY-2_UMKM_SKL_066.JPG,0.0022437000000081753,36
SIFT,DAY-2_UMKM_SKL_067.JPG,0.002058000000033644,22
SIFT,DAY-2_UMKM_SKL_068.JPG,0.0020901999999978216,25
SIFT,DAY-2_UMKM_SKL_069.JPG,0.001840599999979986,11
SIFT,DAY-2_UMKM_SKL_070.JPG,0.001742799999988165,37
SIFT,DAY-2_UMKM_SKL_071.JPG,0.0017229000000043015,22
SIFT,DAY-2_UMKM_SKL_072.JPG,0.0017497999999704916,24
SIFT,DAY-2_UMKM_SKL_073.JPG,0.0018132000000150583,16
SIFT,DAY-2_UMKM_SKL_074.JPG,0.002025399999979527,52
SIFT,DAY-2_UMKM_SKL_075.JPG,0.0018699999999967076,16
SIFT,DAY-2_UMKM_SKL_076.JPG,0.00205250000004753,28
SIFT,DAY-2_UMKM_SKL_077.JPG,0.0015675999999871237,12
SIFT,DAY-2_UMKM_SKL_078.JPG,0.0017586999999821273,15
SIFT,DAY-2_UMKM_SKL_079.JPG,0.001767700000016248,20
SIFT,DAY-2_UMKM_SKL_080.JPG,0.0017065000000116015,32
SIFT,DAY-2_UMKM_SKL_081.JPG,0.0019316000000344502,19
SIFT,DAY-2_UMKM_SKL_082.JPG,0.0020269999999982247,24
SIFT,DAY-2_UMKM_SKL_083.JPG,0.0018984999999815955,16
SIFT,DAY-2_UMKM_SKL_084.JPG,0.0018466999999873224,11
SIFT,DAY-2_UMKM_SKL_085.JPG,0.001867000000004282,21
SIFT,DAY-2_UMKM_SKL_086.JPG,0.001972099999989041,25
SIFT,DAY-2_UMKM_SKL_087.JPG,0.0018369000000006963,22
SIFT,DAY-2_UMKM_SKL_088.JPG,0.0019631999999774052,21
SIFT,DAY-2_UMKM_SKL_089.JPG,0.0021667000000320513,45
SIFT,DAY-2_UMKM_SKL_090.JPG,0.0017197000000237495,14
SIFT,DAY-2_UMKM_SKL_091.JPG,0.0021922000000245134,32
SIFT,DAY-2_UMKM_SKL_092.JPG,0.00212880000003679,35
SIFT,DAY-2_UMKM_SKL_093.JPG,0.002120300000001407,10
SIFT,DAY-2_UMKM_SKL_094.JPG,0.00239640000000918,23
SIFT,DAY-2_UMKM_SKL_095.JPG,0.001849200000037854,13
SIFT,DAY-2_UMKM_SKL_096.JPG,0.0017592000000377084,19
SIFT,DAY-2_UMKM_SKL_097.JPG,0.0018455999999673622,9
SIFT,DAY-2_UMKM_SKL_098.JPG,0.0020487999999545536,13
SIFT,DAY-2_UMKM_SKL_099.JPG,0.0022311999999828913,15
SIFT,DAY-2_UMKM_SKL_100.JPG,0.001977799999963281,20
SIFT,DAY-2_UMKM_SKL_101.JPG,0.001986299999998664,16
SIFT,DAY-2_UMKM_SKL_102.JPG,0.002062700000010409,22
SIFT,DAY-2_UMKM_SKL_103.JPG,0.0020381999999585787,27
SIFT,DAY-2_UMKM_SKL_104.JPG,0.002125500000033753,28
SIFT,DAY-2_UMKM_SKL_105.JPG,0.0018233999999779371,24
SIFT,DAY-2_UMKM_SKL_106.JPG,0.0018362000000138323,42
SIFT,DAY-2_UMKM_SKL_107.JPG,0.0020351000000005115,27
SIFT,DAY-2_UMKM_SKL_108.JPG,0.0022026999999980035,35
SIFT,DAY-2_UMKM_SKL_109.JPG,0.001599300000009407,14
SIFT,DAY-2_UMKM_SKL_110.JPG,0.0017181000000050517,21
SIFT,DAY-2_UMKM_SKL_111.JPG,0.0017078999999853295,16
SIFT,DAY-2_UMKM_SKL_112.JPG,0.001703399999996691,25
SIFT,DAY-2_UMKM_SKL_113.JPG,0.001810299999988274,16
SIFT,DAY-2_UMKM_SKL_114.JPG,0.0017377000000351472,20
SIFT,DAY-2_UMKM_SKL_115.JPG,0.0018782999999871208,26
SIFT,DAY-2_UMKM_SKL_116.JPG,0.0019426000000066779,26
SIFT,DAY-2_UMKM_SKL_117.JPG,0.0019403000000011161,14
SIFT,DAY-2_UMKM_SKL_118.JPG,0.0018966999999747713,13
SIFT,DAY-2_UMKM_SKL_119.JPG,0.002206799999953546,24
SIFT,DAY-2_UMKM_SKL_120.JPG,0.0025329000000056112,113
SIFT,DAY-2_UMKM_SKL_121.JPG,0.0022543999999697917,40
SIFT,DAY-2_UMKM_SKL_122.JPG,0.00209380000001147,44
SIFT,DAY-2_UMKM_SKL_123.JPG,0.001924199999962184,18
SIFT,DAY-2_UMKM_SKL_124.JPG,0.0020577000000230328,20
SIFT,DAY-2_UMKM_SKL_125.JPG,0.001828199999977187,13
SIFT,DAY-2_UMKM_SKL_126.JPG,0.0019315999999776068,23
SIFT,DAY-2_UMKM_SKL_127.JPG,0.0018399999999587635,19
SIFT,DAY-2_UMKM_SKL_128.JPG,0.0019219000000134656,23
SIFT,DAY-2_UMKM_SKL_129.JPG,0.0019383999999718071,15
SIFT,DAY-2_UMKM_SKL_130.JPG,0.0018693999999754851,13
SIFT,DAY-2_UMKM_SKL_131.JPG,0.0018260999999597516,21
SIFT,DAY-2_UMKM_SKL_132.JPG,0.0017690000000243344,21
SIFT,DAY-2_UMKM_SKL_133.JPG,0.0018036000000165586,21
SIFT,DAY-2_UMKM_SKL_134.JPG,0.001765100000000075,18
SIFT,DAY-2_UMKM_SKL_135.JPG,0.0020649999999591273,21
SIFT,DAY-2_UMKM_SKL_136.JPG,0.0020508000000063475,71
SIFT,DAY-2_UMKM_SKL_137.JPG,0.001938499999994292,19
SIFT,DAY-2_UMKM_SKL_138.JPG,0.002200800000025538,93
SIFT,DAY-2_UMKM_SKL_139.JPG,0.002102799999988747,25
SIFT,DAY-2_UMKM_SKL_140.JPG,0.0021484000000100423,45
SIFT,DAY-2_UMKM_SMC_002.JPG,0.00251029999998309,169
SIFT,DAY-2_UMKM_SMC_003.JPG,0.002320399999973688,56
SIFT,DAY-2_UMKM_SMC_004.JPG,0.0025122999999780404,59
SIFT,DAY-2_UMKM_SMC_005.JPG,0.003813799999988987,133
SIFT,DAY-2_UMKM_SMC_006.JPG,0.0030161999999904765,90
SIFT,DAY-2_UMKM_SMC_007.JPG,0.002655199999992419,55
SIFT,DAY-2_UMKM_SMC_008.JPG,0.0033146000000101594,168
SIFT,DAY-2_UMKM_SMC_009.JPG,0.0034398000000237516,63
SIFT,DAY-2_UMKM_SMC_010.JPG,0.003012000000012449,79
SIFT,DAY-2_UMKM_SMC_011.JPG,0.0026090999999723863,31
SIFT,DAY-2_UMKM_SMC_012.JPG,0.0031078999999749612,106
SIFT,DAY-2_UMKM_SMC_013.JPG,0.0031728999999813823,66
SIFT,DAY-2_UMKM_SMC_014.JPG,0.0037236000000007152,109
SIFT,DAY-2_UMKM_SMC_015.JPG,0.002533599999992475,61
SIFT,DAY-2_UMKM_SMC_016.JPG,0.0031776000000149907,89
SIFT,DAY-2_UMKM_SMC_017.JPG,0.0037570999999729793,51
SIFT,DAY-2_UMKM_SMC_018.JPG,0.004943700000012541,163
SIFT,DAY-2_UMKM_SMC_019.JPG,0.0035986999999977343,34
SIFT,DAY-2_UMKM_SMC_020.JPG,0.0031788999999662337,96
SIFT,DAY-2_UMKM_SMC_021.JPG,0.0024344999999925676,30
SIFT,DAY-2_UMKM_SMC_022.JPG,0.003392500000018117,69
SIFT,DAY-2_UMKM_SMC_023.JPG,0.0030398999999761145,59
SIFT,DAY-2_UMKM_SMC_024.JPG,0.003147899999987658,156
SIFT,DAY-2_UMKM_SMC_025.JPG,0.0029459000000429114,83
SIFT,DAY-2_UMKM_SMC_027.JPG,0.003244600000016362,94
SIFT,DAY-2_UMKM_SMC_028.JPG,0.0032556000000454333,100
SIFT,DAY-2_UMKM_SMC_029.JPG,0.0028404999999906977,37
SIFT,DAY-2_UMKM_SMC_030.JPG,0.003902199999970435,204
SIFT,DAY-2_UMKM_SMC_031.JPG,0.0032481000000075255,122
SIFT,DAY-2_UMKM_SMC_032.JPG,0.002781499999969128,99
SIFT,DAY-2_UMKM_SMC_033.JPG,0.004737300000044797,173
SIFT,DAY-2_UMKM_SMC_034.JPG,0.0038281999999867367,108
SIFT,DAY-2_UMKM_SMC_035.JPG,0.0044786000000272,98
SIFT,DAY-2_UMKM_SMC_036.JPG,0.004762799999980416,164
SIFT,DAY-2_UMKM_SMC_037.JPG,0.004164900000034777,96
SIFT,DAY-2_UMKM_SMC_038.JPG,0.003916500000002543,150
SIFT,DAY-2_UMKM_SMC_039.JPG,0.0026210999999989326,45
SIFT,DAY-2_UMKM_SMC_040.JPG,0.0025521000000026106,87
SIFT,DAY-2_UMKM_SMC_041.JPG,0.0025883000000135326,36
SIFT,DAY-2_UMKM_SMC_043.JPG,0.0051294999999527136,83
SIFT,DAY-2_UMKM_SMC_044.JPG,0.004819899999972677,154
SIFT,DAY-2_UMKM_SMC_045.JPG,0.00466140000003179,101
SIFT,DAY-2_UMKM_SMC_046.JPG,0.0049133999999639855,213
SIFT,DAY-2_UMKM_SMC_047.JPG,0.002379499999960899,38
SIFT,DAY-2_UMKM_SMC_048.JPG,0.0024263000000246393,55
SIFT,DAY-2_UMKM_SMC_049.JPG,0.002206899999976031,43
SIFT,DAY-2_UMKM_SMC_050.JPG,0.002299999999991087,68
SIFT,DAY-2_UMKM_SMC_051.JPG,0.004011499999990065,115
SIFT,DAY-2_UMKM_SMC_052.JPG,0.0037403000000040265,177
SIFT,DAY-2_UMKM_SMC_053.JPG,0.004409500000008393,38
SIFT,DAY-2_UMKM_SMC_054.JPG,0.006574999999997999,187
SIFT,DAY-2_UMKM_SMC_055.JPG,0.0029274999999984175,81
SIFT,DAY-2_UMKM_SMC_056.JPG,0.0028204999999843494,81
SIFT,DAY-2_UMKM_SMC_057.JPG,0.0023436000000174317,64
SIFT,DAY-2_UMKM_SMC_058.JPG,0.0024793999999701555,99
SIFT,DAY-2_UMKM_SMC_059.JPG,0.002768600000024435,66
SIFT,DAY-2_UMKM_SMC_060.JPG,0.003041300000006686,117
SIFT,DAY-2_UMKM_SMC_061.JPG,0.00451599999996688,60
SIFT,DAY-2_UMKM_SMC_062.JPG,0.0055110000000127,164
SIFT,DAY-2_UMKM_SMC_063.JPG,0.002620199999967099,64
SIFT,DAY-2_UMKM_SMC_064.JPG,0.0027306999999723303,104
SIFT,DAY-2_UMKM_SMC_065.JPG,0.0026346999999873333,65
SIFT,DAY-2_UMKM_SMC_066.JPG,0.003045999999983451,142
SIFT,DAY-2_UMKM_SMC_067.JPG,0.003362600000002658,51
SIFT,DAY-2_UMKM_SMC_068.JPG,0.0037088999999923544,166
SIFT,DAY-2_UMKM_SMC_069.JPG,0.002908199999978933,46
SIFT,DAY-2_UMKM_SMC_070.JPG,0.0035217000000216103,179
SIFT,DAY-2_UMKM_SMC_071.JPG,0.003220399999975143,89
SIFT,DAY-2_UMKM_SMC_072.JPG,0.0030856000000198947,120
SIFT,DAY-2_UMKM_SMC_073.JPG,0.004182200000002467,106
SIFT,DAY-2_UMKM_SMC_074.JPG,0.00399809999998979,151
SIFT,DAY-2_UMKM_SMC_075.JPG,0.0037245999999981905,51
SIFT,DAY-2_UMKM_SMC_076.JPG,0.0043514999999842985,122
SIFT,DAY-2_UMKM_SMC_077.JPG,0.0033505999999761116,57
SIFT,DAY-2_UMKM_SMC_078.JPG,0.0042660999999952764,206
SIFT,DAY-2_UMKM_SMC_079.JPG,0.004236100000014176,170
SIFT,DAY-2_UMKM_SMC_080.JPG,0.005265499999950407,249
SIFT,DAY-2_UMKM_SMC_081.JPG,0.0029790000000389227,74
SIFT,DAY-2_UMKM_SMC_082.JPG,0.002780799999982264,99
SIFT,DAY-2_UMKM_SMC_083.JPG,0.004594100000019807,168
SIFT,DAY-2_UMKM_SMC_084.JPG,0.0050362000000063745,263
SIFT,DAY-2_UMKM_SMC_085.JPG,0.002214200000025812,13
SIFT,DAY-2_UMKM_SMC_086.JPG,0.002208100000018476,32
SIFT,DAY-2_UMKM_SMC_087.JPG,0.003004700000019511,57
SIFT,DAY-2_UMKM_SMC_088.JPG,0.003263199999992139,117
SIFT,DAY-2_UMKM_SMC_089.JPG,0.00271340000000464,56
SIFT,DAY-2_UMKM_SMC_090.JPG,0.0027206000000319364,70
SIFT,DAY-2_UMKM_SMC_091.JPG,0.0024855999999999767,127
SIFT,DAY-2_UMKM_SMC_092.JPG,0.002368599999954313,72
SIFT,DAY-2_UMKM_SMC_093.JPG,0.0026361000000179047,67
SIFT,DAY-2_UMKM_SMC_094.JPG,0.002544700000044031,61
SIFT,DAY-2_UMKM_SMC_095.JPG,0.0026944999999614083,80
SIFT,DAY-2_UMKM_SMC_096.JPG,0.0029280999999627966,116
SIFT,DAY-2_UMKM_SMC_097.JPG,0.002726499999994303,99
SIFT,DAY-2_UMKM_SMC_098.JPG,0.002357800000027055,69
SIFT,DAY-2_UMKM_SMC_099.JPG,0.0035571000000231834,89
SIFT,DAY-2_UMKM_SMC_100.JPG,0.0048843000000147185,205
SIFT,DAY-2_UMKM_SMC_101.JPG,0.0032862000000477565,129
SIFT,DAY-2_UMKM_SMC_102.JPG,0.0032633999999802654,106
SIFT,DAY-2_UMKM_SMC_103.JPG,0.0029918000000179745,62
SIFT,DAY-2_UMKM_SMC_104.JPG,0.002656200000046738,34
SIFT,DAY-2_UMKM_SMC_105.JPG,0.003440400000044974,86
SIFT,DAY-2_UMKM_SMC_106.JPG,0.0031891000000427994,118
SIFT,DAY-2_UMKM_SMC_107.JPG,0.0027508000000011634,29
SIFT,DAY-2_UMKM_SMC_108.JPG,0.0030401000000210843,155
SIFT,DAY-2_UMKM_SMC_109.JPG,0.003018600000018523,81
SIFT,DAY-2_UMKM_SMC_110.JPG,0.0031710000000089167,112
SIFT,DAY-2_UMKM_SMC_111.JPG,0.002889999999979409,146
SIFT,DAY-2_UMKM_SMC_112.JPG,0.0030365999999730775,82
SIFT,DAY-2_UMKM_SMC_113.JPG,0.0034086999999658474,147
SIFT,DAY-2_UMKM_SMC_114.JPG,0.0031683999999927437,146
SIFT,DAY-2_UMKM_SMC_115.JPG,0.0029023000000165666,95
SIFT,DAY-2_UMKM_SMC_116.JPG,0.003001399999959631,73
SIFT,DAY-2_UMKM_SMC_117.JPG,0.0028875999999513624,101
SIFT,DAY-2_UMKM_SMC_118.JPG,0.002941099999986818,97
SIFT,DAY-2_UMKM_SMC_119.JPG,0.0027153999999995904,84
SIFT,DAY-2_UMKM_SMC_120.JPG,0.003057800000021871,116
SIFT,DAY-2_UMKM_SMC_121.JPG,0.0035968000000252687,151
SIFT,DAY-2_UMKM_SMC_122.JPG,0.004419499999983145,233
SIFT,DAY-2_UMKM_SMC_123.JPG,0.0030638999999723637,131
SIFT,DAY-2_UMKM_SMC_124.JPG,0.0028068999999959487,46
SIFT,DAY-2_UMKM_SMC_125.JPG,0.004033200000037596,109
SIFT,DAY-2_UMKM_SMC_126.JPG,0.004429399999992256,138
SIFT,DAY-2_UMKM_SMC_127.JPG,0.005123400000002221,163
SIFT,DAY-2_UMKM_SMC_128.JPG,0.005263600000034785,151
SIFT,DAY-2_UMKM_SMC_129.JPG,0.004571999999996024,185
SIFT,DAY-2_UMKM_SMC_130.JPG,0.00432469999998375,115
SIFT,DAY-2_UMKM_SMC_131.JPG,0.003439200000002529,100
SIFT,DAY-2_UMKM_SMC_132.JPG,0.0032083000000397988,151
SIFT,DAY-2_UMKM_SMC_133.JPG,0.002723600000024362,61
SIFT,DAY-2_UMKM_SMC_134.JPG,0.0028957000000104927,95
SIFT,DAY-2_UMKM_SMC_135.JPG,0.0042206999999621075,160
SIFT,DAY-2_UMKM_SMC_136.JPG,0.004066200000011122,157
SIFT,DAY-2_UMKM_SMC_137.JPG,0.0035320999999726155,100
SIFT,DAY-2_UMKM_SMC_138.JPG,0.003036399999984951,123
SIFT,DAY-2_UMKM_SMC_139.JPG,0.005137600000011844,166
SIFT,DAY-2_UMKM_SMC_140.JPG,0.005121500000029755,194
SURF,DAY-1_RPH_HDM_001.JPG,0.40058740000000626,112
SURF,DAY-1_RPH_HDM_003.JPG,0.003340700000023844,179
SURF,DAY-1_RPH_HDM_004.JPG,0.005023399999970479,172
SURF,DAY-1_RPH_HDM_005.JPG,0.003729699999951208,125
SURF,DAY-1_RPH_HDM_006.JPG,0.0029271000000221647,77
SURF,DAY-1_RPH_HDM_007.JPG,0.003411600000049475,148
SURF,DAY-1_RPH_HDM_008.JPG,0.0033543000000122447,171
SURF,DAY-1_RPH_HDM_009.JPG,0.003777000000013686,191
SURF,DAY-1_RPH_HDM_010.JPG,0.0038129000000139968,192
SURF,DAY-1_RPH_HDM_011.JPG,0.0025417999999604035,93
SURF,DAY-1_RPH_HDM_012.JPG,0.003342900000006921,130
SURF,DAY-1_RPH_HDM_013.JPG,0.004148100000008981,202
SURF,DAY-1_RPH_HDM_014.JPG,0.003523599999994076,145
SURF,DAY-1_RPH_HDM_015.JPG,0.0029516000000171516,98
SURF,DAY-1_RPH_HDM_016.JPG,0.003152300000010655,115
SURF,DAY-1_RPH_HDM_017.JPG,0.002874399999996058,103
SURF,DAY-1_RPH_HDM_018.JPG,0.0028450000000361797,95
SURF,DAY-1_RPH_HDM_019.JPG,0.00212290000001758,80
SURF,DAY-1_RPH_HDM_020.JPG,0.002865499999984422,104
SURF,DAY-1_RPH_HDM_021.JPG,0.0026333000000136053,87
SURF,DAY-1_RPH_HDM_023.JPG,0.002081299999986186,46
SURF,DAY-1_RPH_HDM_024.JPG,0.002358500000013919,64
SURF,DAY-1_RPH_HDM_025.JPG,0.0021950999999944543,54
SURF,DAY-1_RPH_HDM_027.JPG,0.0028181999999787877,73
SURF,DAY-1_RPH_HDM_028.JPG,0.0024033000000258653,48
SURF,DAY-1_RPH_HDM_029.JPG,0.003237800000022162,93
SURF,DAY-1_RPH_HDM_030.JPG,0.0035298999999895386,95
SURF,DAY-1_RPH_HDM_031.JPG,0.002915300000040588,118
SURF,DAY-1_RPH_HDM_032.JPG,0.0025021000000151616,63
SURF,DAY-1_RPH_HDM_033.JPG,0.003096400000003996,130
SURF,DAY-1_RPH_HDM_034.JPG,0.0031760999999619344,156
SURF,DAY-1_RPH_HDM_035.JPG,0.003026599999998325,97
SURF,DAY-1_RPH_HDM_036.JPG,0.003303100000039194,123
SURF,DAY-1_RPH_HDM_037.JPG,0.0029839999999694555,118
SURF,DAY-1_RPH_HDM_038.JPG,0.002805399999999736,75
SURF,DAY-1_RPH_HDM_039.JPG,0.0033506999999985965,142
SURF,DAY-1_RPH_HDM_040.JPG,0.002535899999998037,60
SURF,DAY-1_RPH_HDM_041.JPG,0.002632699999992383,69
SURF,DAY-1_RPH_HDM_042.JPG,0.0028703000000405154,86
SURF,DAY-1_RPH_HDM_043.JPG,0.002613999999994121,74
SURF,DAY-1_RPH_HDM_044.JPG,0.0031462000000033186,114
SURF,DAY-1_RPH_HDM_045.JPG,0.0032603000000221982,137
SURF,DAY-1_RPH_HDM_046.JPG,0.0033817999999996573,92
SURF,DAY-1_RPH_HDM_047.JPG,0.0035288999999920634,171
SURF,DAY-1_RPH_HDM_048.JPG,0.0033998999999766966,159
SURF,DAY-1_RPH_HDM_049.JPG,0.004260499999986678,161
SURF,DAY-1_RPH_HDM_050.JPG,0.003962500000000091,183
SURF,DAY-1_RPH_HDM_051.JPG,0.002991199999996752,90
SURF,DAY-1_RPH_HDM_053.JPG,0.002958199999966382,132
SURF,DAY-1_RPH_HDM_054.JPG,0.003021399999965979,134
SURF,DAY-1_RPH_HDM_055.JPG,0.0033888000000388274,138
SURF,DAY-1_RPH_HDM_056.JPG,0.003323899999998048,102
SURF,DAY-1_RPH_HDM_057.JPG,0.0021937000000207263,49
SURF,DAY-1_RPH_HDM_058.JPG,0.0023146999999994478,72
SURF,DAY-1_RPH_HDM_059.JPG,0.0031172999999853346,126
SURF,DAY-1_RPH_HDM_060.JPG,0.003054999999960728,94
SURF,DAY-1_RPH_HDM_061.JPG,0.0028424000000200067,58
SURF,DAY-1_RPH_HDM_062.JPG,0.0022695000000112486,80
SURF,DAY-1_RPH_HDM_063.JPG,0.0022756999999842265,77
SURF,DAY-1_RPH_HDM_064.JPG,0.002122399999961999,50
SURF,DAY-1_RPH_HDM_065.JPG,0.0023687999999992826,66
SURF,DAY-1_RPH_HDM_066.JPG,0.002600900000004458,94
SURF,DAY-1_RPH_HDM_067.JPG,0.003472499999986667,95
SURF,DAY-1_RPH_HDM_068.JPG,0.0033912000000100306,119
SURF,DAY-1_RPH_HDM_069.JPG,0.002179200000000492,52
SURF,DAY-1_RPH_HDM_070.JPG,0.002264900000000125,82
SURF,DAY-1_RPH_HDM_071.JPG,0.0029807999999889034,147
SURF,DAY-1_RPH_HDM_072.JPG,0.0032450000000494583,97
SURF,DAY-1_RPH_HDM_073.JPG,0.0027370000000246364,70
SURF,DAY-1_RPH_HDM_074.JPG,0.0029992000000333974,80
SURF,DAY-1_RPH_HDM_075.JPG,0.002229499999998552,72
SURF,DAY-1_RPH_HDM_076.JPG,0.0022371000000021013,84
SURF,DAY-1_RPH_HDM_077.JPG,0.003272299999991901,144
SURF,DAY-1_RPH_HDM_078.JPG,0.0032260000000405853,142
SURF,DAY-1_RPH_HDM_080.JPG,0.0019512999999733438,71
SURF,DAY-1_RPH_HDM_081.JPG,0.002737999999965268,98
SURF,DAY-1_RPH_HDM_082.JPG,0.0031624000000078922,159
SURF,DAY-1_RPH_HDM_083.JPG,0.0028738999999973203,121
SURF,DAY-1_RPH_HDM_086.JPG,0.002221600000041235,71
SURF,DAY-1_RPH_HDM_087.JPG,0.00258769999999231,77
SURF,DAY-1_RPH_HDM_088.JPG,0.0025203999999803273,98
SURF,DAY-1_RPH_HDM_089.JPG,0.00232490000001917,64
SURF,DAY-1_RPH_HDM_090.JPG,0.0020152999999822896,50
SURF,DAY-1_RPH_HDM_091.JPG,0.0026455999999939195,119
SURF,DAY-1_RPH_HDM_092.JPG,0.002361000000007607,95
SURF,DAY-1_RPH_HDM_093.JPG,0.0023942999999917447,64
SURF,DAY-1_RPH_HDM_094.JPG,0.0025033000000007632,78
SURF,DAY-1_RPH_HDM_095.JPG,0.0030952000000183943,107
SURF,DAY-1_RPH_HDM_096.JPG,0.0036168999999972584,117
SURF,DAY-1_RPH_HDM_097.JPG,0.002688900000009653,85
SURF,DAY-1_RPH_HDM_098.JPG,0.0025309000000106607,79
SURF,DAY-1_RPH_HDM_099.JPG,0.002380599999980859,92
SURF,DAY-1_RPH_HDM_100.JPG,0.0024199000000066917,77
SURF,DAY-1_RPH_HDM_101.JPG,0.0037616999999841028,120
SURF,DAY-1_RPH_HDM_102.JPG,0.003603799999950752,126
SURF,DAY-1_RPH_HDM_103.JPG,0.0026131000000191307,105
SURF,DAY-1_RPH_HDM_104.JPG,0.0021217000000319786,69
SURF,DAY-1_RPH_HDM_105.JPG,0.0026712000000088665,89
SURF,DAY-1_RPH_HDM_106.JPG,0.0027012000000468106,112
SURF,DAY-1_RPH_HDM_107.JPG,0.0030770999999845117,108
SURF,DAY-1_RPH_HDM_108.JPG,0.0033108999999740263,160
SURF,DAY-1_RPH_HDM_110.JPG,0.002492399999994177,86
SURF,DAY-1_RPH_HDM_111.JPG,0.002600900000004458,82
SURF,DAY-1_RPH_HDM_112.JPG,0.00216530000000148,51
SURF,DAY-1_RPH_HDM_113.JPG,0.0025585000000205582,87
SURF,DAY-1_RPH_HDM_114.JPG,0.002759800000035284,124
SURF,DAY-1_RPH_HDM_115.JPG,0.0020213000000239845,39
SURF,DAY-1_RPH_HDM_116.JPG,0.0018728999999666485,34
SURF,DAY-1_RPH_HDM_117.JPG,0.0021705999999994674,67
SURF,DAY-1_RPH_HDM_118.JPG,0.002635499999996682,115
SURF,DAY-1_RPH_HDM_119.JPG,0.0022960999999668275,48
SURF,DAY-1_RPH_HDM_120.JPG,0.0022032999999623826,68
SURF,DAY-1_RPH_HDM_121.JPG,0.0031726000000276144,121
SURF,DAY-1_RPH_HDM_122.JPG,0.002831599999979062,96
SURF,DAY-1_RPH_HDM_123.JPG,0.002387300000009418,55
SURF,DAY-1_RPH_HDM_124.JPG,0.002210900000022775,47
SURF,DAY-1_RPH_HDM_125.JPG,0.002881599999966511,74
SURF,DAY-1_RPH_HDM_126.JPG,0.0024854000000118504,66
SURF,DAY-1_RPH_HDM_127.JPG,0.002753799999993589,105
SURF,DAY-1_RPH_HDM_128.JPG,0.0021431999999776963,71
SURF,DAY-1_RPH_HDM_129.JPG,0.002646900000002006,110
SURF,DAY-1_RPH_HDM_130.JPG,0.0025201000000265594,84
SURF,DAY-1_RPH_HDM_131.JPG,0.0027028999999743064,93
SURF,DAY-1_RPH_HDM_132.JPG,0.0023116000000413806,91
SURF,DAY-1_RPH_HDM_133.JPG,0.0029284000000302512,105
SURF,DAY-1_RPH_HDM_134.JPG,0.002496399999984078,103
SURF,DAY-1_RPH_HDM_135.JPG,0.002928800000006504,84
SURF,DAY-1_RPH_HDM_136.JPG,0.0026596000000154163,94
SURF,DAY-1_RPH_HDM_137.JPG,0.002321700000038618,40
SURF,DAY-1_RPH_HDM_138.JPG,0.0019533000000251377,34
SURF,DAY-1_RPH_HDM_139.JPG,0.0031329999999911706,116
SURF,DAY-1_RPH_HDM_140.JPG,0.002943700000002991,111
SURF,DAY-1_RPH_HLR_001.JPG,0.0024022999999715466,97
SURF,DAY-1_RPH_HLR_002.JPG,0.002201199999944947,96
SURF,DAY-1_RPH_HLR_003.JPG,0.0025339000000030865,66
SURF,DAY-1_RPH_HLR_004.JPG,0.002430599999968308,108
SURF,DAY-1_RPH_HLR_005.JPG,0.002260300000045845,124
SURF,DAY-1_RPH_HLR_006.JPG,0.002429899999981444,124
SURF,DAY-1_RPH_HLR_007.JPG,0.001862300000027517,42
SURF,DAY-1_RPH_HLR_008.JPG,0.001724300000034873,43
SURF,DAY-1_RPH_HLR_009.JPG,0.002566300000012234,50
SURF,DAY-1_RPH_HLR_010.JPG,0.0019642999999973654,71
SURF,DAY-1_RPH_HLR_011.JPG,0.001973899999995865,98
SURF,DAY-1_RPH_HLR_012.JPG,0.002245200000004388,127
SURF,DAY-1_RPH_HLR_013.JPG,0.0017909000000031483,27
SURF,DAY-1_RPH_HLR_014.JPG,0.002192000000036387,73
SURF,DAY-1_RPH_HLR_015.JPG,0.002071200000045792,52
SURF,DAY-1_RPH_HLR_016.JPG,0.0021869999999921674,79
SURF,DAY-1_RPH_HLR_017.JPG,0.0020206000000371205,42
SURF,DAY-1_RPH_HLR_018.JPG,0.0017488000000298598,21
SURF,DAY-1_RPH_HLR_019.JPG,0.002035999999975502,66
SURF,DAY-1_RPH_HLR_020.JPG,0.0019542999999657695,70
SURF,DAY-1_RPH_HLR_021.JPG,0.002466099999992366,68
SURF,DAY-1_RPH_HLR_022.JPG,0.0021869999999921674,72
SURF,DAY-1_RPH_HLR_023.JPG,0.0026779000000374253,151
SURF,DAY-1_RPH_HLR_024.JPG,0.0032477999999969143,155
SURF,DAY-1_RPH_HLR_025.JPG,0.0023320000000239816,89
SURF,DAY-1_RPH_HLR_026.JPG,0.002270399999986239,79
SURF,DAY-1_RPH_HLR_027.JPG,0.002134599999976672,80
SURF,DAY-1_RPH_HLR_028.JPG,0.002320699999984299,81
SURF,DAY-1_RPH_HLR_029.JPG,0.0026045999999837477,108
SURF,DAY-1_RPH_HLR_030.JPG,0.002538999999956104,138
SURF,DAY-1_RPH_HLR_031.JPG,0.0019864999999867905,88
SURF,DAY-1_RPH_HLR_032.JPG,0.0016535999999973683,60
SURF,DAY-1_RPH_HLR_033.JPG,0.001832600000000184,28
SURF,DAY-1_RPH_HLR_034.JPG,0.002376599999990958,120
SURF,DAY-1_RPH_HLR_035.JPG,0.0021590000000060172,92
SURF,DAY-1_RPH_HLR_037.JPG,0.0024827999999956774,107
SURF,DAY-1_RPH_HLR_038.JPG,0.002859000000000833,104
SURF,DAY-1_RPH_HLR_039.JPG,0.0022495000000049004,48
SURF,DAY-1_RPH_HLR_040.JPG,0.002047699999991437,26
SURF,DAY-1_RPH_HLR_041.JPG,0.002277300000002924,74
SURF,DAY-1_RPH_HLR_043.JPG,0.0019965000000183863,26
SURF,DAY-1_RPH_HLR_045.JPG,0.0028173000000037973,137
SURF,DAY-1_RPH_HLR_047.JPG,0.002699099999972532,83
SURF,DAY-1_RPH_HLR_048.JPG,0.0025210999999671913,135
SURF,DAY-1_RPH_HLR_049.JPG,0.0026478999999994812,131
SURF,DAY-1_RPH_HLR_050.JPG,0.0028587000000470653,123
SURF,DAY-1_RPH_HLR_051.JPG,0.002161400000034064,85
SURF,DAY-1_RPH_HLR_052.JPG,0.0020723000000089087,78
SURF,DAY-1_RPH_HLR_053.JPG,0.0022069000000328742,47
SURF,DAY-1_RPH_HLR_054.JPG,0.002076700000031906,55
SURF,DAY-1_RPH_HLR_055.JPG,0.0016660999999658088,38
SURF,DAY-1_RPH_HLR_056.JPG,0.0016431999999895197,40
SURF,DAY-1_RPH_HLR_057.JPG,0.00286009999996395,93
SURF,DAY-1_RPH_HLR_058.JPG,0.0023234999999885986,93
SURF,DAY-1_RPH_HLR_059.JPG,0.002224900000044272,95
SURF,DAY-1_RPH_HLR_060.JPG,0.002248899999983678,102
SURF,DAY-1_RPH_HLR_061.JPG,0.0022877000000107728,123
SURF,DAY-1_RPH_HLR_062.JPG,0.001965200000029199,70
SURF,DAY-1_RPH_HLR_063.JPG,0.0019206999999710206,43
SURF,DAY-1_RPH_HLR_064.JPG,0.002067399999987174,61
SURF,DAY-1_RPH_HLR_065.JPG,0.00247269999999844,105
SURF,DAY-1_RPH_HLR_066.JPG,0.00223199999999224,95
SURF,DAY-1_RPH_HLR_067.JPG,0.0018981999999709842,59
SURF,DAY-1_RPH_HLR_068.JPG,0.005254699999966306,112
SURF,DAY-1_RPH_HLR_069.JPG,0.0042206999999621075,168
SURF,DAY-1_RPH_HLR_071.JPG,0.00405799999998635,137
SURF,DAY-1_RPH_HLR_072.JPG,0.0022784000000228843,65
SURF,DAY-1_RPH_HLR_073.JPG,0.002379700000005869,67
SURF,DAY-1_RPH_HLR_074.JPG,0.0022253999999861662,56
SURF,DAY-1_RPH_HLR_075.JPG,0.0034828999999945154,217
SURF,DAY-1_RPH_HLR_076.JPG,0.0031927999999652457,214
SURF,DAY-1_RPH_HLR_077.JPG,0.002578599999992548,161
SURF,DAY-1_RPH_HLR_078.JPG,0.0021848000000090906,122
SURF,DAY-1_RPH_HLR_079.JPG,0.0031072000000449407,123
SURF,DAY-1_RPH_HLR_080.JPG,0.002409899999975096,142
SURF,DAY-1_RPH_HLR_081.JPG,0.002443900000002941,138
SURF,DAY-1_RPH_HLR_082.JPG,0.0024417999999855056,123
SURF,DAY-1_RPH_HLR_083.JPG,0.0019072999999707463,56
SURF,DAY-1_RPH_HLR_084.JPG,0.0019152000000417502,93
SURF,DAY-1_RPH_HLR_085.JPG,0.0018992999999909443,105
SURF,DAY-1_RPH_HLR_086.JPG,0.002453900000034537,105
SURF,DAY-1_RPH_HLR_087.JPG,0.002746300000012525,102
SURF,DAY-1_RPH_HLR_088.JPG,0.003004700000019511,167
SURF,DAY-1_RPH_HLR_089.JPG,0.003340600000001359,139
SURF,DAY-1_RPH_HLR_090.JPG,0.0035323999999832267,93
SURF,DAY-1_RPH_HLR_091.JPG,0.002584500000011758,112
SURF,DAY-1_RPH_HLR_092.JPG,0.003554199999996399,129
SURF,DAY-1_RPH_HLR_093.JPG,0.002561999999954878,105
SURF,DAY-1_RPH_HLR_094.JPG,0.0025618999999892367,127
SURF,DAY-1_RPH_HLR_095.JPG,0.0036087999999949716,178
SURF,DAY-1_RPH_HLR_097.JPG,0.0029598999999507214,172
SURF,DAY-1_RPH_HLR_098.JPG,0.0032539000000042506,197
SURF,DAY-1_RPH_HLR_099.JPG,0.0025614000000473425,58
SURF,DAY-1_RPH_HLR_100.JPG,0.002598800000043866,89
SURF,DAY-1_RPH_HLR_101.JPG,0.00357000000002472,209
SURF,DAY-1_RPH_HLR_102.JPG,0.0029879999999593565,191
SURF,DAY-1_RPH_HLR_103.JPG,0.0034057999999959065,148
SURF,DAY-1_RPH_HLR_104.JPG,0.0034228999999754706,120
SURF,DAY-1_RPH_HLR_105.JPG,0.003990599999951883,169
SURF,DAY-1_RPH_HLR_106.JPG,0.004581999999970776,172
SURF,DAY-1_RPH_HLR_107.JPG,0.0033951999999999316,121
SURF,DAY-1_RPH_HLR_108.JPG,0.0024376999999731197,63
SURF,DAY-1_RPH_HLR_109.JPG,0.0026649000000134038,109
SURF,DAY-1_RPH_HLR_110.JPG,0.0034362000000101034,109
SURF,DAY-1_RPH_HLR_111.JPG,0.0029208999999923435,83
SURF,DAY-1_RPH_HLR_113.JPG,0.0033472999999730746,142
SURF,DAY-1_RPH_HLR_114.JPG,0.0036471999999889704,218
SURF,DAY-1_RPH_HLR_115.JPG,0.004516999999964355,168
SURF,DAY-1_RPH_HLR_116.JPG,0.004040099999997437,139
SURF,DAY-1_RPH_HLR_117.JPG,0.004834200000004785,275
SURF,DAY-1_RPH_HLR_119.JPG,0.0037136999999916043,136
SURF,DAY-1_RPH_HLR_120.JPG,0.0031425999999896703,132
SURF,DAY-1_RPH_HLR_121.JPG,0.0031066999999893596,156
SURF,DAY-1_RPH_HLR_122.JPG,0.003760600000020986,189
SURF,DAY-1_RPH_HLR_123.JPG,0.002645799999982046,115
SURF,DAY-1_RPH_HLR_124.JPG,0.0026414999999815336,133
SURF,DAY-1_RPH_HLR_125.JPG,0.0036819000000036795,201
SURF,DAY-1_RPH_HLR_126.JPG,0.005042300000013711,168
SURF,DAY-1_RPH_HLR_127.JPG,0.003394299999968098,165
SURF,DAY-1_RPH_HLR_128.JPG,0.00337870000004159,180
SURF,DAY-1_RPH_HLR_129.JPG,0.002478499999995165,110
SURF,DAY-1_RPH_HLR_131.JPG,0.0030340999999793894,126
SURF,DAY-1_RPH_HLR_133.JPG,0.0035872999999924104,221
SURF,DAY-1_RPH_HLR_134.JPG,0.0032942000000275584,99
SURF,DAY-1_RPH_HLR_135.JPG,0.0024245999999834567,115
SURF,DAY-1_RPH_HLR_136.JPG,0.002704499999993004,103
SURF,DAY-1_RPH_HLR_137.JPG,0.0028044000000022606,122
SURF,DAY-1_RPH_HLR_138.JPG,0.0029801000000020395,83
SURF,DAY-1_RPH_HLR_139.JPG,0.003535799999951905,131
SURF,DAY-1_RPH_HLR_140.JPG,0.003912700000000768,118
SURF,DAY-1_RPH_KLP_001.JPG,0.004936299999997118,169
SURF,DAY-1_RPH_KLP_002.JPG,0.0038766000000123313,160
SURF,DAY-1_RPH_KLP_003.JPG,0.002993399999979829,50
SURF,DAY-1_RPH_KLP_004.JPG,0.0026354000000310407,60
SURF,DAY-1_RPH_KLP_005.JPG,0.003117399999950976,112
SURF,DAY-1_RPH_KLP_006.JPG,0.0036362000000167427,140
SURF,DAY-1_RPH_KLP_008.JPG,0.0034522000000265507,99
SURF,DAY-1_RPH_KLP_009.JPG,0.002320800000006784,41
SURF,DAY-1_RPH_KLP_010.JPG,0.002847400000007383,68
SURF,DAY-1_RPH_KLP_011.JPG,0.0021198000000026695,29
SURF,DAY-1_RPH_KLP_012.JPG,0.002000199999997676,43
SURF,DAY-1_RPH_KLP_014.JPG,0.002013199999964854,52
SURF,DAY-1_RPH_KLP_015.JPG,0.003918800000008105,191
SURF,DAY-1_RPH_KLP_016.JPG,0.003574599999979,231
SURF,DAY-1_RPH_KLP_017.JPG,0.0033164000000169835,167
SURF,DAY-1_RPH_KLP_018.JPG,0.002894099999991795,131
SURF,DAY-1_RPH_KLP_019.JPG,0.0023632000000475273,50
SURF,DAY-1_RPH_KLP_020.JPG,0.0025196999999934633,72
SURF,DAY-1_RPH_KLP_022.JPG,0.002070000000003347,61
SURF,DAY-1_RPH_KLP_024.JPG,0.002161199999989094,63
SURF,DAY-1_RPH_KLP_025.JPG,0.002769199999988814,102
SURF,DAY-1_RPH_KLP_026.JPG,0.0027599000000009255,81
SURF,DAY-1_RPH_KLP_027.JPG,0.0019939000000022133,52
SURF,DAY-1_RPH_KLP_028.JPG,0.002540199999998549,59
SURF,DAY-1_RPH_KLP_029.JPG,0.0024616000000037275,61
SURF,DAY-1_RPH_KLP_030.JPG,0.003271600000005037,147
SURF,DAY-1_RPH_KLP_031.JPG,0.0023664000000280794,80
SURF,DAY-1_RPH_KLP_032.JPG,0.0023977000000172666,55
SURF,DAY-1_RPH_KLP_033.JPG,0.0025014000000282977,106
SURF,DAY-1_RPH_KLP_034.JPG,0.0024670000000242,99
SURF,DAY-1_RPH_KLP_035.JPG,0.002434699999980694,34
SURF,DAY-1_RPH_KLP_036.JPG,0.0025563000000374814,35
SURF,DAY-1_RPH_KLP_037.JPG,0.002429300000017065,84
SURF,DAY-1_RPH_KLP_038.JPG,0.0024353000000019165,101
SURF,DAY-1_RPH_KLP_039.JPG,0.002268300000025647,77
SURF,DAY-1_RPH_KLP_040.JPG,0.002163499999994656,60
SURF,DAY-1_RPH_KLP_041.JPG,0.0017581000000177482,32
SURF,DAY-1_RPH_KLP_042.JPG,0.0018967999999972562,60
SURF,DAY-1_RPH_KLP_043.JPG,0.0039690999999493215,67
SURF,DAY-1_RPH_KLP_044.JPG,0.002717700000005152,42
SURF,DAY-1_RPH_KLP_045.JPG,0.0020747000000369553,47
SURF,DAY-1_RPH_KLP_046.JPG,0.0024985000000015134,66
SURF,DAY-1_RPH_KLP_047.JPG,0.003550200000006498,158
SURF,DAY-1_RPH_KLP_048.JPG,0.0031402999999841086,139
SURF,DAY-1_RPH_KLP_049.JPG,0.0019182999999998174,64
SURF,DAY-1_RPH_KLP_050.JPG,0.0018244000000322558,66
SURF,DAY-1_RPH_KLP_051.JPG,0.0020718999999758125,40
SURF,DAY-1_RPH_KLP_052.JPG,0.0023505999999997584,69
SURF,DAY-1_RPH_KLP_054.JPG,0.0019618999999693187,35
SURF,DAY-1_RPH_KLP_055.JPG,0.0022218000000293614,100
SURF,DAY-1_RPH_KLP_056.JPG,0.002306499999974676,58
SURF,DAY-1_RPH_KLP_057.JPG,0.002774599999952443,112
SURF,DAY-1_RPH_KLP_058.JPG,0.002832699999999022,137
SURF,DAY-1_RPH_KLP_059.JPG,0.002130200000010518,74
SURF,DAY-1_RPH_KLP_060.JPG,0.00231309999998075,73
SURF,DAY-1_RPH_KLP_061.JPG,0.002947399999982281,74
SURF,DAY-1_RPH_KLP_062.JPG,0.002743000000009488,84
SURF,DAY-1_RPH_KLP_063.JPG,0.0032140999999796804,121
SURF,DAY-1_RPH_KLP_064.JPG,0.002727999999990516,101
SURF,DAY-1_RPH_KLP_065.JPG,0.0024111999999831824,79
SURF,DAY-1_RPH_KLP_066.JPG,0.0025774000000069464,88
SURF,DAY-1_RPH_KLP_067.JPG,0.002398700000014742,43
SURF,DAY-1_RPH_KLP_068.JPG,0.0022220999999831292,58
SURF,DAY-1_RPH_KLP_069.JPG,0.003118800000038391,104
SURF,DAY-1_RPH_KLP_070.JPG,0.0027621000000408458,105
SURF,DAY-1_RPH_KLP_071.JPG,0.0019710999999915657,18
SURF,DAY-1_RPH_KLP_072.JPG,0.0025878999999804364,62
SURF,DAY-1_RPH_KLP_073.JPG,0.002326800000048479,48
SURF,DAY-1_RPH_KLP_074.JPG,0.0020940999999652377,58
SURF,DAY-1_RPH_KLP_075.JPG,0.0022946999999930995,46
SURF,DAY-1_RPH_KLP_076.JPG,0.002769799999953193,52
SURF,DAY-1_RPH_KLP_077.JPG,0.003923100000008617,148
SURF,DAY-1_RPH_KLP_078.JPG,0.003218599999968319,120
SURF,DAY-1_RPH_KLP_079.JPG,0.0023690000000442524,101
SURF,DAY-1_RPH_KLP_080.JPG,0.0025428999999803636,112
SURF,DAY-1_RPH_KLP_081.JPG,0.002560299999970539,77
SURF,DAY-1_RPH_KLP_083.JPG,0.002452199999993354,26
SURF,DAY-1_RPH_KLP_084.JPG,0.00274730000001,36
SURF,DAY-1_RPH_KLP_085.JPG,0.0029763999999659063,90
SURF,DAY-1_RPH_KLP_086.JPG,0.0029182999999761705,74
SURF,DAY-1_RPH_KLP_087.JPG,0.0027632000000039625,89
SURF,DAY-1_RPH_KLP_088.JPG,0.0022763999999710904,65
SURF,DAY-1_RPH_KLP_089.JPG,0.0021183000000064567,44
SURF,DAY-1_RPH_KLP_090.JPG,0.002206199999989167,68
SURF,DAY-1_RPH_KLP_091.JPG,0.0021243999999569496,47
SURF,DAY-1_RPH_KLP_092.JPG,0.0023721000000023196,53
SURF,DAY-1_RPH_KLP_093.JPG,0.0029502999999522217,91
SURF,DAY-1_RPH_KLP_094.JPG,0.0023999000000003434,57
SURF,DAY-1_RPH_KLP_095.JPG,0.0029445999999779815,134
SURF,DAY-1_RPH_KLP_096.JPG,0.0024840000000381224,72
SURF,DAY-1_RPH_KLP_097.JPG,0.0018081000000051972,22
SURF,DAY-1_RPH_KLP_098.JPG,0.0020190000000184227,49
SURF,DAY-1_RPH_KLP_099.JPG,0.002777199999968616,84
SURF,DAY-1_RPH_KLP_100.JPG,0.0028094000000464803,90
SURF,DAY-1_RPH_KLP_101.JPG,0.002403100000037739,53
SURF,DAY-1_RPH_KLP_102.JPG,0.001957900000036261,52
SURF,DAY-1_RPH_KLP_103.JPG,0.002801400000009835,60
SURF,DAY-1_RPH_KLP_104.JPG,0.0034567999999808308,91
SURF,DAY-1_RPH_KLP_105.JPG,0.0023419000000330925,33
SURF,DAY-1_RPH_KLP_106.JPG,0.0025711000000114836,68
SURF,DAY-1_RPH_KLP_107.JPG,0.0025890000000003965,29
SURF,DAY-1_RPH_KLP_108.JPG,0.0026111999999898217,43
SURF,DAY-1_RPH_KLP_109.JPG,0.002222899999992478,47
SURF,DAY-1_RPH_KLP_110.JPG,0.0023517000000197186,54
SURF,DAY-1_RPH_KLP_111.JPG,0.0021424999999908323,93
SURF,DAY-1_RPH_KLP_112.JPG,0.0022677000000044245,71
SURF,DAY-1_RPH_KLP_113.JPG,0.002019799999970928,29
SURF,DAY-1_RPH_KLP_114.JPG,0.002276899999969828,50
SURF,DAY-1_RPH_KLP_115.JPG,0.0028945999999905325,57
SURF,DAY-1_RPH_KLP_116.JPG,0.002843000000041229,58
SURF,DAY-1_RPH_KLP_117.JPG,0.0033201999999619147,79
SURF,DAY-1_RPH_KLP_118.JPG,0.003041899999971065,54
SURF,DAY-1_RPH_KLP_119.JPG,0.0028474999999730244,73
SURF,DAY-1_RPH_KLP_120.JPG,0.002716599999985192,72
SURF,DAY-1_RPH_KLP_121.JPG,0.0028312000000028092,93
SURF,DAY-1_RPH_KLP_122.JPG,0.003196500000001379,72
SURF,DAY-1_RPH_KLP_124.JPG,0.002424300000029689,60
SURF,DAY-1_RPH_KLP_125.JPG,0.0023759999999697357,81
SURF,DAY-1_RPH_KLP_126.JPG,0.0022917000000006738,80
SURF,DAY-1_RPH_KLP_127.JPG,0.00221929999997883,74
SURF,DAY-1_RPH_KLP_128.JPG,0.002176599999984319,76
SURF,DAY-1_RPH_KLP_129.JPG,0.002991300000019237,116
SURF,DAY-1_RPH_KLP_130.JPG,0.0031242999999676613,115
SURF,DAY-1_RPH_KLP_131.JPG,0.0025357000000099106,59
SURF,DAY-1_RPH_KLP_132.JPG,0.002281799999991563,83
SURF,DAY-1_RPH_KLP_133.JPG,0.0024270999999771448,84
SURF,DAY-1_RPH_KLP_134.JPG,0.002792099999965103,71
SURF,DAY-1_RPH_KLP_135.JPG,0.0017164000000207125,37
SURF,DAY-1_RPH_KLP_136.JPG,0.0020156000000497443,49
SURF,DAY-1_RPH_KLP_137.JPG,0.0029394999999681204,127
SURF,DAY-1_RPH_KLP_138.JPG,0.0034689999999955035,185
SURF,DAY-1_RPH_KLP_139.JPG,0.002809399999989637,66
SURF,DAY-1_RPH_KLP_140.JPG,0.0022588000000496322,37
SURF,DAY-1_RPH_LMS_001.JPG,0.0024162999999930435,97
SURF,DAY-1_RPH_LMS_002.JPG,0.0026149999999915963,94
SURF,DAY-1_RPH_LMS_003.JPG,0.002937599999995655,133
SURF,DAY-1_RPH_LMS_004.JPG,0.002987099999984366,165
SURF,DAY-1_RPH_LMS_005.JPG,0.0020531999999775508,71
SURF,DAY-1_RPH_LMS_006.JPG,0.0025966999999695872,106
SURF,DAY-1_RPH_LMS_007.JPG,0.001693399999965095,48
SURF,DAY-1_RPH_LMS_008.JPG,0.0017852999999945496,48
SURF,DAY-1_RPH_LMS_009.JPG,0.0032110999999872547,120
SURF,DAY-1_RPH_LMS_010.JPG,0.002799600000003011,114
SURF,DAY-1_RPH_LMS_011.JPG,0.0032504000000130873,143
SURF,DAY-1_RPH_LMS_012.JPG,0.003528000000017073,154
SURF,DAY-1_RPH_LMS_013.JPG,0.0029023000000165666,100
SURF,DAY-1_RPH_LMS_014.JPG,0.003367800000035004,97
SURF,DAY-1_RPH_LMS_015.JPG,0.003083199999991848,151
SURF,DAY-1_RPH_LMS_016.JPG,0.002784099999985301,109
SURF,DAY-1_RPH_LMS_017.JPG,0.0029327000000307635,133
SURF,DAY-1_RPH_LMS_018.JPG,0.0026333000000136053,102
SURF,DAY-1_RPH_LMS_019.JPG,0.002775799999994888,107
SURF,DAY-1_RPH_LMS_020.JPG,0.002714600000047085,95
SURF,DAY-1_RPH_LMS_021.JPG,0.0032444999999938773,156
SURF,DAY-1_RPH_LMS_022.JPG,0.003087199999981749,175
SURF,DAY-1_RPH_LMS_023.JPG,0.003124399999990146,135
SURF,DAY-1_RPH_LMS_025.JPG,0.0033488999999917723,128
SURF,DAY-1_RPH_LMS_026.JPG,0.003152300000010655,155
SURF,DAY-1_RPH_LMS_027.JPG,0.0031031999999981963,103
SURF,DAY-1_RPH_LMS_028.JPG,0.003296200000022509,164
SURF,DAY-1_RPH_LMS_029.JPG,0.003352000000006683,169
SURF,DAY-1_RPH_LMS_030.JPG,0.0032951000000025488,171
SURF,DAY-1_RPH_LMS_031.JPG,0.0029597000000194384,107
SURF,DAY-1_RPH_LMS_032.JPG,0.0024273000000221145,92
SURF,DAY-1_RPH_LMS_033.JPG,0.0027837000000090484,104
SURF,DAY-1_RPH_LMS_034.JPG,0.002714999999966494,82
SURF,DAY-1_RPH_LMS_035.JPG,0.0029834000000050764,116
SURF,DAY-1_RPH_LMS_036.JPG,0.0033219000000030974,155
SURF,DAY-1_RPH_LMS_037.JPG,0.0030130000000099244,87
SURF,DAY-1_RPH_LMS_038.JPG,0.003444999999999254,152
SURF,DAY-1_RPH_LMS_039.JPG,0.0033591000000114946,148
SURF,DAY-1_RPH_LMS_040.JPG,0.0033543000000122447,152
SURF,DAY-1_RPH_LMS_041.JPG,0.003794600000048831,208
SURF,DAY-1_RPH_LMS_042.JPG,0.0030817999999612766,151
SURF,DAY-1_RPH_LMS_043.JPG,0.0023381999999969594,89
SURF,DAY-1_RPH_LMS_044.JPG,0.002679100000023027,109
SURF,DAY-1_RPH_LMS_045.JPG,0.003947700000026089,145
SURF,DAY-1_RPH_LMS_046.JPG,0.002881699999988996,86
SURF,DAY-1_RPH_LMS_048.JPG,0.0027547999999910644,110
SURF,DAY-1_RPH_LMS_049.JPG,0.0030770999999845117,139
SURF,DAY-1_RPH_LMS_050.JPG,0.0027003999999806183,90
SURF,DAY-1_RPH_LMS_051.JPG,0.0026695999999901687,115
SURF,DAY-1_RPH_LMS_052.JPG,0.0024271999999996297,82
SURF,DAY-1_RPH_LMS_053.JPG,0.0028733999999985826,155
SURF,DAY-1_RPH_LMS_054.JPG,0.0027802999999835265,110
SURF,DAY-1_RPH_LMS_055.JPG,0.004718400000001566,175
SURF,DAY-1_RPH_LMS_056.JPG,0.004469899999946847,206
SURF,DAY-1_RPH_LMS_057.JPG,0.0027312999999935528,131
SURF,DAY-1_RPH_LMS_058.JPG,0.0028062999999747262,119
SURF,DAY-1_RPH_LMS_059.JPG,0.0034834999999588945,103
SURF,DAY-1_RPH_LMS_060.JPG,0.004623400000014044,154
SURF,DAY-1_RPH_LMS_061.JPG,0.002713999999969019,63
SURF,DAY-1_RPH_LMS_063.JPG,0.0032471999999756918,97
SURF,DAY-1_RPH_LMS_064.JPG,0.0028002000000242333,90
SURF,DAY-1_RPH_LMS_065.JPG,0.003132600000014918,108
SURF,DAY-1_RPH_LMS_066.JPG,0.002880600000025879,94
SURF,DAY-1_RPH_LMS_067.JPG,0.003527499999961492,111
SURF,DAY-1_RPH_LMS_068.JPG,0.0028067000000078224,97
SURF,DAY-1_RPH_LMS_069.JPG,0.0024915000000191867,87
SURF,DAY-1_RPH_LMS_070.JPG,0.0032616000000302847,131
SURF,DAY-1_RPH_LMS_071.JPG,0.003218599999968319,129
SURF,DAY-1_RPH_LMS_072.JPG,0.0026596999999810578,111
SURF,DAY-1_RPH_LMS_073.JPG,0.003956300000027113,148
SURF,DAY-1_RPH_LMS_074.JPG,0.0030872000000385924,132
SURF,DAY-1_RPH_LMS_075.JPG,0.0029438999999911175,43
SURF,DAY-1_RPH_LMS_076.JPG,0.003138500000034128,122
SURF,DAY-1_RPH_LMS_077.JPG,0.003714700000045923,114
SURF,DAY-1_RPH_LMS_078.JPG,0.004096100000026581,175
SURF,DAY-1_RPH_LMS_079.JPG,0.0031328000000030443,97
SURF,DAY-1_RPH_LMS_080.JPG,0.003026999999974578,111
SURF,DAY-1_RPH_LMS_081.JPG,0.003165999999964697,81
SURF,DAY-1_RPH_LMS_082.JPG,0.0033496000000354798,117
SURF,DAY-1_RPH_LMS_084.JPG,0.003231699999957982,142
SURF,DAY-1_RPH_LMS_085.JPG,0.0028718000000367283,103
SURF,DAY-1_RPH_LMS_086.JPG,0.002832800000021507,112
SURF,DAY-1_RPH_LMS_087.JPG,0.002586300000018582,88
SURF,DAY-1_RPH_LMS_088.JPG,0.0027838000000315333,112
SURF,DAY-1_RPH_LMS_089.JPG,0.0027911000000244712,112
SURF,DAY-1_RPH_LMS_091.JPG,0.0026450000000295404,91
SURF,DAY-1_RPH_LMS_092.JPG,0.003622799999959625,108
SURF,DAY-1_RPH_LMS_093.JPG,0.003629799999998795,123
SURF,DAY-1_RPH_LMS_094.JPG,0.0032065000000329746,136
SURF,DAY-1_RPH_LMS_096.JPG,0.0022925000000100226,96
SURF,DAY-1_RPH_LMS_097.JPG,0.002262299999983952,85
SURF,DAY-1_RPH_LMS_098.JPG,0.0024106999999844447,118
SURF,DAY-1_RPH_LMS_099.JPG,0.003927300000043488,196
SURF,DAY-1_RPH_LMS_100.JPG,0.0028348000000164575,108
SURF,DAY-1_RPH_LMS_101.JPG,0.0023917999999980566,103
SURF,DAY-1_RPH_LMS_102.JPG,0.002215700000022025,103
SURF,DAY-1_RPH_LMS_103.JPG,0.0025941000000102576,78
SURF,DAY-1_RPH_LMS_104.JPG,0.0026530000000093423,86
SURF,DAY-1_RPH_LMS_105.JPG,0.002957600000002003,105
SURF,DAY-1_RPH_LMS_106.JPG,0.003199400000028163,162
SURF,DAY-1_RPH_LMS_107.JPG,0.002691799999979594,90
SURF,DAY-1_RPH_LMS_108.JPG,0.0030231000000071617,131
SURF,DAY-1_RPH_LMS_109.JPG,0.004070000000012897,101
SURF,DAY-1_RPH_LMS_110.JPG,0.0036954000000264386,155
SURF,DAY-1_RPH_LMS_111.JPG,0.0028815000000008695,130
SURF,DAY-1_RPH_LMS_112.JPG,0.0032567999999741915,169
SURF,DAY-1_RPH_LMS_113.JPG,0.0030856000000198947,121
SURF,DAY-1_RPH_LMS_115.JPG,0.003520199999968554,147
SURF,DAY-1_RPH_LMS_116.JPG,0.0037694999999757783,149
SURF,DAY-1_RPH_LMS_117.JPG,0.003875899999968624,119
SURF,DAY-1_RPH_LMS_118.JPG,0.003192699999999604,111
SURF,DAY-1_RPH_LMS_120.JPG,0.00233059999999341,92
SURF,DAY-1_RPH_LMS_121.JPG,0.002459000000044398,81
SURF,DAY-1_RPH_LMS_122.JPG,0.0033821000000102686,103
SURF,DAY-1_RPH_LMS_123.JPG,0.0026117999999542008,68
SURF,DAY-1_RPH_LMS_124.JPG,0.003183599999999842,81
SURF,DAY-1_RPH_LMS_125.JPG,0.002881699999988996,84
SURF,DAY-1_RPH_LMS_126.JPG,0.0023747000000184926,90
SURF,DAY-1_RPH_LMS_127.JPG,0.0033505999999761116,93
SURF,DAY-1_RPH_LMS_128.JPG,0.002630500000009306,101
SURF,DAY-1_RPH_LMS_129.JPG,0.0022748999999748776,50
SURF,DAY-1_RPH_LMS_130.JPG,0.0022832999999877757,80
SURF,DAY-1_RPH_LMS_131.JPG,0.0022361999999702675,63
SURF,DAY-1_RPH_LMS_132.JPG,0.0019534000000476226,38
SURF,DAY-1_RPH_LMS_133.JPG,0.0022561000000109743,65
SURF,DAY-1_RPH_LMS_134.JPG,0.0021664999999870815,95
SURF,DAY-1_RPH_LMS_135.JPG,0.0054724999999962165,222
SURF,DAY-1_RPH_LMS_136.JPG,0.0038089999999897373,122
SURF,DAY-1_RPH_LMS_137.JPG,0.0036997999999925923,136
SURF,DAY-1_RPH_LMS_138.JPG,0.00304879999998775,156
SURF,DAY-1_RPH_LMS_139.JPG,0.0024508999999852676,78
SURF,DAY-1_RPH_LMS_140.JPG,0.004355699999962326,137
SURF,DAY-1_UMKM_PDS_001.JPG,0.00270290000003115,52
SURF,DAY-1_UMKM_PDS_002.JPG,0.0020623999999997977,37
SURF,DAY-1_UMKM_PDS_003.JPG,0.0018041999999809377,33
SURF,DAY-1_UMKM_PDS_004.JPG,0.001869600000020455,34
SURF,DAY-1_UMKM_PDS_005.JPG,0.0024880000000280234,48
SURF,DAY-1_UMKM_PDS_006.JPG,0.0019095000000106666,39
SURF,DAY-1_UMKM_PDS_007.JPG,0.0015713999999888983,28
SURF,DAY-1_UMKM_PDS_008.JPG,0.0017589000000270971,32
SURF,DAY-1_UMKM_PDS_009.JPG,0.0020587999999861495,53
SURF,DAY-1_UMKM_PDS_010.JPG,0.0018984999999815955,32
SURF,DAY-1_UMKM_PDS_011.JPG,0.002305900000010297,54
SURF,DAY-1_UMKM_PDS_012.JPG,0.002002699999991364,47
SURF,DAY-1_UMKM_PDS_013.JPG,0.001950899999997091,59
SURF,DAY-1_UMKM_PDS_014.JPG,0.001854499999978998,91
SURF,DAY-1_UMKM_PDS_015.JPG,0.001832700000022669,20
SURF,DAY-1_UMKM_PDS_016.JPG,0.0023540000000252803,47
SURF,DAY-1_UMKM_PDS_017.JPG,0.002163100000018403,38
SURF,DAY-1_UMKM_PDS_018.JPG,0.0025349000000005617,50
SURF,DAY-1_UMKM_PDS_019.JPG,0.0021856000000184395,52
SURF,DAY-1_UMKM_PDS_020.JPG,0.0026327999999580243,80
SURF,DAY-1_UMKM_PDS_021.JPG,0.0027612999999746535,74
SURF,DAY-1_UMKM_PDS_022.JPG,0.003037899999981164,64
SURF,DAY-1_UMKM_PDS_023.JPG,0.0027676000000269596,72
SURF,DAY-1_UMKM_PDS_024.JPG,0.0022799999999847387,37
SURF,DAY-1_UMKM_PDS_025.JPG,0.0028506999999535765,101
SURF,DAY-1_UMKM_PDS_026.JPG,0.002815999999995711,70
SURF,DAY-1_UMKM_PDS_027.JPG,0.0024242999999728454,53
SURF,DAY-1_UMKM_PDS_028.JPG,0.002485900000010588,57
SURF,DAY-1_UMKM_PDS_029.JPG,0.0026718999999957305,78
SURF,DAY-1_UMKM_PDS_030.JPG,0.0023961999999642103,76
SURF,DAY-1_UMKM_PDS_031.JPG,0.0018000000000029104,44
SURF,DAY-1_UMKM_PDS_032.JPG,0.0017896000000519052,45
SURF,DAY-1_UMKM_PDS_033.JPG,0.0017478000000323846,27
SURF,DAY-1_UMKM_PDS_034.JPG,0.001883999999961361,39
SURF,DAY-1_UMKM_PDS_035.JPG,0.002466900000001715,58
SURF,DAY-1_UMKM_PDS_036.JPG,0.0024477000000047155,68
SURF,DAY-1_UMKM_PDS_037.JPG,0.0018422999999643253,32
SURF,DAY-1_UMKM_PDS_038.JPG,0.0015748000000144202,24
SURF,DAY-1_UMKM_PDS_039.JPG,0.002008400000022448,46
SURF,DAY-1_UMKM_PDS_040.JPG,0.0018104999999764004,28
SURF,DAY-1_UMKM_PDS_041.JPG,0.0018246999999860236,25
SURF,DAY-1_UMKM_PDS_042.JPG,0.0019159999999942556,57
SURF,DAY-1_UMKM_PDS_043.JPG,0.009322499999996126,196
SURF,DAY-1_UMKM_PDS_044.JPG,0.0030232000000296466,78
SURF,DAY-1_UMKM_PDS_045.JPG,0.0018473000000085449,48
SURF,DAY-1_UMKM_PDS_046.JPG,0.0021116000000347412,65
SURF,DAY-1_UMKM_PDS_047.JPG,0.0019245000000296386,30
SURF,DAY-1_UMKM_PDS_048.JPG,0.0020711999999889485,59
SURF,DAY-1_UMKM_PDS_049.JPG,0.0026232999999820095,66
SURF,DAY-1_UMKM_PDS_050.JPG,0.0026220000000307664,56
SURF,DAY-1_UMKM_PDS_051.JPG,0.003620599999976548,131
SURF,DAY-1_UMKM_PDS_052.JPG,0.0031922000000008666,93
SURF,DAY-1_UMKM_PDS_053.JPG,0.0028733999999985826,96
SURF,DAY-1_UMKM_PDS_054.JPG,0.0028277999999772874,75
SURF,DAY-1_UMKM_PDS_055.JPG,0.0025724999999852116,51
SURF,DAY-1_UMKM_PDS_056.JPG,0.0027190000000132386,62
SURF,DAY-1_UMKM_PDS_057.JPG,0.0032453999999688676,79
SURF,DAY-1_UMKM_PDS_058.JPG,0.002340500000002521,66
SURF,DAY-1_UMKM_PDS_059.JPG,0.002303600000004735,49
SURF,DAY-1_UMKM_PDS_060.JPG,0.001894500000048538,34
SURF,DAY-1_UMKM_PDS_061.JPG,0.002996400000029098,84
SURF,DAY-1_UMKM_PDS_062.JPG,0.001999200000000201,35
SURF,DAY-1_UMKM_PDS_063.JPG,0.0015281999999956497,25
SURF,DAY-1_UMKM_PDS_064.JPG,0.0016883999999777188,26
SURF,DAY-1_UMKM_PDS_065.JPG,0.0019149999999967804,57
SURF,DAY-1_UMKM_PDS_066.JPG,0.00228009999995038,53
SURF,DAY-1_UMKM_PDS_067.JPG,0.0027180000000157634,53
SURF,DAY-1_UMKM_PDS_068.JPG,0.006428800000037427,151
SURF,DAY-1_UMKM_PDS_069.JPG,0.002456999999992604,37
SURF,DAY-1_UMKM_PDS_070.JPG,0.002199599999983093,38
SURF,DAY-1_UMKM_PDS_071.JPG,0.0020814999999743122,50
SURF,DAY-1_UMKM_PDS_072.JPG,0.002547600000013972,68
SURF,DAY-1_UMKM_PDS_073.JPG,0.0030934000000115702,61
SURF,DAY-1_UMKM_PDS_074.JPG,0.0023843000000169923,45
SURF,DAY-1_UMKM_PDS_075.JPG,0.0019280999999864434,34
SURF,DAY-1_UMKM_PDS_076.JPG,0.002293500000007498,60
SURF,DAY-1_UMKM_PDS_077.JPG,0.002117800000007719,59
SURF,DAY-1_UMKM_PDS_078.JPG,0.001765100000000075,38
SURF,DAY-1_UMKM_PDS_079.JPG,0.006689600000015616,131
SURF,DAY-1_UMKM_PDS_080.JPG,0.002073199999983899,54
SURF,DAY-1_UMKM_PDS_081.JPG,0.0018290000000433793,47
SURF,DAY-1_UMKM_PDS_082.JPG,0.001599999999996271,40
SURF,DAY-1_UMKM_PDS_083.JPG,0.0021796999999992295,73
SURF,DAY-1_UMKM_PDS_084.JPG,0.002641500000038377,41
SURF,DAY-1_UMKM_PDS_085.JPG,0.0066126000000394924,155
SURF,DAY-1_UMKM_PDS_086.JPG,0.006059399999969628,176
SURF,DAY-1_UMKM_PDS_087.JPG,0.007106299999975363,203
SURF,DAY-1_UMKM_PDS_088.JPG,0.007563100000027134,171
SURF,DAY-1_UMKM_PDS_089.JPG,0.0025327999999831263,51
SURF,DAY-1_UMKM_PDS_090.JPG,0.0031323000000043066,67
SURF,DAY-1_UMKM_PDS_091.JPG,0.002858699999990222,75
SURF,DAY-1_UMKM_PDS_092.JPG,0.0024888000000373722,49
SURF,DAY-1_UMKM_PDS_093.JPG,0.0021793000000229767,40
SURF,DAY-1_UMKM_PDS_094.JPG,0.002156099999979233,37
SURF,DAY-1_UMKM_PDS_095.JPG,0.002474199999994653,42
SURF,DAY-1_UMKM_PDS_096.JPG,0.0027413000000251486,60
SURF,DAY-1_UMKM_PDS_097.JPG,0.002499100000022736,90
SURF,DAY-1_UMKM_PDS_098.JPG,0.0028221999999686886,108
SURF,DAY-1_UMKM_PDS_099.JPG,0.002212100000008377,48
SURF,DAY-1_UMKM_PDS_100.JPG,0.002063800000030369,33
SURF,DAY-1_UMKM_PDS_101.JPG,0.0063655999999809865,142
SURF,DAY-1_UMKM_PDS_102.JPG,0.006082100000014634,136
SURF,DAY-1_UMKM_PDS_103.JPG,0.005159499999990658,113
SURF,DAY-1_UMKM_PDS_104.JPG,0.006060100000013335,112
SURF,DAY-1_UMKM_PDS_105.JPG,0.002601499999968837,92
SURF,DAY-1_UMKM_PDS_106.JPG,0.0019262000000139778,56
SURF,DAY-1_UMKM_PDS_107.JPG,0.0019634999999880165,64
SURF,DAY-1_UMKM_PDS_108.JPG,0.00167119999997567,38
SURF,DAY-1_UMKM_PDS_109.JPG,0.0022720000000049367,71
SURF,DAY-1_UMKM_PDS_110.JPG,0.002246700000000601,60
SURF,DAY-1_UMKM_PDS_111.JPG,0.0030902999999966596,112
SURF,DAY-1_UMKM_PDS_112.JPG,0.0020893000000228312,61
SURF,DAY-1_UMKM_PDS_113.JPG,0.0023563999999964835,76
SURF,DAY-1_UMKM_PDS_114.JPG,0.0022788999999647785,40
SURF,DAY-1_UMKM_PDS_115.JPG,0.002218499999969481,77
SURF,DAY-1_UMKM_PDS_116.JPG,0.0019603000000074644,48
SURF,DAY-1_UMKM_PDS_117.JPG,0.002410700000041288,60
SURF,DAY-1_UMKM_PDS_118.JPG,0.0022223999999937405,74
SURF,DAY-1_UMKM_PDS_119.JPG,0.002495900000042184,36
SURF,DAY-1_UMKM_PDS_120.JPG,0.0032096999999566833,52
SURF,DAY-1_UMKM_PDS_121.JPG,0.002835300000015195,53
SURF,DAY-1_UMKM_PDS_122.JPG,0.003118700000015906,55
SURF,DAY-1_UMKM_PDS_123.JPG,0.002189299999997729,39
SURF,DAY-1_UMKM_PDS_124.JPG,0.002457699999979468,29
SURF,DAY-1_UMKM_PDS_125.JPG,0.0022323000000028514,60
SURF,DAY-1_UMKM_PDS_126.JPG,0.0023167999999600397,42
SURF,DAY-1_UMKM_PDS_127.JPG,0.0024851999999668806,49
SURF,DAY-1_UMKM_PDS_128.JPG,0.0024688999999966654,66
SURF,DAY-1_UMKM_PDS_129.JPG,0.002550200000030145,73
SURF,DAY-1_UMKM_PDS_130.JPG,0.0022151000000008025,43
SURF,DAY-1_UMKM_PDS_131.JPG,0.0019709000000034393,31
SURF,DAY-1_UMKM_PDS_132.JPG,0.0021917999999914173,64
SURF,DAY-1_UMKM_PDS_133.JPG,0.002377500000022792,45
SURF,DAY-1_UMKM_PDS_134.JPG,0.002654199999994944,63
SURF,DAY-1_UMKM_PDS_135.JPG,0.002108100000043578,39
SURF,DAY-1_UMKM_PDS_136.JPG,0.0019527999999695567,46
SURF,DAY-1_UMKM_PDS_137.JPG,0.0015516999999931613,36
SURF,DAY-1_UMKM_PDS_138.JPG,0.001485299999956169,24
SURF,DAY-1_UMKM_PDS_139.JPG,0.0022838999999521548,52
SURF,DAY-1_UMKM_PDS_140.JPG,0.00237409999999727,79
SURF,DAY-1_UMKM_PNT_001.JPG,0.003503799999975854,77
SURF,DAY-1_UMKM_PNT_002.JPG,0.0025691999999821746,57
SURF,DAY-1_UMKM_PNT_003.JPG,0.002259200000025885,60
SURF,DAY-1_UMKM_PNT_004.JPG,0.0017546999999922264,10
SURF,DAY-1_UMKM_PNT_005.JPG,0.001890400000036152,61
SURF,DAY-1_UMKM_PNT_006.JPG,0.0019396000000142521,59
SURF,DAY-1_UMKM_PNT_007.JPG,0.0029205000000160908,89
SURF,DAY-1_UMKM_PNT_008.JPG,0.0025130999999873893,36
SURF,DAY-1_UMKM_PNT_009.JPG,0.003017499999998563,82
SURF,DAY-1_UMKM_PNT_010.JPG,0.0022108000000002903,40
SURF,DAY-1_UMKM_PNT_011.JPG,0.0021720999999956803,24
SURF,DAY-1_UMKM_PNT_013.JPG,0.0021820000000047912,50
SURF,DAY-1_UMKM_PNT_014.JPG,0.0020984999999882348,53
SURF,DAY-1_UMKM_PNT_015.JPG,0.0021533999999974185,37
SURF,DAY-1_UMKM_PNT_016.JPG,0.002312399999993886,34
SURF,DAY-1_UMKM_PNT_017.JPG,0.0018193999999880361,17
SURF,DAY-1_UMKM_PNT_018.JPG,0.0019851000000130625,59
SURF,DAY-1_UMKM_PNT_019.JPG,0.0026773999999818443,69
SURF,DAY-1_UMKM_PNT_020.JPG,0.0027096999999685067,92
SURF,DAY-1_UMKM_PNT_021.JPG,0.0031357000000298285,57
SURF,DAY-1_UMKM_PNT_022.JPG,0.0026103000000148313,46
SURF,DAY-1_UMKM_PNT_023.JPG,0.002886900000021342,37
SURF,DAY-1_UMKM_PNT_024.JPG,0.002887799999996332,39
SURF,DAY-1_UMKM_PNT_025.JPG,0.0032678000000032625,53
SURF,DAY-1_UMKM_PNT_026.JPG,0.0024730999999746928,80
SURF,DAY-1_UMKM_PNT_027.JPG,0.003098599999987073,119
SURF,DAY-1_UMKM_PNT_028.JPG,0.002775799999994888,65
SURF,DAY-1_UMKM_PNT_029.JPG,0.0024810999999544947,39
SURF,DAY-1_UMKM_PNT_030.JPG,0.0022076999999853797,63
SURF,DAY-1_UMKM_PNT_031.JPG,0.0017325000000028012,22
SURF,DAY-1_UMKM_PNT_032.JPG,0.00157849999999371,14
SURF,DAY-1_UMKM_PNT_033.JPG,0.0026773999999818443,109
SURF,DAY-1_UMKM_PNT_034.JPG,0.0025264999999876636,93
SURF,DAY-1_UMKM_PNT_035.JPG,0.0019636000000105014,27
SURF,DAY-1_UMKM_PNT_036.JPG,0.0019272999999770946,30
SURF,DAY-1_UMKM_PNT_037.JPG,0.002891799999986233,66
SURF,DAY-1_UMKM_PNT_038.JPG,0.002692699999954584,57
SURF,DAY-1_UMKM_PNT_039.JPG,0.002652100000034352,27
SURF,DAY-1_UMKM_PNT_040.JPG,0.0026336000000242166,83
SURF,DAY-1_UMKM_PNT_041.JPG,0.0029920999999717424,107
SURF,DAY-1_UMKM_PNT_042.JPG,0.0024503000000208885,28
SURF,DAY-1_UMKM_PNT_043.JPG,0.0030742999999802123,62
SURF,DAY-1_UMKM_PNT_044.JPG,0.002346400000021731,53
SURF,DAY-1_UMKM_PNT_045.JPG,0.002054199999975026,53
SURF,DAY-1_UMKM_PNT_046.JPG,0.00208789999999226,43
SURF,DAY-1_UMKM_PNT_047.JPG,0.002460999999982505,29
SURF,DAY-1_UMKM_PNT_048.JPG,0.003463699999997516,41
SURF,DAY-1_UMKM_PNT_049.JPG,0.0025453000000084103,38
SURF,DAY-1_UMKM_PNT_050.JPG,0.002502899999967667,76
SURF,DAY-1_UMKM_PNT_051.JPG,0.002986200000009376,29
SURF,DAY-1_UMKM_PNT_052.JPG,0.0034060000000408763,45
SURF,DAY-1_UMKM_PNT_053.JPG,0.002295499999945605,37
SURF,DAY-1_UMKM_PNT_054.JPG,0.0019308999999907428,24
SURF,DAY-1_UMKM_PNT_055.JPG,0.0019998000000214233,32
SURF,DAY-1_UMKM_PNT_056.JPG,0.0019539999999551583,24
SURF,DAY-1_UMKM_PNT_057.JPG,0.002014900000006037,43
SURF,DAY-1_UMKM_PNT_058.JPG,0.0025269000000207598,37
SURF,DAY-1_UMKM_PNT_059.JPG,0.0029630000000224754,75
SURF,DAY-1_UMKM_PNT_060.JPG,0.0025572000000124717,43
SURF,DAY-1_UMKM_PNT_061.JPG,0.0036520000000450636,57
SURF,DAY-1_UMKM_PNT_062.JPG,0.002986399999997502,48
SURF,DAY-1_UMKM_PNT_063.JPG,0.002139699999986533,39
SURF,DAY-1_UMKM_PNT_064.JPG,0.001956900000038786,41
SURF,DAY-1_UMKM_PNT_065.JPG,0.002964200000008077,51
SURF,DAY-1_UMKM_PNT_066.JPG,0.0027378999999996267,58
SURF,DAY-1_UMKM_PNT_067.JPG,0.0032084000000054402,96
SURF,DAY-1_UMKM_PNT_068.JPG,0.002555000000029395,60
SURF,DAY-1_UMKM_PNT_069.JPG,0.0034952999999973144,87
SURF,DAY-1_UMKM_PNT_070.JPG,0.0034033000000022184,65
SURF,DAY-1_UMKM_PNT_071.JPG,0.0021455000000401014,34
SURF,DAY-1_UMKM_PNT_072.JPG,0.0016883999999777188,17
SURF,DAY-1_UMKM_PNT_073.JPG,0.002129699999954937,70
SURF,DAY-1_UMKM_PNT_074.JPG,0.0019662000000266744,45
SURF,DAY-1_UMKM_PNT_075.JPG,0.002109800000027917,54
SURF,DAY-1_UMKM_PNT_076.JPG,0.0017271000000391723,42
SURF,DAY-1_UMKM_PNT_077.JPG,0.002323100000012346,95
SURF,DAY-1_UMKM_PNT_078.JPG,0.002928900000028989,84
SURF,DAY-1_UMKM_PNT_079.JPG,0.0018964000000210035,20
SURF,DAY-1_UMKM_PNT_080.JPG,0.0022427999999763415,45
SURF,DAY-1_UMKM_PNT_081.JPG,0.0030333999999925254,62
SURF,DAY-1_UMKM_PNT_082.JPG,0.0023213000000055217,39
SURF,DAY-1_UMKM_PNT_083.JPG,0.002370200000029854,83
SURF,DAY-1_UMKM_PNT_084.JPG,0.002612600000020393,83
SURF,DAY-1_UMKM_PNT_085.JPG,0.0020447999999646527,42
SURF,DAY-1_UMKM_PNT_086.JPG,0.001906399999995756,26
SURF,DAY-1_UMKM_PNT_087.JPG,0.0022207000000094013,82
SURF,DAY-1_UMKM_PNT_088.JPG,0.002333499999963351,73
SURF,DAY-1_UMKM_PNT_089.JPG,0.0023059999999759384,44
SURF,DAY-1_UMKM_PNT_090.JPG,0.0024611999999706313,74
SURF,DAY-1_UMKM_PNT_091.JPG,0.0024096999999869695,34
SURF,DAY-1_UMKM_PNT_092.JPG,0.0026596000000154163,53
SURF,DAY-1_UMKM_PNT_093.JPG,0.0024050000000102045,24
SURF,DAY-1_UMKM_PNT_094.JPG,0.0021778999999924054,39
SURF,DAY-1_UMKM_PNT_095.JPG,0.002547499999991487,123
SURF,DAY-1_UMKM_PNT_096.JPG,0.0023504999999772735,79
SURF,DAY-1_UMKM_PNT_097.JPG,0.002103599999998096,80
SURF,DAY-1_UMKM_PNT_098.JPG,0.0019422000000304251,44
SURF,DAY-1_UMKM_PNT_099.JPG,0.003015699999991739,78
SURF,DAY-1_UMKM_PNT_100.JPG,0.0023549000000002707,56
SURF,DAY-1_UMKM_PNT_101.JPG,0.0027068999999642074,75
SURF,DAY-1_UMKM_PNT_102.JPG,0.0026228000000401153,100
SURF,DAY-1_UMKM_PNT_103.JPG,0.0028068999999959487,77
SURF,DAY-1_UMKM_PNT_104.JPG,0.002815499999996973,72
SURF,DAY-1_UMKM_PNT_105.JPG,0.0025620000000117216,95
SURF,DAY-1_UMKM_PNT_106.JPG,0.002388800000005631,72
SURF,DAY-1_UMKM_PNT_107.JPG,0.002574199999969551,94
SURF,DAY-1_UMKM_PNT_108.JPG,0.0024156000000061795,70
SURF,DAY-1_UMKM_PNT_109.JPG,0.002526500000044507,89
SURF,DAY-1_UMKM_PNT_110.JPG,0.0026885999999990418,52
SURF,DAY-1_UMKM_PNT_111.JPG,0.0018536000000040076,31
SURF,DAY-1_UMKM_PNT_112.JPG,0.0018082999999933236,21
SURF,DAY-1_UMKM_PNT_113.JPG,0.0023616000000288295,48
SURF,DAY-1_UMKM_PNT_114.JPG,0.0021533999999974185,54
SURF,DAY-1_UMKM_PNT_115.JPG,0.002171699999962584,64
SURF,DAY-1_UMKM_PNT_116.JPG,0.0019379999999955544,50
SURF,DAY-1_UMKM_PNT_117.JPG,0.002169600000001992,33
SURF,DAY-1_UMKM_PNT_118.JPG,0.0016358999999965818,9
SURF,DAY-1_UMKM_PNT_119.JPG,0.0024975999999696796,67
SURF,DAY-1_UMKM_PNT_120.JPG,0.002294099999971877,57
SURF,DAY-1_UMKM_PNT_121.JPG,0.0026304000000436645,71
SURF,DAY-1_UMKM_PNT_122.JPG,0.0026909000000046035,50
SURF,DAY-1_UMKM_PNT_123.JPG,0.0022053000000141765,78
SURF,DAY-1_UMKM_PNT_124.JPG,0.002253300000006675,37
SURF,DAY-1_UMKM_PNT_125.JPG,0.002075100000013208,51
SURF,DAY-1_UMKM_PNT_126.JPG,0.002511699999956818,59
SURF,DAY-1_UMKM_PNT_127.JPG,0.001814299999978175,13
SURF,DAY-1_UMKM_PNT_128.JPG,0.0019861999999761792,37
SURF,DAY-1_UMKM_PNT_129.JPG,0.002465799999981755,58
SURF,DAY-1_UMKM_PNT_130.JPG,0.002019499999960317,38
SURF,DAY-1_UMKM_PNT_131.JPG,0.0030513000000382817,87
SURF,DAY-1_UMKM_PNT_132.JPG,0.0025335000000268337,58
SURF,DAY-1_UMKM_PNT_133.JPG,0.0019522000000051776,36
SURF,DAY-1_UMKM_PNT_134.JPG,0.0019150999999624219,59
SURF,DAY-1_UMKM_PNT_135.JPG,0.0024479999999584834,73
SURF,DAY-1_UMKM_PNT_136.JPG,0.0024603000000524844,75
SURF,DAY-1_UMKM_PNT_137.JPG,0.0020109999999817774,53
SURF,DAY-1_UMKM_PNT_138.JPG,0.0017283999999904154,31
SURF,DAY-1_UMKM_PNT_139.JPG,0.0016502000000286898,30
SURF,DAY-1_UMKM_PNT_140.JPG,0.0016279999999824213,23
SURF,DAY-1_UMKM_SDL_001.JPG,0.003220399999975143,166
SURF,DAY-1_UMKM_SDL_002.JPG,0.0035422999999923377,185
SURF,DAY-1_UMKM_SDL_003.JPG,0.001933800000017527,37
SURF,DAY-1_UMKM_SDL_004.JPG,0.002211299999999028,69
SURF,DAY-1_UMKM_SDL_005.JPG,0.0022007999999686945,58
SURF,DAY-1_UMKM_SDL_006.JPG,0.0024908000000323227,94
SURF,DAY-1_UMKM_SDL_007.JPG,0.003546000000028471,217
SURF,DAY-1_UMKM_SDL_008.JPG,0.003887499999962074,226
SURF,DAY-1_UMKM_SDL_010.JPG,0.004228399999988142,270
SURF,DAY-1_UMKM_SDL_011.JPG,0.003119299999980285,150
SURF,DAY-1_UMKM_SDL_012.JPG,0.003312499999992724,167
SURF,DAY-1_UMKM_SDL_013.JPG,0.0024918999999954394,70
SURF,DAY-1_UMKM_SDL_014.JPG,0.0029288999999721455,111
SURF,DAY-1_UMKM_SDL_015.JPG,0.003645099999971535,132
SURF,DAY-1_UMKM_SDL_016.JPG,0.0030737999999814747,161
SURF,DAY-1_UMKM_SDL_017.JPG,0.002549799999997049,94
SURF,DAY-1_UMKM_SDL_018.JPG,0.0024749000000383603,90
SURF,DAY-1_UMKM_SDL_019.JPG,0.0030236000000058993,146
SURF,DAY-1_UMKM_SDL_020.JPG,0.0032631000000264976,105
SURF,DAY-1_UMKM_SDL_021.JPG,0.002530400000011923,99
SURF,DAY-1_UMKM_SDL_022.JPG,0.0033293999999841617,124
SURF,DAY-1_UMKM_SDL_023.JPG,0.002809700000000248,151
SURF,DAY-1_UMKM_SDL_024.JPG,0.0027250999999637315,117
SURF,DAY-1_UMKM_SDL_025.JPG,0.001984900000024936,35
SURF,DAY-1_UMKM_SDL_026.JPG,0.002354299999979048,101
SURF,DAY-1_UMKM_SDL_027.JPG,0.0025918999999703374,85
SURF,DAY-1_UMKM_SDL_028.JPG,0.0028497000000129447,104
SURF,DAY-1_UMKM_SDL_029.JPG,0.0035803999999757252,198
SURF,DAY-1_UMKM_SDL_030.JPG,0.003405199999974684,201
SURF,DAY-1_UMKM_SDL_031.JPG,0.0028920999999968444,132
SURF,DAY-1_UMKM_SDL_032.JPG,0.0032819999999560423,140
SURF,DAY-1_UMKM_SDL_033.JPG,0.0022309000000291235,81
SURF,DAY-1_UMKM_SDL_034.JPG,0.003277500000024247,146
SURF,DAY-1_UMKM_SDL_035.JPG,0.002491999999961081,107
SURF,DAY-1_UMKM_SDL_036.JPG,0.002452899999980218,97
SURF,DAY-1_UMKM_SDL_037.JPG,0.002838999999994485,96
SURF,DAY-1_UMKM_SDL_038.JPG,0.0031737000000475746,188
SURF,DAY-1_UMKM_SDL_039.JPG,0.003271899999958805,124
SURF,DAY-1_UMKM_SDL_040.JPG,0.003107100000022456,199
SURF,DAY-1_UMKM_SDL_041.JPG,0.002117499999997108,57
SURF,DAY-1_UMKM_SDL_042.JPG,0.0018215000000054715,42
SURF,DAY-1_UMKM_SDL_043.JPG,0.0029165999999918313,100
SURF,DAY-1_UMKM_SDL_044.JPG,0.0024546000000214008,100
SURF,DAY-1_UMKM_SDL_045.JPG,0.00276390000004767,88
SURF,DAY-1_UMKM_SDL_046.JPG,0.00363449999997556,180
SURF,DAY-1_UMKM_SDL_047.JPG,0.0027398000000289358,108
SURF,DAY-1_UMKM_SDL_048.JPG,0.003363000000035754,179
SURF,DAY-1_UMKM_SDL_049.JPG,0.002887100000009468,104
SURF,DAY-1_UMKM_SDL_050.JPG,0.0029397999999787316,76
SURF,DAY-1_UMKM_SDL_051.JPG,0.0027784999999767024,121
SURF,DAY-1_UMKM_SDL_052.JPG,0.0035243000000377833,157
SURF,DAY-1_UMKM_SDL_053.JPG,0.0020241999999939253,102
SURF,DAY-1_UMKM_SDL_055.JPG,0.002279000000044107,72
SURF,DAY-1_UMKM_SDL_056.JPG,0.002576699999963239,87
SURF,DAY-1_UMKM_SDL_057.JPG,0.0023780000000215296,96
SURF,DAY-1_UMKM_SDL_058.JPG,0.0025241000000164604,95
SURF,DAY-1_UMKM_SDL_059.JPG,0.00260889999998426,71
SURF,DAY-1_UMKM_SDL_060.JPG,0.0021937000000207263,52
SURF,DAY-1_UMKM_SDL_061.JPG,0.0021282000000155676,61
SURF,DAY-1_UMKM_SDL_062.JPG,0.002331699999956527,49
SURF,DAY-1_UMKM_SDL_063.JPG,0.0027044000000273627,99
SURF,DAY-1_UMKM_SDL_064.JPG,0.0028973000000291904,72
SURF,DAY-1_UMKM_SDL_065.JPG,0.0027764000000161104,66
SURF,DAY-1_UMKM_SDL_066.JPG,0.0031481000000326276,109
SURF,DAY-1_UMKM_SDL_067.JPG,0.0029135999999994056,106
SURF,DAY-1_UMKM_SDL_068.JPG,0.0028168000000050597,80
SURF,DAY-1_UMKM_SDL_069.JPG,0.002493200000003526,116
SURF,DAY-1_UMKM_SDL_070.JPG,0.002650600000038139,114
SURF,DAY-1_UMKM_SDL_071.JPG,0.0022508999999786283,72
SURF,DAY-1_UMKM_SDL_072.JPG,0.00257019999997965,98
SURF,DAY-1_UMKM_SDL_073.JPG,0.0024925999999823034,83
SURF,DAY-1_UMKM_SDL_074.JPG,0.0024559999999951287,67
SURF,DAY-1_UMKM_SDL_075.JPG,0.002556700000013734,134
SURF,DAY-1_UMKM_SDL_076.JPG,0.002779400000008536,79
SURF,DAY-1_UMKM_SDL_077.JPG,0.002563199999997323,48
SURF,DAY-1_UMKM_SDL_078.JPG,0.0029399000000012165,58
SURF,DAY-1_UMKM_SDL_079.JPG,0.0035575999999650776,152
SURF,DAY-1_UMKM_SDL_080.JPG,0.003474400000015976,109
SURF,DAY-1_UMKM_SDL_081.JPG,0.002529999999978827,81
SURF,DAY-1_UMKM_SDL_082.JPG,0.003373099999976148,109
SURF,DAY-1_UMKM_SDL_083.JPG,0.002940399999999954,114
SURF,DAY-1_UMKM_SDL_084.JPG,0.0034670999999661944,158
SURF,DAY-1_UMKM_SDL_085.JPG,0.003107999999997446,112
SURF,DAY-1_UMKM_SDL_086.JPG,0.003648200000043289,189
SURF,DAY-1_UMKM_SDL_087.JPG,0.0035153000000036627,145
SURF,DAY-1_UMKM_SDL_088.JPG,0.003459700000007615,131
SURF,DAY-1_UMKM_SDL_089.JPG,0.0035539999999514293,117
SURF,DAY-1_UMKM_SDL_090.JPG,0.0030233999999609296,47
SURF,DAY-1_UMKM_SDL_091.JPG,0.00339880000001358,117
SURF,DAY-1_UMKM_SDL_092.JPG,0.003125199999999495,164
SURF,DAY-1_UMKM_SDL_094.JPG,0.002309500000023945,79
SURF,DAY-1_UMKM_SDL_095.JPG,0.002704999999991742,166
SURF,DAY-1_UMKM_SDL_096.JPG,0.003348400000049878,148
SURF,DAY-1_UMKM_SDL_097.JPG,0.0024156000000061795,86
SURF,DAY-1_UMKM_SDL_098.JPG,0.0027377000000115004,96
SURF,DAY-1_UMKM_SDL_099.JPG,0.002622099999996408,112
SURF,DAY-1_UMKM_SDL_100.JPG,0.0027068000000554093,113
SURF,DAY-1_UMKM_SDL_101.JPG,0.0030260999999995875,146
SURF,DAY-1_UMKM_SDL_102.JPG,0.003227300000048672,135
SURF,DAY-1_UMKM_SDL_103.JPG,0.0024341999999819564,88
SURF,DAY-1_UMKM_SDL_104.JPG,0.0023352000000045336,88
SURF,DAY-1_UMKM_SDL_105.JPG,0.00228140000001531,89
SURF,DAY-1_UMKM_SDL_107.JPG,0.0025309000000106607,108
SURF,DAY-1_UMKM_SDL_108.JPG,0.002632899999980509,71
SURF,DAY-1_UMKM_SDL_109.JPG,0.0024380000000405744,89
SURF,DAY-1_UMKM_SDL_110.JPG,0.0023309000000040214,47
SURF,DAY-1_UMKM_SDL_111.JPG,0.003625900000031379,128
SURF,DAY-1_UMKM_SDL_112.JPG,0.004196000000035838,125
SURF,DAY-1_UMKM_SDL_113.JPG,0.0037649999999871397,132
SURF,DAY-1_UMKM_SDL_114.JPG,0.0032916000000113854,138
SURF,DAY-1_UMKM_SDL_115.JPG,0.0032181999999920663,99
SURF,DAY-1_UMKM_SDL_116.JPG,0.002885400000025129,105
SURF,DAY-1_UMKM_SDL_117.JPG,0.003439300000025014,194
SURF,DAY-1_UMKM_SDL_118.JPG,0.0033177999999907115,118
SURF,DAY-1_UMKM_SDL_119.JPG,0.0026703999999995176,133
SURF,DAY-1_UMKM_SDL_120.JPG,0.00491719999996576,105
SURF,DAY-1_UMKM_SDL_121.JPG,0.00304790000001276,79
SURF,DAY-1_UMKM_SDL_122.JPG,0.0018638000000237298,35
SURF,DAY-1_UMKM_SDL_123.JPG,0.0027656999999976506,111
SURF,DAY-1_UMKM_SDL_124.JPG,0.0028740999999854466,105
SURF,DAY-1_UMKM_SDL_125.JPG,0.0023780000000215296,106
SURF,DAY-1_UMKM_SDL_126.JPG,0.0022207000000094013,79
SURF,DAY-1_UMKM_SDL_127.JPG,0.0022994999999923493,86
SURF,DAY-1_UMKM_SDL_128.JPG,0.002306599999997161,91
SURF,DAY-1_UMKM_SDL_129.JPG,0.0034338000000389,143
SURF,DAY-1_UMKM_SDL_130.JPG,0.0040596999999706895,198
SURF,DAY-1_UMKM_SDL_131.JPG,0.0022016000000348868,45
SURF,DAY-1_UMKM_SDL_132.JPG,0.00214299999998957,60
SURF,DAY-1_UMKM_SDL_133.JPG,0.002548300000000836,76
SURF,DAY-1_UMKM_SDL_134.JPG,0.0038213999999925363,139
SURF,DAY-1_UMKM_SDL_135.JPG,0.0026204000000120686,87
SURF,DAY-1_UMKM_SDL_136.JPG,0.0028330000000096334,138
SURF,DAY-1_UMKM_SDL_137.JPG,0.0023504999999772735,77
SURF,DAY-1_UMKM_SDL_138.JPG,0.0026637999999934436,55
SURF,DAY-1_UMKM_SDL_139.JPG,0.0029021999999940817,83
SURF,DAY-1_UMKM_SDL_140.JPG,0.0025256000000126733,93
SURF,DAY-1_UMKM_SKL_001.JPG,0.0020091000000093118,69
SURF,DAY-1_UMKM_SKL_002.JPG,0.0022380999999995765,116
SURF,DAY-1_UMKM_SKL_003.JPG,0.002059999999971751,81
SURF,DAY-1_UMKM_SKL_004.JPG,0.002295199999991837,45
SURF,DAY-1_UMKM_SKL_005.JPG,0.002126000000032491,78
SURF,DAY-1_UMKM_SKL_006.JPG,0.0023542000000134067,62
SURF,DAY-1_UMKM_SKL_007.JPG,0.0031114999999886095,141
SURF,DAY-1_UMKM_SKL_008.JPG,0.002849799999978586,90
SURF,DAY-1_UMKM_SKL_009.JPG,0.0019272999999770946,30
SURF,DAY-1_UMKM_SKL_010.JPG,0.00212290000001758,59
SURF,DAY-1_UMKM_SKL_011.JPG,0.003178099999956885,78
SURF,DAY-1_UMKM_SKL_012.JPG,0.0027087999999935164,76
SURF,DAY-1_UMKM_SKL_013.JPG,0.0017624000000182605,29
SURF,DAY-1_UMKM_SKL_014.JPG,0.0018977999999947315,48
SURF,DAY-1_UMKM_SKL_015.JPG,0.00193399999994881,45
SURF,DAY-1_UMKM_SKL_016.JPG,0.0018312000000264561,33
SURF,DAY-1_UMKM_SKL_017.JPG,0.0024212999999804197,47
SURF,DAY-1_UMKM_SKL_018.JPG,0.0020478999999795633,35
SURF,DAY-1_UMKM_SKL_019.JPG,0.0018542000000252301,52
SURF,DAY-1_UMKM_SKL_020.JPG,0.002010799999993651,64
SURF,DAY-1_UMKM_SKL_021.JPG,0.0024176999999667714,72
SURF,DAY-1_UMKM_SKL_022.JPG,0.0017171000000075765,19
SURF,DAY-1_UMKM_SKL_023.JPG,0.0018420999999761989,51
SURF,DAY-1_UMKM_SKL_024.JPG,0.0019244000000071537,71
SURF,DAY-1_UMKM_SKL_025.JPG,0.002687699999967208,60
SURF,DAY-1_UMKM_SKL_026.JPG,0.002497600000026523,92
SURF,DAY-1_UMKM_SKL_027.JPG,0.0026470999999901323,93
SURF,DAY-1_UMKM_SKL_028.JPG,0.0021207000000345033,49
SURF,DAY-1_UMKM_SKL_029.JPG,0.002019200000006549,28
SURF,DAY-1_UMKM_SKL_030.JPG,0.0019419000000198139,35
SURF,DAY-1_UMKM_SKL_031.JPG,0.001764299999990726,34
SURF,DAY-1_UMKM_SKL_032.JPG,0.0018337999999857857,34
SURF,DAY-1_UMKM_SKL_033.JPG,0.0018163999999956104,28
SURF,DAY-1_UMKM_SKL_034.JPG,0.0023929000000180167,100
SURF,DAY-1_UMKM_SKL_035.JPG,0.0022483999999849402,48
SURF,DAY-1_UMKM_SKL_036.JPG,0.0017106000000239874,30
SURF,DAY-1_UMKM_SKL_037.JPG,0.0017857999999932872,40
SURF,DAY-1_UMKM_SKL_038.JPG,0.0016385000000127548,8
SURF,DAY-1_UMKM_SKL_039.JPG,0.001726800000028561,41
SURF,DAY-1_UMKM_SKL_040.JPG,0.0019429999999829306,49
SURF,DAY-1_UMKM_SKL_041.JPG,0.0019995999999764535,73
SURF,DAY-1_UMKM_SKL_042.JPG,0.0018593000000350912,73
SURF,DAY-1_UMKM_SKL_043.JPG,0.0015528000000131215,9
SURF,DAY-1_UMKM_SKL_044.JPG,0.002035599999999249,76
SURF,DAY-1_UMKM_SKL_045.JPG,0.0016791999999554719,20
SURF,DAY-1_UMKM_SKL_046.JPG,0.002041799999972227,40
SURF,DAY-1_UMKM_SKL_047.JPG,0.0020740000000500913,51
SURF,DAY-1_UMKM_SKL_048.JPG,0.002268300000025647,78
SURF,DAY-1_UMKM_SKL_049.JPG,0.002399700000012217,65
SURF,DAY-1_UMKM_SKL_050.JPG,0.002622099999996408,111
SURF,DAY-1_UMKM_SKL_051.JPG,0.002260599999999613,66
SURF,DAY-1_UMKM_SKL_052.JPG,0.002750300000002426,102
SURF,DAY-1_UMKM_SKL_053.JPG,0.0025110000000267974,73
SURF,DAY-1_UMKM_SKL_054.JPG,0.0019112999999606473,22
SURF,DAY-1_UMKM_SKL_055.JPG,0.002092400000037742,63
SURF,DAY-1_UMKM_SKL_056.JPG,0.0018226000000254317,14
SURF,DAY-1_UMKM_SKL_057.JPG,0.0026900999999952546,67
SURF,DAY-1_UMKM_SKL_058.JPG,0.002176599999984319,36
SURF,DAY-1_UMKM_SKL_059.JPG,0.0021073999999998705,37
SURF,DAY-1_UMKM_SKL_060.JPG,0.0022708999999849766,92
SURF,DAY-1_UMKM_SKL_061.JPG,0.00243969999996807,99
SURF,DAY-1_UMKM_SKL_062.JPG,0.002512899999999263,56
SURF,DAY-1_UMKM_SKL_063.JPG,0.0016208000000119682,48
SURF,DAY-1_UMKM_SKL_064.JPG,0.0023051999999665895,117
SURF,DAY-1_UMKM_SKL_065.JPG,0.0029983000000015636,106
SURF,DAY-1_UMKM_SKL_066.JPG,0.0024988000000121247,78
SURF,DAY-1_UMKM_SKL_067.JPG,0.0022018999999886546,61
SURF,DAY-1_UMKM_SKL_068.JPG,0.0026616999999760083,102
SURF,DAY-1_UMKM_SKL_069.JPG,0.0020144999999729407,52
SURF,DAY-1_UMKM_SKL_070.JPG,0.0018964000000210035,60
SURF,DAY-1_UMKM_SKL_071.JPG,0.0021454000000176165,58
SURF,DAY-1_UMKM_SKL_072.JPG,0.002185699999984081,64
SURF,DAY-1_UMKM_SKL_073.JPG,0.0029880000000162,179
SURF,DAY-1_UMKM_SKL_074.JPG,0.0026844000000210144,153
SURF,DAY-1_UMKM_SKL_075.JPG,0.002402899999992769,117
SURF,DAY-1_UMKM_SKL_076.JPG,0.0022131999999714935,53
SURF,DAY-1_UMKM_SKL_077.JPG,0.001963400000022375,18
SURF,DAY-1_UMKM_SKL_078.JPG,0.002213500000038948,63
SURF,DAY-1_UMKM_SKL_079.JPG,0.0019367000000443113,25
SURF,DAY-1_UMKM_SKL_080.JPG,0.0021007999999937965,63
SURF,DAY-1_UMKM_SKL_081.JPG,0.0026950000000169894,90
SURF,DAY-1_UMKM_SKL_082.JPG,0.0026639000000159285,67
SURF,DAY-1_UMKM_SKL_083.JPG,0.0022049000000379237,62
SURF,DAY-1_UMKM_SKL_084.JPG,0.0025569000000018605,56
SURF,DAY-1_UMKM_SKL_085.JPG,0.0023484000000166816,67
SURF,DAY-1_UMKM_SKL_086.JPG,0.0020170000000234722,38
SURF,DAY-1_UMKM_SKL_087.JPG,0.0021944000000075903,30
SURF,DAY-1_UMKM_SKL_088.JPG,0.002204599999970469,34
SURF,DAY-1_UMKM_SKL_089.JPG,0.0019492000000127518,40
SURF,DAY-1_UMKM_SKL_090.JPG,0.0018532999999933963,28
SURF,DAY-1_UMKM_SKL_091.JPG,0.0026940999999851556,119
SURF,DAY-1_UMKM_SKL_092.JPG,0.0027016000000230633,92
SURF,DAY-1_UMKM_SKL_093.JPG,0.002010799999993651,62
SURF,DAY-1_UMKM_SKL_094.JPG,0.0020124000000123488,38
SURF,DAY-1_UMKM_SKL_095.JPG,0.002327299999990373,65
SURF,DAY-1_UMKM_SKL_096.JPG,0.0023461999999767613,91
SURF,DAY-1_UMKM_SKL_097.JPG,0.0024695999999835294,22
SURF,DAY-1_UMKM_SKL_098.JPG,0.002119999999990796,50
SURF,DAY-1_UMKM_SKL_099.JPG,0.0019374999999968168,27
SURF,DAY-1_UMKM_SKL_100.JPG,0.0017171000000075765,27
SURF,DAY-1_UMKM_SKL_101.JPG,0.0018023999999741136,27
SURF,DAY-1_UMKM_SKL_102.JPG,0.00405930000005128,68
SURF,DAY-1_UMKM_SKL_103.JPG,0.0026015000000256805,29
SURF,DAY-1_UMKM_SKL_104.JPG,0.0021709000000100787,55
SURF,DAY-1_UMKM_SKL_105.JPG,0.0018954999999891697,31
SURF,DAY-1_UMKM_SKL_106.JPG,0.002431500000000142,75
SURF,DAY-1_UMKM_SKL_107.JPG,0.0027286000000117383,47
SURF,DAY-1_UMKM_SKL_108.JPG,0.0032869000000346205,88
SURF,DAY-1_UMKM_SKL_109.JPG,0.0017453000000386965,18
SURF,DAY-1_UMKM_SKL_110.JPG,0.002010399999960555,69
SURF,DAY-1_UMKM_SKL_111.JPG,0.0018153999999981352,48
SURF,DAY-1_UMKM_SKL_112.JPG,0.0019826000000193744,77
SURF,DAY-1_UMKM_SKL_113.JPG,0.0016719999999850188,11
SURF,DAY-1_UMKM_SKL_114.JPG,0.0018823999999995067,48
SURF,DAY-1_UMKM_SKL_115.JPG,0.0018794999999727224,61
SURF,DAY-1_UMKM_SKL_116.JPG,0.0018987999999922067,40
SURF,DAY-1_UMKM_SKL_117.JPG,0.0023180000000024847,32
SURF,DAY-1_UMKM_SKL_118.JPG,0.0021874000000252636,51
SURF,DAY-1_UMKM_SKL_119.JPG,0.0025363999999967746,85
SURF,DAY-1_UMKM_SKL_120.JPG,0.0024369999999862557,58
SURF,DAY-1_UMKM_SKL_121.JPG,0.002258400000016536,68
SURF,DAY-1_UMKM_SKL_122.JPG,0.002414999999984957,88
SURF,DAY-1_UMKM_SKL_123.JPG,0.0030155000000036125,94
SURF,DAY-1_UMKM_SKL_124.JPG,0.0020064999999931388,23
SURF,DAY-1_UMKM_SKL_125.JPG,0.0019849999999905776,30
SURF,DAY-1_UMKM_SKL_126.JPG,0.002006100000016886,57
SURF,DAY-1_UMKM_SKL_127.JPG,0.0019108999999843945,39
SURF,DAY-1_UMKM_SKL_128.JPG,0.0017859999999814136,39
SURF,DAY-1_UMKM_SKL_129.JPG,0.002700500000003103,70
SURF,DAY-1_UMKM_SKL_130.JPG,0.0016830999999797314,19
SURF,DAY-1_UMKM_SKL_131.JPG,0.0025841000000355052,72
SURF,DAY-1_UMKM_SKL_132.JPG,0.002246299999967505,72
SURF,DAY-1_UMKM_SKL_133.JPG,0.0023694999999861466,65
SURF,DAY-1_UMKM_SKL_134.JPG,0.0017250999999873784,45
SURF,DAY-1_UMKM_SKL_135.JPG,0.0019166999999811196,28
SURF,DAY-1_UMKM_SKL_136.JPG,0.0022936999999956242,78
SURF,DAY-1_UMKM_SKL_137.JPG,0.0026563000000123793,113
SURF,DAY-1_UMKM_SKL_138.JPG,0.0025992000000201188,137
SURF,DAY-1_UMKM_SKL_139.JPG,0.0025193000000172106,53
SURF,DAY-1_UMKM_SKL_140.JPG,0.0024609000000168635,55
SURF,DAY-1_UMKM_SMC_001.JPG,0.002966299999968669,180
SURF,DAY-1_UMKM_SMC_003.JPG,0.0027544000000148117,150
SURF,DAY-1_UMKM_SMC_004.JPG,0.003637300000036703,249
SURF,DAY-1_UMKM_SMC_005.JPG,0.0037308000000280117,256
SURF,DAY-1_UMKM_SMC_006.JPG,0.0037314999999580323,263
SURF,DAY-1_UMKM_SMC_007.JPG,0.0038476999999943473,285
SURF,DAY-1_UMKM_SMC_008.JPG,0.003058299999963765,196
SURF,DAY-1_UMKM_SMC_009.JPG,0.004332199999964814,244
SURF,DAY-1_UMKM_SMC_010.JPG,0.004673400000001493,301
SURF,DAY-1_UMKM_SMC_011.JPG,0.0035375999999587293,227
SURF,DAY-1_UMKM_SMC_013.JPG,0.0042351000000167005,224
SURF,DAY-1_UMKM_SMC_014.JPG,0.00426590000000715,295
SURF,DAY-1_UMKM_SMC_015.JPG,0.0030532000000107473,183
SURF,DAY-1_UMKM_SMC_016.JPG,0.0035303999999882762,239
SURF,DAY-1_UMKM_SMC_017.JPG,0.004230699999993703,278
SURF,DAY-1_UMKM_SMC_018.JPG,0.003950400000007903,278
SURF,DAY-1_UMKM_SMC_019.JPG,0.003916199999991932,218
SURF,DAY-1_UMKM_SMC_021.JPG,0.0033518000000185566,193
SURF,DAY-1_UMKM_SMC_022.JPG,0.0035129000000324595,222
SURF,DAY-1_UMKM_SMC_023.JPG,0.0036711999999852196,225
SURF,DAY-1_UMKM_SMC_025.JPG,0.003950500000030388,228
SURF,DAY-1_UMKM_SMC_027.JPG,0.004862800000012157,335
SURF,DAY-1_UMKM_SMC_029.JPG,0.0051295999999751984,304
SURF,DAY-1_UMKM_SMC_030.JPG,0.00460720000000947,289
SURF,DAY-1_UMKM_SMC_031.JPG,0.0036402000000066437,189
SURF,DAY-1_UMKM_SMC_032.JPG,0.004383099999984097,275
SURF,DAY-1_UMKM_SMC_033.JPG,0.0050165000000106375,306
SURF,DAY-1_UMKM_SMC_034.JPG,0.004932199999984732,306
SURF,DAY-1_UMKM_SMC_035.JPG,0.004653000000018892,292
SURF,DAY-1_UMKM_SMC_036.JPG,0.005167699999958586,364
SURF,DAY-1_UMKM_SMC_037.JPG,0.0035191000000054373,231
SURF,DAY-1_UMKM_SMC_038.JPG,0.00387740000002168,225
SURF,DAY-1_UMKM_SMC_039.JPG,0.004198599999995167,297
SURF,DAY-1_UMKM_SMC_041.JPG,0.0036981999999738946,208
SURF,DAY-1_UMKM_SMC_042.JPG,0.004117300000018531,216
SURF,DAY-1_UMKM_SMC_043.JPG,0.006607599999995273,367
SURF,DAY-1_UMKM_SMC_044.JPG,0.005309099999976752,295
SURF,DAY-1_UMKM_SMC_045.JPG,0.004486400000018875,322
SURF,DAY-1_UMKM_SMC_046.JPG,0.0044881000000032145,278
SURF,DAY-1_UMKM_SMC_047.JPG,0.003539000000046144,219
SURF,DAY-1_UMKM_SMC_048.JPG,0.003468900000029862,191
SURF,DAY-1_UMKM_SMC_049.JPG,0.0025282999999944877,156
SURF,DAY-1_UMKM_SMC_051.JPG,0.0035512000000039734,173
SURF,DAY-1_UMKM_SMC_052.JPG,0.003645500000004631,197
SURF,DAY-1_UMKM_SMC_053.JPG,0.00390820000001213,138
SURF,DAY-1_UMKM_SMC_054.JPG,0.004939200000023902,288
SURF,DAY-1_UMKM_SMC_055.JPG,0.0030801999999994223,209
SURF,DAY-1_UMKM_SMC_056.JPG,0.0029481000000259883,186
SURF,DAY-1_UMKM_SMC_057.JPG,0.002780499999971653,112
SURF,DAY-1_UMKM_SMC_058.JPG,0.003408700000022691,224
SURF,DAY-1_UMKM_SMC_059.JPG,0.004048400000044694,275
SURF,DAY-1_UMKM_SMC_061.JPG,0.005731799999978193,272
SURF,DAY-1_UMKM_SMC_063.JPG,0.003399100000024191,172
SURF,DAY-1_UMKM_SMC_064.JPG,0.0024659000000042397,134
SURF,DAY-1_UMKM_SMC_065.JPG,0.004170600000009017,192
SURF,DAY-1_UMKM_SMC_067.JPG,0.00530789999999115,271
SURF,DAY-1_UMKM_SMC_068.JPG,0.004440400000021327,212
SURF,DAY-1_UMKM_SMC_069.JPG,0.004548199999987901,219
SURF,DAY-1_UMKM_SMC_071.JPG,0.005092100000013033,209
SURF,DAY-1_UMKM_SMC_072.JPG,0.004789500000015323,245
SURF,DAY-1_UMKM_SMC_073.JPG,0.005290000000002237,261
SURF,DAY-1_UMKM_SMC_074.JPG,0.0037568000000192114,167
SURF,DAY-1_UMKM_SMC_075.JPG,0.004671700000017154,184
SURF,DAY-1_UMKM_SMC_076.JPG,0.004579599999999573,226
SURF,DAY-1_UMKM_SMC_077.JPG,0.004055900000025758,242
SURF,DAY-1_UMKM_SMC_078.JPG,0.004824399999961315,263
SURF,DAY-1_UMKM_SMC_079.JPG,0.004221099999995204,217
SURF,DAY-1_UMKM_SMC_080.JPG,0.0037065999999867927,211
SURF,DAY-1_UMKM_SMC_081.JPG,0.0031020000000125947,178
SURF,DAY-1_UMKM_SMC_082.JPG,0.0029192000000080043,180
SURF,DAY-1_UMKM_SMC_083.JPG,0.00413909999997486,271
SURF,DAY-1_UMKM_SMC_084.JPG,0.0039190999999618725,180
SURF,DAY-1_UMKM_SMC_085.JPG,0.00248799999997118,135
SURF,DAY-1_UMKM_SMC_086.JPG,0.0016412999999602107,42
SURF,DAY-1_UMKM_SMC_087.JPG,0.003931200000010904,253
SURF,DAY-1_UMKM_SMC_088.JPG,0.004327599999953691,273
SURF,DAY-1_UMKM_SMC_089.JPG,0.0033866999999645486,139
SURF,DAY-1_UMKM_SMC_090.JPG,0.004014799999993102,220
SURF,DAY-1_UMKM_SMC_091.JPG,0.0024943999999891275,65
SURF,DAY-1_UMKM_SMC_092.JPG,0.0031604000000129417,107
SURF,DAY-1_UMKM_SMC_093.JPG,0.002831599999979062,104
SURF,DAY-1_UMKM_SMC_094.JPG,0.0027815000000259715,132
SURF,DAY-1_UMKM_SMC_095.JPG,0.003502299999979641,192
SURF,DAY-1_UMKM_SMC_096.JPG,0.00389269999999442,180
SURF,DAY-1_UMKM_SMC_097.JPG,0.002243500000020049,76
SURF,DAY-1_UMKM_SMC_098.JPG,0.0028540999999790984,126
SURF,DAY-1_UMKM_SMC_099.JPG,0.004109099999993759,247
SURF,DAY-1_UMKM_SMC_100.JPG,0.003955399999995279,183
SURF,DAY-1_UMKM_SMC_101.JPG,0.0026831999999785694,121
SURF,DAY-1_UMKM_SMC_102.JPG,0.002887900000018817,131
SURF,DAY-1_UMKM_SMC_103.JPG,0.0027886999999964246,145
SURF,DAY-1_UMKM_SMC_104.JPG,0.0027417000000014013,116
SURF,DAY-1_UMKM_SMC_105.JPG,0.003784300000006624,233
SURF,DAY-1_UMKM_SMC_107.JPG,0.0033576000000152817,228
SURF,DAY-1_UMKM_SMC_108.JPG,0.0033114000000296073,203
SURF,DAY-1_UMKM_SMC_109.JPG,0.0037388000000078137,149
SURF,DAY-1_UMKM_SMC_110.JPG,0.0042246000000432105,207
SURF,DAY-1_UMKM_SMC_111.JPG,0.002808400000049005,124
SURF,DAY-1_UMKM_SMC_112.JPG,0.0028233999999542903,129
SURF,DAY-1_UMKM_SMC_113.JPG,0.003124600000035116,143
SURF,DAY-1_UMKM_SMC_115.JPG,0.003065999999989799,147
SURF,DAY-1_UMKM_SMC_116.JPG,0.00263230000001613,97
SURF,DAY-1_UMKM_SMC_117.JPG,0.002184099999965383,77
SURF,DAY-1_UMKM_SMC_118.JPG,0.0032290999999986525,133
SURF,DAY-1_UMKM_SMC_119.JPG,0.002806399999997211,131
SURF,DAY-1_UMKM_SMC_120.JPG,0.0037796999999955005,190
SURF,DAY-1_UMKM_SMC_121.JPG,0.004079900000022008,201
SURF,DAY-1_UMKM_SMC_123.JPG,0.002863800000000083,145
SURF,DAY-1_UMKM_SMC_124.JPG,0.002627799999970648,77
SURF,DAY-1_UMKM_SMC_125.JPG,0.0036804000000074666,208
SURF,DAY-1_UMKM_SMC_126.JPG,0.0036901999999940927,164
SURF,DAY-1_UMKM_SMC_127.JPG,0.004146499999990283,240
SURF,DAY-1_UMKM_SMC_128.JPG,0.004064199999959328,181
SURF,DAY-1_UMKM_SMC_129.JPG,0.003757000000007338,221
SURF,DAY-1_UMKM_SMC_130.JPG,0.004451800000026651,280
SURF,DAY-1_UMKM_SMC_131.JPG,0.004495599999984279,246
SURF,DAY-1_UMKM_SMC_132.JPG,0.004442499999981919,221
SURF,DAY-1_UMKM_SMC_133.JPG,0.0029326000000082786,106
SURF,DAY-1_UMKM_SMC_134.JPG,0.0025525000000357068,112
SURF,DAY-1_UMKM_SMC_135.JPG,0.0035793000000126085,190
SURF,DAY-1_UMKM_SMC_136.JPG,0.004358499999966625,220
SURF,DAY-1_UMKM_SMC_137.JPG,0.003449499999987893,141
SURF,DAY-1_UMKM_SMC_138.JPG,0.003642899999988458,186
SURF,DAY-1_UMKM_SMC_139.JPG,0.004285500000037246,220
SURF,DAY-1_UMKM_SMC_140.JPG,0.004098999999996522,186
SURF,DAY-2_RPH_HDM_001.JPG,0.0013572000000294793,6
SURF,DAY-2_RPH_HDM_002.JPG,0.0012006999999698564,0
SURF,DAY-2_RPH_HDM_003.JPG,0.0012121999999976651,3
SURF,DAY-2_RPH_HDM_004.JPG,0.0014967000000183361,22
SURF,DAY-2_RPH_HDM_005.JPG,0.0015488000000232205,5
SURF,DAY-2_RPH_HDM_006.JPG,0.001723500000025524,10
SURF,DAY-2_RPH_HDM_007.JPG,0.0015005999999857522,4
SURF,DAY-2_RPH_HDM_008.JPG,0.0017349999999964894,18
SURF,DAY-2_RPH_HDM_009.JPG,0.0019723000000340107,19
SURF,DAY-2_RPH_HDM_010.JPG,0.0021476000000006934,75
SURF,DAY-2_RPH_HDM_011.JPG,0.0012217999999961648,12
SURF,DAY-2_RPH_HDM_012.JPG,0.0012515000000234977,5
SURF,DAY-2_RPH_HDM_013.JPG,0.0018235999999660635,8
SURF,DAY-2_RPH_HDM_014.JPG,0.0018671999999924083,46
SURF,DAY-2_RPH_HDM_015.JPG,0.0011931000000231506,13
SURF,DAY-2_RPH_HDM_016.JPG,0.001838500000019394,44
SURF,DAY-2_RPH_HDM_017.JPG,0.0013887999999724343,6
SURF,DAY-2_RPH_HDM_018.JPG,0.0015251000000375825,32
SURF,DAY-2_RPH_HDM_019.JPG,0.0013354999999819483,74
SURF,DAY-2_RPH_HDM_020.JPG,0.0016365999999834457,15
SURF,DAY-2_RPH_HDM_021.JPG,0.001322899999991023,6
SURF,DAY-2_RPH_HDM_022.JPG,0.0015286999999943873,32
SURF,DAY-2_RPH_HDM_023.JPG,0.0013780000000451764,8
SURF,DAY-2_RPH_HDM_024.JPG,0.0013908000000242282,5
SURF,DAY-2_RPH_HDM_025.JPG,0.0011480999999662345,1
SURF,DAY-2_RPH_HDM_026.JPG,0.001271400000007361,10
SURF,DAY-2_RPH_HDM_027.JPG,0.0014173000000141656,9
SURF,DAY-2_RPH_HDM_028.JPG,0.0015723999999863736,36
SURF,DAY-2_RPH_HDM_029.JPG,0.0017381000000114,21
SURF,DAY-2_RPH_HDM_030.JPG,0.0017895999999950618,22
SURF,DAY-2_RPH_HDM_031.JPG,0.0018394999999600259,42
SURF,DAY-2_RPH_HDM_032.JPG,0.0018049999999902866,18
SURF,DAY-2_RPH_HDM_033.JPG,0.0012239999999792417,1
SURF,DAY-2_RPH_HDM_034.JPG,0.0015442999999777385,34
SURF,DAY-2_RPH_HDM_035.JPG,0.0011835999999902924,29
SURF,DAY-2_RPH_HDM_036.JPG,0.001368099999979222,18
SURF,DAY-2_RPH_HDM_037.JPG,0.0018382000000087828,40
SURF,DAY-2_RPH_HDM_038.JPG,0.0018913999999767839,7
SURF,DAY-2_RPH_HDM_039.JPG,0.0014593000000218126,2
SURF,DAY-2_RPH_HDM_040.JPG,0.00210540000000492,16
SURF,DAY-2_RPH_HDM_041.JPG,0.0018415000000118198,12
SURF,DAY-2_RPH_HDM_042.JPG,0.002368899999964924,36
SURF,DAY-2_RPH_HDM_043.JPG,0.0013493000000153188,5
SURF,DAY-2_RPH_HDM_044.JPG,0.0015584000000217202,32
SURF,DAY-2_RPH_HDM_045.JPG,0.0018635000000131186,9
SURF,DAY-2_RPH_HDM_046.JPG,0.0019990000000120745,26
SURF,DAY-2_RPH_HDM_047.JPG,0.0017559000000346714,11
SURF,DAY-2_RPH_HDM_048.JPG,0.0017732000000023618,24
SURF,DAY-2_RPH_HDM_049.JPG,0.0021995000000174514,42
SURF,DAY-2_RPH_HDM_050.JPG,0.0023161999999956606,53
SURF,DAY-2_RPH_HDM_051.JPG,0.0016966000000024906,3
SURF,DAY-2_RPH_HDM_052.JPG,0.0019189000000210399,57
SURF,DAY-2_RPH_HDM_053.JPG,0.0018441999999936343,41
SURF,DAY-2_RPH_HDM_054.JPG,0.0018660999999724481,49
SURF,DAY-2_RPH_HDM_055.JPG,0.0025651999999922737,42
SURF,DAY-2_RPH_HDM_056.JPG,0.0021042000000193184,54
SURF,DAY-2_RPH_HDM_057.JPG,0.0014620999999692685,5
SURF,DAY-2_RPH_HDM_058.JPG,0.001577699999984361,25
SURF,DAY-2_RPH_HDM_059.JPG,0.0017376999999783038,16
SURF,DAY-2_RPH_HDM_060.JPG,0.0018455000000017208,21
SURF,DAY-2_RPH_HDM_061.JPG,0.001370699999995395,14
SURF,DAY-2_RPH_HDM_062.JPG,0.0013677000000029693,13
SURF,DAY-2_RPH_HDM_063.JPG,0.0015156000000047243,24
SURF,DAY-2_RPH_HDM_064.JPG,0.0014623999999798798,25
SURF,DAY-2_RPH_HDM_065.JPG,0.0014181000000235144,6
SURF,DAY-2_RPH_HDM_066.JPG,0.002586000000007971,31
SURF,DAY-2_RPH_HDM_067.JPG,0.0024473999999941043,16
SURF,DAY-2_RPH_HDM_068.JPG,0.002974699999981567,21
SURF,DAY-2_RPH_HDM_069.JPG,0.002113100000030954,6
SURF,DAY-2_RPH_HDM_070.JPG,0.0020971999999801483,6
SURF,DAY-2_RPH_HDM_071.JPG,0.001537000000041644,0
SURF,DAY-2_RPH_HDM_072.JPG,0.0023745999999960077,69
SURF,DAY-2_RPH_HDM_073.JPG,0.0026138000000059947,9
SURF,DAY-2_RPH_HDM_074.JPG,0.0018481000000178938,39
SURF,DAY-2_RPH_HDM_075.JPG,0.001414899999986119,5
SURF,DAY-2_RPH_HDM_076.JPG,0.0016909999999938918,33
SURF,DAY-2_RPH_HDM_077.JPG,0.0018296999999733998,19
SURF,DAY-2_RPH_HDM_078.JPG,0.002436000000045624,93
SURF,DAY-2_RPH_HDM_079.JPG,0.001242600000011862,0
SURF,DAY-2_RPH_HDM_080.JPG,0.001500999999962005,13
SURF,DAY-2_RPH_HDM_081.JPG,0.001970700000015313,14
SURF,DAY-2_RPH_HDM_082.JPG,0.0021258999999531625,39
SURF,DAY-2_RPH_HDM_083.JPG,0.0017280000000141627,6
SURF,DAY-2_RPH_HDM_084.JPG,0.0020417000000065855,61
SURF,DAY-2_RPH_HDM_085.JPG,0.001349199999992834,10
SURF,DAY-2_RPH_HDM_086.JPG,0.0015243000000282336,20
SURF,DAY-2_RPH_HDM_087.JPG,0.0017704999999637039,12
SURF,DAY-2_RPH_HDM_088.JPG,0.0016512999999918065,27
SURF,DAY-2_RPH_HDM_089.JPG,0.001440900000034162,2
SURF,DAY-2_RPH_HDM_090.JPG,0.0018737999999984822,28
SURF,DAY-2_RPH_HDM_091.JPG,0.0014229000000227643,10
SURF,DAY-2_RPH_HDM_092.JPG,0.0022115999999527958,44
SURF,DAY-2_RPH_HDM_093.JPG,0.00172629999997298,11
SURF,DAY-2_RPH_HDM_094.JPG,0.002021100000035858,39
SURF,DAY-2_RPH_HDM_095.JPG,0.002153200000009292,14
SURF,DAY-2_RPH_HDM_096.JPG,0.0025244000000270717,93
SURF,DAY-2_RPH_HDM_097.JPG,0.0017937999999730891,14
SURF,DAY-2_RPH_HDM_098.JPG,0.002934499999980744,22
SURF,DAY-2_RPH_HDM_099.JPG,0.0013494000000378037,8
SURF,DAY-2_RPH_HDM_100.JPG,0.0012337000000002263,17
SURF,DAY-2_RPH_HDM_101.JPG,0.0018362999999794738,8
SURF,DAY-2_RPH_HDM_102.JPG,0.0021022999999900094,47
SURF,DAY-2_RPH_HDM_103.JPG,0.0019185999999535852,14
SURF,DAY-2_RPH_HDM_104.JPG,0.0017220000000293112,23
SURF,DAY-2_RPH_HDM_105.JPG,0.0018217999999592394,21
SURF,DAY-2_RPH_HDM_106.JPG,0.0019489000000021406,33
SURF,DAY-2_RPH_HDM_107.JPG,0.001881499999967673,17
SURF,DAY-2_RPH_HDM_108.JPG,0.001997000000017124,28
SURF,DAY-2_RPH_HDM_109.JPG,0.0018730999999547748,61
SURF,DAY-2_RPH_HDM_110.JPG,0.0018163999999956104,13
SURF,DAY-2_RPH_HDM_111.JPG,0.0015373000000522552,1
SURF,DAY-2_RPH_HDM_112.JPG,0.0018410999999787236,17
SURF,DAY-2_RPH_HDM_113.JPG,0.0014512000000195258,2
SURF,DAY-2_RPH_HDM_114.JPG,0.00166049999995721,12
SURF,DAY-2_RPH_HDM_115.JPG,0.001602899999966212,15
SURF,DAY-2_RPH_HDM_116.JPG,0.001547399999992649,15
SURF,DAY-2_RPH_HDM_117.JPG,0.0014249999999833562,6
SURF,DAY-2_RPH_HDM_118.JPG,0.0015023000000269349,11
SURF,DAY-2_RPH_HDM_119.JPG,0.0016772000000173648,14
SURF,DAY-2_RPH_HDM_120.JPG,0.0016587999999728709,28
SURF,DAY-2_RPH_HDM_121.JPG,0.0015660999999909109,5
SURF,DAY-2_RPH_HDM_122.JPG,0.002086999999960426,46
SURF,DAY-2_RPH_HDM_123.JPG,0.0014411000000222884,6
SURF,DAY-2_RPH_HDM_124.JPG,0.0017315999999709675,35
SURF,DAY-2_RPH_HDM_125.JPG,0.0017481999999517939,5
SURF,DAY-2_RPH_HDM_126.JPG,0.0017280999999798041,24
SURF,DAY-2_RPH_HDM_127.JPG,0.0016865000000052532,43
SURF,DAY-2_RPH_HDM_128.JPG,0.0017149000000244996,8
SURF,DAY-2_RPH_HDM_129.JPG,0.0018962999999985186,5
SURF,DAY-2_RPH_HDM_130.JPG,0.0014748000000395223,6
SURF,DAY-2_RPH_HDM_131.JPG,0.0015923999999927219,1
SURF,DAY-2_RPH_HDM_132.JPG,0.0016351999999528744,29
SURF,DAY-2_RPH_HDM_133.JPG,0.0016694000000256892,19
SURF,DAY-2_RPH_HDM_134.JPG,0.001666499999998905,23
SURF,DAY-2_RPH_HDM_135.JPG,0.0016180000000076689,12
SURF,DAY-2_RPH_HDM_136.JPG,0.0015093000000092616,8
SURF,DAY-2_RPH_HDM_137.JPG,0.0013527000000408407,0
SURF,DAY-2_RPH_HDM_138.JPG,0.0015124999999898137,15
SURF,DAY-2_RPH_HDM_139.JPG,0.0021907000000283006,15
SURF,DAY-2_RPH_HDM_140.JPG,0.002056900000013684,30
SURF,DAY-2_RPH_HLR_001.JPG,0.0009380999999848427,1
SURF,DAY-2_RPH_HLR_002.JPG,0.0016895999999633204,49
SURF,DAY-2_RPH_HLR_003.JPG,0.0013544999999908214,13
SURF,DAY-2_RPH_HLR_004.JPG,0.0014029999999820575,17
SURF,DAY-2_RPH_HLR_005.JPG,0.0010656000000039967,3
SURF,DAY-2_RPH_HLR_006.JPG,0.001452900000003865,27
SURF,DAY-2_RPH_HLR_007.JPG,0.0008591000000137683,1
SURF,DAY-2_RPH_HLR_008.JPG,0.0010622000000353182,1
SURF,DAY-2_RPH_HLR_009.JPG,0.0012057999999797175,1
SURF,DAY-2_RPH_HLR_010.JPG,0.0011326000000053682,4
SURF,DAY-2_RPH_HLR_011.JPG,0.0018792000000189546,126
SURF,DAY-2_RPH_HLR_012.JPG,0.000970600000016475,5
SURF,DAY-2_RPH_HLR_013.JPG,0.0011402000000089174,4
SURF,DAY-2_RPH_HLR_015.JPG,0.0009966999999733162,0
SURF,DAY-2_RPH_HLR_016.JPG,0.0011772999999948297,3
SURF,DAY-2_RPH_HLR_017.JPG,0.001188200000001416,2
SURF,DAY-2_RPH_HLR_018.JPG,0.001237399999979516,4
SURF,DAY-2_RPH_HLR_019.JPG,0.0011084000000209926,0
SURF,DAY-2_RPH_HLR_020.JPG,0.001249200000017936,10
SURF,DAY-2_RPH_HLR_021.JPG,0.0011888999999882799,2
SURF,DAY-2_RPH_HLR_022.JPG,0.0011402000000089174,2
SURF,DAY-2_RPH_HLR_023.JPG,0.0009881000000291351,0
SURF,DAY-2_RPH_HLR_024.JPG,0.0014386999999942418,12
SURF,DAY-2_RPH_HLR_025.JPG,0.0011534000000210654,6
SURF,DAY-2_RPH_HLR_026.JPG,0.001489100000014787,10
SURF,DAY-2_RPH_HLR_027.JPG,0.0009928999999715415,0
SURF,DAY-2_RPH_HLR_028.JPG,0.0011212999999656859,6
SURF,DAY-2_RPH_HLR_029.JPG,0.0012365000000045256,5
SURF,DAY-2_RPH_HLR_030.JPG,0.001449000000036449,24
SURF,DAY-2_RPH_HLR_031.JPG,0.0023499000000128945,145
SURF,DAY-2_RPH_HLR_032.JPG,0.0019168000000036045,125
SURF,DAY-2_RPH_HLR_033.JPG,0.0012738000000354077,5
SURF,DAY-2_RPH_HLR_034.JPG,0.0013722000000484513,7
SURF,DAY-2_RPH_HLR_035.JPG,0.0018420000000105574,112
SURF,DAY-2_RPH_HLR_036.JPG,0.0019128000000137035,124
SURF,DAY-2_RPH_HLR_037.JPG,0.0015962000000513399,54
SURF,DAY-2_RPH_HLR_038.JPG,0.0011170999999876585,8
SURF,DAY-2_RPH_HLR_040.JPG,0.0010571999999910986,2
SURF,DAY-2_RPH_HLR_041.JPG,0.0013914000000454507,16
SURF,DAY-2_RPH_HLR_042.JPG,0.0017076000000315616,51
SURF,DAY-2_RPH_HLR_043.JPG,0.0019868999999630432,129
SURF,DAY-2_RPH_HLR_044.JPG,0.0009590999999886662,3
SURF,DAY-2_RPH_HLR_045.JPG,0.0020498999999745138,124
SURF,DAY-2_RPH_HLR_046.JPG,0.002262299999983952,122
SURF,DAY-2_RPH_HLR_047.JPG,0.0018046999999796753,3
SURF,DAY-2_RPH_HLR_048.JPG,0.0015002000000094995,10
SURF,DAY-2_RPH_HLR_049.JPG,0.0016713999999637963,14
SURF,DAY-2_RPH_HLR_050.JPG,0.0016714999999862812,11
SURF,DAY-2_RPH_HLR_051.JPG,0.0019045000000232903,126
SURF,DAY-2_RPH_HLR_052.JPG,0.0020099000000186606,127
SURF,DAY-2_RPH_HLR_053.JPG,0.0012613000000101238,4
SURF,DAY-2_RPH_HLR_054.JPG,0.0013056000000233325,14
SURF,DAY-2_RPH_HLR_055.JPG,0.0009144999999648462,1
SURF,DAY-2_RPH_HLR_056.JPG,0.0008801999999832333,1
SURF,DAY-2_RPH_HLR_057.JPG,0.0008687999999779095,0
SURF,DAY-2_RPH_HLR_058.JPG,0.0012633000000050743,21
SURF,DAY-2_RPH_HLR_059.JPG,0.002090500000008433,130
SURF,DAY-2_RPH_HLR_060.JPG,0.0009741999999732798,13
SURF,DAY-2_RPH_HLR_062.JPG,0.0011279999999942447,8
SURF,DAY-2_RPH_HLR_063.JPG,0.0016980999999987034,30
SURF,DAY-2_RPH_HLR_064.JPG,0.001170999999999367,4
SURF,DAY-2_RPH_HLR_065.JPG,0.0014464999999859174,5
SURF,DAY-2_RPH_HLR_066.JPG,0.0017093999999815424,15
SURF,DAY-2_RPH_HLR_067.JPG,0.0016873999999802436,108
SURF,DAY-2_RPH_HLR_068.JPG,0.0012704000000098858,5
SURF,DAY-2_RPH_HLR_069.JPG,0.0018367999999782114,46
SURF,DAY-2_RPH_HLR_070.JPG,0.0013281999999890104,4
SURF,DAY-2_RPH_HLR_071.JPG,0.002061200000014196,22
SURF,DAY-2_RPH_HLR_072.JPG,0.0011471000000256026,0
SURF,DAY-2_RPH_HLR_073.JPG,0.0012575000000083492,14
SURF,DAY-2_RPH_HLR_074.JPG,0.0011435000000119544,1
SURF,DAY-2_RPH_HLR_075.JPG,0.0013414000000011583,10
SURF,DAY-2_RPH_HLR_076.JPG,0.0014682999999990898,17
SURF,DAY-2_RPH_HLR_078.JPG,0.0010915999999951964,7
SURF,DAY-2_RPH_HLR_079.JPG,0.0010962999999719614,6
SURF,DAY-2_RPH_HLR_080.JPG,0.0014630000000011023,32
SURF,DAY-2_RPH_HLR_081.JPG,0.0013166999999612017,19
SURF,DAY-2_RPH_HLR_082.JPG,0.0012567999999646418,7
SURF,DAY-2_RPH_HLR_083.JPG,0.0011393999999995685,10
SURF,DAY-2_RPH_HLR_084.JPG,0.00132619999999406,12
SURF,DAY-2_RPH_HLR_085.JPG,0.001900499999976546,66
SURF,DAY-2_RPH_HLR_086.JPG,0.0010091999999986,12
SURF,DAY-2_RPH_HLR_087.JPG,0.0014348000000268257,12
SURF,DAY-2_RPH_HLR_088.JPG,0.0014917999999966014,12
SURF,DAY-2_RPH_HLR_089.JPG,0.0012521000000447202,1
SURF,DAY-2_RPH_HLR_090.JPG,0.001204599999994116,4
SURF,DAY-2_RPH_HLR_091.JPG,0.0014309000000025662,5
SURF,DAY-2_RPH_HLR_092.JPG,0.0014252999999939675,13
SURF,DAY-2_RPH_HLR_094.JPG,0.0013577999999938584,13
SURF,DAY-2_RPH_HLR_095.JPG,0.0019897999999898275,5
SURF,DAY-2_RPH_HLR_096.JPG,0.0020311000000106105,17
SURF,DAY-2_RPH_HLR_097.JPG,0.0013900999999805208,6
SURF,DAY-2_RPH_HLR_098.JPG,0.0016293999999561493,12
SURF,DAY-2_RPH_HLR_099.JPG,0.0015047999999637796,12
SURF,DAY-2_RPH_HLR_100.JPG,0.0015472000000045227,6
SURF,DAY-2_RPH_HLR_101.JPG,0.0016082000000210428,14
SURF,DAY-2_RPH_HLR_102.JPG,0.0016742999999905805,13
SURF,DAY-2_RPH_HLR_103.JPG,0.0015620000000353684,4
SURF,DAY-2_RPH_HLR_104.JPG,0.0015167999999903259,11
SURF,DAY-2_RPH_HLR_105.JPG,0.0018559000000095693,3
SURF,DAY-2_RPH_HLR_106.JPG,0.002920700000004217,51
SURF,DAY-2_RPH_HLR_107.JPG,0.001395099999967897,0
SURF,DAY-2_RPH_HLR_109.JPG,0.0016046000000073946,0
SURF,DAY-2_RPH_HLR_110.JPG,0.0013981000000171662,5
SURF,DAY-2_RPH_HLR_111.JPG,0.0016150999999808846,4
SURF,DAY-2_RPH_HLR_112.JPG,0.0016628000000196153,11
SURF,DAY-2_RPH_HLR_113.JPG,0.0014325999999869055,4
SURF,DAY-2_RPH_HLR_114.JPG,0.0016464000000269152,15
SURF,DAY-2_RPH_HLR_115.JPG,0.0017469000000005508,1
SURF,DAY-2_RPH_HLR_116.JPG,0.0018873000000212414,43
SURF,DAY-2_RPH_HLR_117.JPG,0.0019824999999968895,11
SURF,DAY-2_RPH_HLR_118.JPG,0.00229780000000801,36
SURF,DAY-2_RPH_HLR_119.JPG,0.0019442000000253756,6
SURF,DAY-2_RPH_HLR_120.JPG,0.002073999999993248,24
SURF,DAY-2_RPH_HLR_121.JPG,0.0015033999999900516,4
SURF,DAY-2_RPH_HLR_122.JPG,0.0015720000000101209,22
SURF,DAY-2_RPH_HLR_123.JPG,0.00134370000000672,4
SURF,DAY-2_RPH_HLR_124.JPG,0.0015252999999688654,23
SURF,DAY-2_RPH_HLR_125.JPG,0.0018771999999671607,2
SURF,DAY-2_RPH_HLR_126.JPG,0.002054999999984375,13
SURF,DAY-2_RPH_HLR_128.JPG,0.002114600000027167,48
SURF,DAY-2_RPH_HLR_129.JPG,0.001322600000037255,5
SURF,DAY-2_RPH_HLR_130.JPG,0.0014371000000323875,14
SURF,DAY-2_RPH_HLR_131.JPG,0.0015879999999697247,2
SURF,DAY-2_RPH_HLR_132.JPG,0.002355799999975261,37
SURF,DAY-2_RPH_HLR_133.JPG,0.0016418000000157917,10
SURF,DAY-2_RPH_HLR_134.JPG,0.0017199999999775173,9
SURF,DAY-2_RPH_HLR_135.JPG,0.0012689999999793145,3
SURF,DAY-2_RPH_HLR_136.JPG,0.0014473999999609077,14
SURF,DAY-2_RPH_HLR_137.JPG,0.0013820000000350774,6
SURF,DAY-2_RPH_HLR_138.JPG,0.0015675000000214823,8
SURF,DAY-2_RPH_HLR_139.JPG,0.0015672999999765125,3
SURF,DAY-2_RPH_HLR_140.JPG,0.0017443999999500193,14
SURF,DAY-2_RPH_KLP_001.JPG,0.001737999999988915,7
SURF,DAY-2_RPH_KLP_002.JPG,0.0023977000000172666,7
SURF,DAY-2_RPH_KLP_003.JPG,0.0012887999999975364,3
SURF,DAY-2_RPH_KLP_004.JPG,0.0015266999999994368,8
SURF,DAY-2_RPH_KLP_005.JPG,0.0015738999999825865,2
SURF,DAY-2_RPH_KLP_006.JPG,0.0014101000000437125,4
SURF,DAY-2_RPH_KLP_007.JPG,0.001982400000031248,8
SURF,DAY-2_RPH_KLP_008.JPG,0.0018948000000023058,11
SURF,DAY-2_RPH_KLP_009.JPG,0.0017303000000197244,6
SURF,DAY-2_RPH_KLP_010.JPG,0.0015174999999771899,4
SURF,DAY-2_RPH_KLP_011.JPG,0.001565299999981562,11
SURF,DAY-2_RPH_KLP_012.JPG,0.0014418000000091524,8
SURF,DAY-2_RPH_KLP_013.JPG,0.001797300000021096,5
SURF,DAY-2_RPH_KLP_014.JPG,0.0011584000000084416,2
SURF,DAY-2_RPH_KLP_015.JPG,0.0014709000000152628,9
SURF,DAY-2_RPH_KLP_016.JPG,0.0021279000000049564,25
SURF,DAY-2_RPH_KLP_017.JPG,0.0020238000000176726,18
SURF,DAY-2_RPH_KLP_018.JPG,0.0018124000000057094,17
SURF,DAY-2_RPH_KLP_019.JPG,0.0014399000000366868,2
SURF,DAY-2_RPH_KLP_020.JPG,0.0019093999999881817,15
SURF,DAY-2_RPH_KLP_021.JPG,0.0012346999999977015,2
SURF,DAY-2_RPH_KLP_022.JPG,0.0011891999999988911,14
SURF,DAY-2_RPH_KLP_023.JPG,0.0013308000000051834,3
SURF,DAY-2_RPH_KLP_024.JPG,0.001501500000017586,12
SURF,DAY-2_RPH_KLP_025.JPG,0.002425599999980932,39
SURF,DAY-2_RPH_KLP_026.JPG,0.0016857999999615458,13
SURF,DAY-2_RPH_KLP_027.JPG,0.0015157000000272092,1
SURF,DAY-2_RPH_KLP_028.JPG,0.001990299999988565,32
SURF,DAY-2_RPH_KLP_029.JPG,0.0017811999999821637,6
SURF,DAY-2_RPH_KLP_030.JPG,0.0017002000000161388,9
SURF,DAY-2_RPH_KLP_031.JPG,0.0017877000000225962,6
SURF,DAY-2_RPH_KLP_032.JPG,0.0017363999999702173,16
SURF,DAY-2_RPH_KLP_033.JPG,0.0015650999999934356,11
SURF,DAY-2_RPH_KLP_034.JPG,0.0016669999999976426,17
SURF,DAY-2_RPH_KLP_035.JPG,0.0019288000000301508,7
SURF,DAY-2_RPH_KLP_036.JPG,0.001531100000022434,1
SURF,DAY-2_RPH_KLP_037.JPG,0.001982999999995627,6
SURF,DAY-2_RPH_KLP_038.JPG,0.0014170000000035543,4
SURF,DAY-2_RPH_KLP_039.JPG,0.0013521000000196182,2
SURF,DAY-2_RPH_KLP_040.JPG,0.0013547000000357912,6
SURF,DAY-2_RPH_KLP_041.JPG,0.0012143000000151005,2
SURF,DAY-2_RPH_KLP_042.JPG,0.001131600000007893,3
SURF,DAY-2_RPH_KLP_043.JPG,0.0013084999999932734,6
SURF,DAY-2_RPH_KLP_044.JPG,0.0013399000000049455,5
SURF,DAY-2_RPH_KLP_045.JPG,0.0014249000000177148,6
SURF,DAY-2_RPH_KLP_046.JPG,0.0016899000000307751,9
SURF,DAY-2_RPH_KLP_047.JPG,0.001579199999980574,12
SURF,DAY-2_RPH_KLP_048.JPG,0.00169349999998758,3
SURF,DAY-2_RPH_KLP_049.JPG,0.0016348999999991065,5
SURF,DAY-2_RPH_KLP_050.JPG,0.0011705000000006294,7
SURF,DAY-2_RPH_KLP_051.JPG,0.0013877000000093176,2
SURF,DAY-2_RPH_KLP_052.JPG,0.0014103999999974803,6
SURF,DAY-2_RPH_KLP_053.JPG,0.0013811000000032436,6
SURF,DAY-2_RPH_KLP_054.JPG,0.00150220000000445,6
SURF,DAY-2_RPH_KLP_055.JPG,0.0011843000000339998,5
SURF,DAY-2_RPH_KLP_056.JPG,0.0011202000000025691,2
SURF,DAY-2_RPH_KLP_057.JPG,0.0016110999999909836,5
SURF,DAY-2_RPH_KLP_058.JPG,0.0016456999999832078,10
SURF,DAY-2_RPH_KLP_059.JPG,0.0012016000000016902,5
SURF,DAY-2_RPH_KLP_060.JPG,0.0013643000000342909,7
SURF,DAY-2_RPH_KLP_061.JPG,0.0015753000000131578,4
SURF,DAY-2_RPH_KLP_062.JPG,0.0015209000000027117,9
SURF,DAY-2_RPH_KLP_063.JPG,0.0013394000000062078,1
SURF,DAY-2_RPH_KLP_064.JPG,0.00156210000000101,15
SURF,DAY-2_RPH_KLP_065.JPG,0.0016029999999886968,8
SURF,DAY-2_RPH_KLP_066.JPG,0.0017021000000454478,14
SURF,DAY-2_RPH_KLP_067.JPG,0.0014613999999824046,4
SURF,DAY-2_RPH_KLP_068.JPG,0.0016064000000142187,4
SURF,DAY-2_RPH_KLP_069.JPG,0.0016206999999894833,7
SURF,DAY-2_RPH_KLP_070.JPG,0.0016104000000041196,11
SURF,DAY-2_RPH_KLP_071.JPG,0.0017144999999914035,8
SURF,DAY-2_RPH_KLP_072.JPG,0.0014416999999866675,6
SURF,DAY-2_RPH_KLP_073.JPG,0.001387899999997444,4
SURF,DAY-2_RPH_KLP_074.JPG,0.0016284000000155174,10
SURF,DAY-2_RPH_KLP_075.JPG,0.0013567999999963831,1
SURF,DAY-2_RPH_KLP_076.JPG,0.001527699999996912,6
SURF,DAY-2_RPH_KLP_077.JPG,0.0013710000000060063,1
SURF,DAY-2_RPH_KLP_078.JPG,0.0015617999999903986,9
SURF,DAY-2_RPH_KLP_079.JPG,0.0011503000000061547,0
SURF,DAY-2_RPH_KLP_080.JPG,0.0015800999999555643,24
SURF,DAY-2_RPH_KLP_081.JPG,0.0012601000000245222,1
SURF,DAY-2_RPH_KLP_082.JPG,0.0015903999999977714,13
SURF,DAY-2_RPH_KLP_083.JPG,0.0016046000000073946,3
SURF,DAY-2_RPH_KLP_084.JPG,0.0016888999999764565,7
SURF,DAY-2_RPH_KLP_086.JPG,0.001705899999990379,6
SURF,DAY-2_RPH_KLP_087.JPG,0.0013299999999958345,3
SURF,DAY-2_RPH_KLP_088.JPG,0.001312999999981912,6
SURF,DAY-2_RPH_KLP_089.JPG,0.0012031999999635445,0
SURF,DAY-2_RPH_KLP_090.JPG,0.0012317000000052758,0
SURF,DAY-2_RPH_KLP_091.JPG,0.0017032000000085645,18
SURF,DAY-2_RPH_KLP_092.JPG,0.0016103000000384782,14
SURF,DAY-2_RPH_KLP_093.JPG,0.0016449000000307024,15
SURF,DAY-2_RPH_KLP_094.JPG,0.002158000000008542,30
SURF,DAY-2_RPH_KLP_095.JPG,0.0017462000000136868,17
SURF,DAY-2_RPH_KLP_096.JPG,0.0020275999999626038,32
SURF,DAY-2_RPH_KLP_097.JPG,0.0015425000000277578,3
SURF,DAY-2_RPH_KLP_098.JPG,0.001372899999978472,10
SURF,DAY-2_RPH_KLP_099.JPG,0.0015109000000279593,6
SURF,DAY-2_RPH_KLP_100.JPG,0.0014534000000026026,8
SURF,DAY-2_RPH_KLP_101.JPG,0.0014511000000538843,4
SURF,DAY-2_RPH_KLP_102.JPG,0.0014426999999841428,6
SURF,DAY-2_RPH_KLP_103.JPG,0.001738799999998264,11
SURF,DAY-2_RPH_KLP_104.JPG,0.0017375000000470209,31
SURF,DAY-2_RPH_KLP_105.JPG,0.0016744000000130654,9
SURF,DAY-2_RPH_KLP_106.JPG,0.0017516999999998006,14
SURF,DAY-2_RPH_KLP_107.JPG,0.0015811999999755244,2
SURF,DAY-2_RPH_KLP_108.JPG,0.0017786000000228341,7
SURF,DAY-2_RPH_KLP_109.JPG,0.0015766000000212443,8
SURF,DAY-2_RPH_KLP_110.JPG,0.0017531999999960135,12
SURF,DAY-2_RPH_KLP_111.JPG,0.001144699999997556,1
SURF,DAY-2_RPH_KLP_112.JPG,0.0010692999999832864,3
SURF,DAY-2_RPH_KLP_113.JPG,0.0014446000000134518,3
SURF,DAY-2_RPH_KLP_114.JPG,0.001466100000016013,6
SURF,DAY-2_RPH_KLP_115.JPG,0.0016975999999999658,7
SURF,DAY-2_RPH_KLP_116.JPG,0.001695299999994404,17
SURF,DAY-2_RPH_KLP_117.JPG,0.0019133000000124412,37
SURF,DAY-2_RPH_KLP_118.JPG,0.0016028000000005704,7
SURF,DAY-2_RPH_KLP_119.JPG,0.0015485999999782507,5
SURF,DAY-2_RPH_KLP_120.JPG,0.0016439999999988686,14
SURF,DAY-2_RPH_KLP_121.JPG,0.0015223999999989246,10
SURF,DAY-2_RPH_KLP_122.JPG,0.001535799999999199,8
SURF,DAY-2_RPH_KLP_123.JPG,0.0017449000000056003,18
SURF,DAY-2_RPH_KLP_124.JPG,0.0018132000000150583,14
SURF,DAY-2_RPH_KLP_125.JPG,0.0013558999999645494,5
SURF,DAY-2_RPH_KLP_126.JPG,0.001412700000003042,12
SURF,DAY-2_RPH_KLP_127.JPG,0.0011784999999804313,0
SURF,DAY-2_RPH_KLP_128.JPG,0.0013131000000043969,12
SURF,DAY-2_RPH_KLP_129.JPG,0.0013421000000448657,1
SURF,DAY-2_RPH_KLP_130.JPG,0.0012983000000303946,4
SURF,DAY-2_RPH_KLP_131.JPG,0.0015945999999757987,10
SURF,DAY-2_RPH_KLP_132.JPG,0.0015688000000295688,6
SURF,DAY-2_RPH_KLP_133.JPG,0.0012973999999985608,2
SURF,DAY-2_RPH_KLP_134.JPG,0.0015580000000454675,8
SURF,DAY-2_RPH_KLP_135.JPG,0.001230200000009063,0
SURF,DAY-2_RPH_KLP_136.JPG,0.0013546000000133063,5
SURF,DAY-2_RPH_KLP_137.JPG,0.0016141999999490508,10
SURF,DAY-2_RPH_KLP_138.JPG,0.002217900000005102,49
SURF,DAY-2_RPH_KLP_139.JPG,0.0012458999999580556,0
SURF,DAY-2_RPH_KLP_140.JPG,0.0015695000000164328,1
SURF,DAY-2_RPH_LMS_001.JPG,0.0016489999999862448,21
SURF,DAY-2_RPH_LMS_002.JPG,0.0016286999999692853,26
SURF,DAY-2_RPH_LMS_003.JPG,0.0015646999999603395,12
SURF,DAY-2_RPH_LMS_004.JPG,0.0015771999999856234,18
SURF,DAY-2_RPH_LMS_005.JPG,0.0013276999999902728,2
SURF,DAY-2_RPH_LMS_006.JPG,0.0016732999999931053,15
SURF,DAY-2_RPH_LMS_007.JPG,0.0012507999999797903,21
SURF,DAY-2_RPH_LMS_008.JPG,0.0012013000000479224,2
SURF,DAY-2_RPH_LMS_009.JPG,0.001609200000018518,9
SURF,DAY-2_RPH_LMS_010.JPG,0.0021342999999660606,32
SURF,DAY-2_RPH_LMS_011.JPG,0.0016206000000238419,3
SURF,DAY-2_RPH_LMS_012.JPG,0.0016248000000018692,8
SURF,DAY-2_RPH_LMS_013.JPG,0.0014906999999766413,5
SURF,DAY-2_RPH_LMS_014.JPG,0.0017306000000303357,16
SURF,DAY-2_RPH_LMS_015.JPG,0.0017988000000173088,25
SURF,DAY-2_RPH_LMS_016.JPG,0.0014721000000008644,6
SURF,DAY-2_RPH_LMS_017.JPG,0.0016239999999925203,15
SURF,DAY-2_RPH_LMS_018.JPG,0.001523299999973915,8
SURF,DAY-2_RPH_LMS_019.JPG,0.0013663999999948828,1
SURF,DAY-2_RPH_LMS_020.JPG,0.0013400999999930718,7
SURF,DAY-2_RPH_LMS_021.JPG,0.0022488000000180364,62
SURF,DAY-2_RPH_LMS_022.JPG,0.0016582000000084918,31
SURF,DAY-2_RPH_LMS_023.JPG,0.0020245000000045366,23
SURF,DAY-2_RPH_LMS_024.JPG,0.0029005000000097425,88
SURF,DAY-2_RPH_LMS_025.JPG,0.0017692999999781023,6
SURF,DAY-2_RPH_LMS_026.JPG,0.0018251999999847612,19
SURF,DAY-2_RPH_LMS_027.JPG,0.0018061000000102467,11
SURF,DAY-2_RPH_LMS_028.JPG,0.0016004000000293672,2
SURF,DAY-2_RPH_LMS_029.JPG,0.001767000000029384,8
SURF,DAY-2_RPH_LMS_030.JPG,0.0021229999999832216,38
SURF,DAY-2_RPH_LMS_031.JPG,0.0015038000000231477,2
SURF,DAY-2_RPH_LMS_032.JPG,0.0015983999999775733,9
SURF,DAY-2_RPH_LMS_033.JPG,0.0017030999999860796,16
SURF,DAY-2_RPH_LMS_034.JPG,0.0023230000000467044,38
SURF,DAY-2_RPH_LMS_035.JPG,0.0015985999999656997,0
SURF,DAY-2_RPH_LMS_036.JPG,0.00181440000000066,0
SURF,DAY-2_RPH_LMS_037.JPG,0.0015442999999777385,4
SURF,DAY-2_RPH_LMS_038.JPG,0.0022738999999774023,33
SURF,DAY-2_RPH_LMS_039.JPG,0.0017761999999947875,10
SURF,DAY-2_RPH_LMS_040.JPG,0.002119899999968311,23
SURF,DAY-2_RPH_LMS_041.JPG,0.0016000999999619125,1
SURF,DAY-2_RPH_LMS_042.JPG,0.0017177999999944404,10
SURF,DAY-2_RPH_LMS_043.JPG,0.0015227999999751773,7
SURF,DAY-2_RPH_LMS_044.JPG,0.0013284999999996217,0
SURF,DAY-2_RPH_LMS_045.JPG,0.0019323000000213142,21
SURF,DAY-2_RPH_LMS_046.JPG,0.0018572000000176558,14
SURF,DAY-2_RPH_LMS_047.JPG,0.0015682000000083463,1
SURF,DAY-2_RPH_LMS_048.JPG,0.0020465000000058353,44
SURF,DAY-2_RPH_LMS_049.JPG,0.0016344999999660104,8
SURF,DAY-2_RPH_LMS_050.JPG,0.00200680000000375,39
SURF,DAY-2_RPH_LMS_051.JPG,0.0012495999999941887,2
SURF,DAY-2_RPH_LMS_052.JPG,0.0013748999999734224,7
SURF,DAY-2_RPH_LMS_053.JPG,0.001509900000030484,3
SURF,DAY-2_RPH_LMS_054.JPG,0.0015103000000067368,1
SURF,DAY-2_RPH_LMS_055.JPG,0.0018582999999807726,1
SURF,DAY-2_RPH_LMS_056.JPG,0.0019363000000112152,11
SURF,DAY-2_RPH_LMS_057.JPG,0.0013454000000479027,2
SURF,DAY-2_RPH_LMS_058.JPG,0.0017272000000048138,17
SURF,DAY-2_RPH_LMS_059.JPG,0.0015985999999656997,1
SURF,DAY-2_RPH_LMS_060.JPG,0.002066599999977825,28
SURF,DAY-2_RPH_LMS_061.JPG,0.00193050000001449,9
SURF,DAY-2_RPH_LMS_062.JPG,0.0019412999999985914,19
SURF,DAY-2_RPH_LMS_063.JPG,0.001962600000013026,1
SURF,DAY-2_RPH_LMS_064.JPG,0.0018206999999961226,12
SURF,DAY-2_RPH_LMS_065.JPG,0.001541000000031545,3
SURF,DAY-2_RPH_LMS_066.JPG,0.001622599999961949,7
SURF,DAY-2_RPH_LMS_067.JPG,0.001676800000041112,3
SURF,DAY-2_RPH_LMS_068.JPG,0.0018079999999827123,13
SURF,DAY-2_RPH_LMS_069.JPG,0.0016568000000347638,8
SURF,DAY-2_RPH_LMS_070.JPG,0.0018544000000133565,14
SURF,DAY-2_RPH_LMS_071.JPG,0.0018986000000040804,4
SURF,DAY-2_RPH_LMS_072.JPG,0.001815099999987524,7
SURF,DAY-2_RPH_LMS_073.JPG,0.0016883000000120774,4
SURF,DAY-2_RPH_LMS_074.JPG,0.001679700000011053,12
SURF,DAY-2_RPH_LMS_075.JPG,0.0018134000000031847,6
SURF,DAY-2_RPH_LMS_076.JPG,0.0021767000000068037,36
SURF,DAY-2_RPH_LMS_077.JPG,0.002005100000019411,7
SURF,DAY-2_RPH_LMS_078.JPG,0.0024794999999926404,39
SURF,DAY-2_RPH_LMS_079.JPG,0.0013594999999781976,1
SURF,DAY-2_RPH_LMS_080.JPG,0.0017798000000084357,27
SURF,DAY-2_RPH_LMS_081.JPG,0.0016662999999539352,8
SURF,DAY-2_RPH_LMS_082.JPG,0.001860399999998208,22
SURF,DAY-2_RPH_LMS_083.JPG,0.0016780000000267137,18
SURF,DAY-2_RPH_LMS_084.JPG,0.0016087999999854219,4
SURF,DAY-2_RPH_LMS_085.JPG,0.0015627000000222324,14
SURF,DAY-2_RPH_LMS_086.JPG,0.0016357999999740969,5
SURF,DAY-2_RPH_LMS_087.JPG,0.0015452999999752137,4
SURF,DAY-2_RPH_LMS_088.JPG,0.0016303000000448264,12
SURF,DAY-2_RPH_LMS_089.JPG,0.001406200000019453,2
SURF,DAY-2_RPH_LMS_090.JPG,0.0016216999999869586,7
SURF,DAY-2_RPH_LMS_091.JPG,0.0016326000000503882,12
SURF,DAY-2_RPH_LMS_092.JPG,0.001916199999982382,37
SURF,DAY-2_RPH_LMS_093.JPG,0.002068199999996523,18
SURF,DAY-2_RPH_LMS_094.JPG,0.0018278000000009342,6
SURF,DAY-2_RPH_LMS_095.JPG,0.0015894000000002961,12
SURF,DAY-2_RPH_LMS_096.JPG,0.0017634999999813772,3
SURF,DAY-2_RPH_LMS_097.JPG,0.0016162000000008447,2
SURF,DAY-2_RPH_LMS_098.JPG,0.0017140000000495093,40
SURF,DAY-2_RPH_LMS_099.JPG,0.002157899999986057,33
SURF,DAY-2_RPH_LMS_100.JPG,0.0021638999999709085,17
SURF,DAY-2_RPH_LMS_101.JPG,0.001641599999970822,39
SURF,DAY-2_RPH_LMS_102.JPG,0.002675399999986894,7
SURF,DAY-2_RPH_LMS_103.JPG,0.0018369999999663378,2
SURF,DAY-2_RPH_LMS_104.JPG,0.00192349999997532,23
SURF,DAY-2_RPH_LMS_105.JPG,0.0016997999999830427,4
SURF,DAY-2_RPH_LMS_106.JPG,0.002158100000031027,42
SURF,DAY-2_RPH_LMS_107.JPG,0.002145399999960773,41
SURF,DAY-2_RPH_LMS_108.JPG,0.0016092999999841595,6
SURF,DAY-2_RPH_LMS_109.JPG,0.0017722000000048865,11
SURF,DAY-2_RPH_LMS_110.JPG,0.0015484999999557658,8
SURF,DAY-2_RPH_LMS_111.JPG,0.0019270999999889682,32
SURF,DAY-2_RPH_LMS_112.JPG,0.0018190999999774249,30
SURF,DAY-2_RPH_LMS_113.JPG,0.002012600000000475,16
SURF,DAY-2_RPH_LMS_114.JPG,0.0020068999999693915,23
SURF,DAY-2_RPH_LMS_115.JPG,0.0016694999999913307,4
SURF,DAY-2_RPH_LMS_116.JPG,0.0019563000000175634,25
SURF,DAY-2_RPH_LMS_117.JPG,0.001974800000027699,11
SURF,DAY-2_RPH_LMS_118.JPG,0.0022615000000314467,20
SURF,DAY-2_RPH_LMS_119.JPG,0.0012666000000081112,4
SURF,DAY-2_RPH_LMS_120.JPG,0.001502099999981965,13
SURF,DAY-2_RPH_LMS_121.JPG,0.001596999999947002,13
SURF,DAY-2_RPH_LMS_122.JPG,0.0018481000000178938,28
SURF,DAY-2_RPH_LMS_123.JPG,0.0012813999999821135,1
SURF,DAY-2_RPH_LMS_124.JPG,0.0015274000000431442,2
SURF,DAY-2_RPH_LMS_125.JPG,0.0015930999999795858,12
SURF,DAY-2_RPH_LMS_126.JPG,0.0014108000000305765,3
SURF,DAY-2_RPH_LMS_127.JPG,0.001764299999990726,22
SURF,DAY-2_RPH_LMS_128.JPG,0.0018516000000090571,20
SURF,DAY-2_RPH_LMS_129.JPG,0.00167709999999488,14
SURF,DAY-2_RPH_LMS_130.JPG,0.0014304000000038286,8
SURF,DAY-2_RPH_LMS_131.JPG,0.0010101999999960753,1
SURF,DAY-2_RPH_LMS_132.JPG,0.0011476000000243403,9
SURF,DAY-2_RPH_LMS_133.JPG,0.001719799999989391,6
SURF,DAY-2_RPH_LMS_134.JPG,0.0016767999999842687,24
SURF,DAY-2_RPH_LMS_135.JPG,0.0017923999999993612,2
SURF,DAY-2_RPH_LMS_136.JPG,0.002259499999979653,37
SURF,DAY-2_RPH_LMS_137.JPG,0.0019136000000230524,15
SURF,DAY-2_RPH_LMS_138.JPG,0.0020147000000179105,20
SURF,DAY-2_RPH_LMS_139.JPG,0.0016330999999922824,5
SURF,DAY-2_RPH_LMS_140.JPG,0.001986599999952432,21
SURF,DAY-2_UMKM_PDS_001.JPG,0.0008998000000133288,1
SURF,DAY-2_UMKM_PDS_002.JPG,0.000990899999976591,2
SURF,DAY-2_UMKM_PDS_003.JPG,0.0009043000000019674,3
SURF,DAY-2_UMKM_PDS_004.JPG,0.0009303000000500106,3
SURF,DAY-2_UMKM_PDS_005.JPG,0.0010328000000185966,6
SURF,DAY-2_UMKM_PDS_006.JPG,0.0012042000000178632,6
SURF,DAY-2_UMKM_PDS_007.JPG,0.0011350999999990563,2
SURF,DAY-2_UMKM_PDS_008.JPG,0.0013225000000147702,8
SURF,DAY-2_UMKM_PDS_009.JPG,0.0012102999999683561,0
SURF,DAY-2_UMKM_PDS_010.JPG,0.0009407000000010157,2
SURF,DAY-2_UMKM_PDS_011.JPG,0.0009974000000170236,9
SURF,DAY-2_UMKM_PDS_012.JPG,0.0009330999999974665,3
SURF,DAY-2_UMKM_PDS_013.JPG,0.0008842999999956191,3
SURF,DAY-2_UMKM_PDS_014.JPG,0.0009426999999959662,10
SURF,DAY-2_UMKM_PDS_015.JPG,0.0010470999999938613,2
SURF,DAY-2_UMKM_PDS_016.JPG,0.0011672999999632339,6
SURF,DAY-2_UMKM_PDS_017.JPG,0.0012810000000058608,2
SURF,DAY-2_UMKM_PDS_018.JPG,0.001266899999961879,7
SURF,DAY-2_UMKM_PDS_019.JPG,0.001159299999983432,11
SURF,DAY-2_UMKM_PDS_020.JPG,0.0010646000000065214,3
SURF,DAY-2_UMKM_PDS_021.JPG,0.0009325999999987289,2
SURF,DAY-2_UMKM_PDS_022.JPG,0.0012209000000211745,16
SURF,DAY-2_UMKM_PDS_023.JPG,0.0010952999999744861,1
SURF,DAY-2_UMKM_PDS_024.JPG,0.0011242999999581116,1
SURF,DAY-2_UMKM_PDS_025.JPG,0.0011448999999856824,2
SURF,DAY-2_UMKM_PDS_026.JPG,0.0013084999999932734,4
SURF,DAY-2_UMKM_PDS_027.JPG,0.0013613000000418651,2
SURF,DAY-2_UMKM_PDS_028.JPG,0.0013446000000385538,9
SURF,DAY-2_UMKM_PDS_029.JPG,0.001292599999999311,6
SURF,DAY-2_UMKM_PDS_030.JPG,0.0013078999999720509,4
SURF,DAY-2_UMKM_PDS_031.JPG,0.00104679999998325,9
SURF,DAY-2_UMKM_PDS_032.JPG,0.0010095000000092114,7
SURF,DAY-2_UMKM_PDS_033.JPG,0.0010092999999642416,0
SURF,DAY-2_UMKM_PDS_034.JPG,0.0009534999999800675,1
SURF,DAY-2_UMKM_PDS_035.JPG,0.0010844000000247433,2
SURF,DAY-2_UMKM_PDS_036.JPG,0.0012598999999795524,7
SURF,DAY-2_UMKM_PDS_037.JPG,0.000917300000025989,2
SURF,DAY-2_UMKM_PDS_038.JPG,0.0008480000000190557,0
SURF,DAY-2_UMKM_PDS_039.JPG,0.0008567000000425651,1
SURF,DAY-2_UMKM_PDS_040.JPG,0.0008096999999906984,0
SURF,DAY-2_UMKM_PDS_041.JPG,0.0010892999999896347,4
SURF,DAY-2_UMKM_PDS_042.JPG,0.0012560000000121363,2
SURF,DAY-2_UMKM_PDS_043.JPG,0.0012029000000097767,4
SURF,DAY-2_UMKM_PDS_044.JPG,0.0012240000000360851,3
SURF,DAY-2_UMKM_PDS_045.JPG,0.0016784999999686079,6
SURF,DAY-2_UMKM_PDS_046.JPG,0.0012128000000188877,3
SURF,DAY-2_UMKM_PDS_047.JPG,0.0010268999999993866,1
SURF,DAY-2_UMKM_PDS_048.JPG,0.0012252000000216867,8
SURF,DAY-2_UMKM_PDS_049.JPG,0.0012179999999943902,2
SURF,DAY-2_UMKM_PDS_050.JPG,0.0012186000000156127,4
SURF,DAY-2_UMKM_PDS_051.JPG,0.0013149999999768625,5
SURF,DAY-2_UMKM_PDS_052.JPG,0.0013395000000286927,14
SURF,DAY-2_UMKM_PDS_053.JPG,0.001020499999981439,3
SURF,DAY-2_UMKM_PDS_054.JPG,0.0010720999999875858,6
SURF,DAY-2_UMKM_PDS_055.JPG,0.0013022999999634521,1
SURF,DAY-2_UMKM_PDS_056.JPG,0.0012368999999807784,6
SURF,DAY-2_UMKM_PDS_057.JPG,0.0012889999999856627,7
SURF,DAY-2_UMKM_PDS_058.JPG,0.0012912999999912245,5
SURF,DAY-2_UMKM_PDS_059.JPG,0.0010031999999569052,7
SURF,DAY-2_UMKM_PDS_060.JPG,0.0008511000000339664,3
SURF,DAY-2_UMKM_PDS_061.JPG,0.0009564000000068518,1
SURF,DAY-2_UMKM_PDS_062.JPG,0.000992399999972804,4
SURF,DAY-2_UMKM_PDS_063.JPG,0.0007769000000052984,0
SURF,DAY-2_UMKM_PDS_064.JPG,0.0009008000000108041,1
SURF,DAY-2_UMKM_PDS_065.JPG,0.0011635999999839441,8
SURF,DAY-2_UMKM_PDS_066.JPG,0.0012496999999598302,4
SURF,DAY-2_UMKM_PDS_067.JPG,0.001394500000003518,2
SURF,DAY-2_UMKM_PDS_068.JPG,0.001328800000010233,4
SURF,DAY-2_UMKM_PDS_069.JPG,0.0012246000000004642,5
SURF,DAY-2_UMKM_PDS_070.JPG,0.0011794999999779066,6
SURF,DAY-2_UMKM_PDS_071.JPG,0.0013973999999734588,14
SURF,DAY-2_UMKM_PDS_072.JPG,0.0013038000000165084,2
SURF,DAY-2_UMKM_PDS_073.JPG,0.00142939999994951,5
SURF,DAY-2_UMKM_PDS_074.JPG,0.0012990000000172586,3
SURF,DAY-2_UMKM_PDS_075.JPG,0.001060699999982262,2
SURF,DAY-2_UMKM_PDS_076.JPG,0.0011627000000089538,6
SURF,DAY-2_UMKM_PDS_077.JPG,0.0010378999999716143,5
SURF,DAY-2_UMKM_PDS_078.JPG,0.0010778999999843109,3
SURF,DAY-2_UMKM_PDS_079.JPG,0.0010347999999567037,3
SURF,DAY-2_UMKM_PDS_080.JPG,0.001213800000016363,4
SURF,DAY-2_UMKM_PDS_081.JPG,0.0008794000000307278,1
SURF,DAY-2_UMKM_PDS_082.JPG,0.0008528999999839471,0
SURF,DAY-2_UMKM_PDS_083.JPG,0.0008866000000011809,2
SURF,DAY-2_UMKM_PDS_084.JPG,0.0009456000000227505,5
SURF,DAY-2_UMKM_PDS_085.JPG,0.0011491000000205531,6
SURF,DAY-2_UMKM_PDS_086.JPG,0.001253899999994701,8
SURF,DAY-2_UMKM_PDS_087.JPG,0.001223600000002989,5
SURF,DAY-2_UMKM_PDS_088.JPG,0.0013428000000317297,3
SURF,DAY-2_UMKM_PDS_089.JPG,0.0013232000000016342,7
SURF,DAY-2_UMKM_PDS_090.JPG,0.0012181000000168751,4
SURF,DAY-2_UMKM_PDS_091.JPG,0.0012773999999922125,4
SURF,DAY-2_UMKM_PDS_092.JPG,0.001011299999959192,1
SURF,DAY-2_UMKM_PDS_093.JPG,0.0012764999999603788,1
SURF,DAY-2_UMKM_PDS_094.JPG,0.0010886999999684122,4
SURF,DAY-2_UMKM_PDS_095.JPG,0.001062600000011571,0
SURF,DAY-2_UMKM_PDS_096.JPG,0.0011114000000134183,1
SURF,DAY-2_UMKM_PDS_097.JPG,0.0011640000000170403,4
SURF,DAY-2_UMKM_PDS_098.JPG,0.001116300000035153,7
SURF,DAY-2_UMKM_PDS_099.JPG,0.0011135999999964952,3
SURF,DAY-2_UMKM_PDS_100.JPG,0.001158599999996568,4
SURF,DAY-2_UMKM_PDS_101.JPG,0.0011321000000066306,1
SURF,DAY-2_UMKM_PDS_102.JPG,0.0011067000000366534,1
SURF,DAY-2_UMKM_PDS_103.JPG,0.0011444000000437882,2
SURF,DAY-2_UMKM_PDS_104.JPG,0.0013091000000144959,5
SURF,DAY-2_UMKM_PDS_105.JPG,0.0011172000000101434,3
SURF,DAY-2_UMKM_PDS_106.JPG,0.0011021999999911714,3
SURF,DAY-2_UMKM_PDS_107.JPG,0.0009709999999927277,0
SURF,DAY-2_UMKM_PDS_108.JPG,0.001124300000014955,2
SURF,DAY-2_UMKM_PDS_109.JPG,0.001144699999997556,5
SURF,DAY-2_UMKM_PDS_110.JPG,0.0010755000000131076,1
SURF,DAY-2_UMKM_PDS_111.JPG,0.0013508000000115317,7
SURF,DAY-2_UMKM_PDS_112.JPG,0.0013964999999984684,7
SURF,DAY-2_UMKM_PDS_113.JPG,0.0011620000000220898,2
SURF,DAY-2_UMKM_PDS_114.JPG,0.0011393999999995685,2
SURF,DAY-2_UMKM_PDS_115.JPG,0.0011498999999730586,2
SURF,DAY-2_UMKM_PDS_116.JPG,0.0011992999999961285,4
SURF,DAY-2_UMKM_PDS_117.JPG,0.0010819999999966967,10
SURF,DAY-2_UMKM_PDS_118.JPG,0.00117819999996982,12
SURF,DAY-2_UMKM_PDS_119.JPG,0.0011630999999852065,3
SURF,DAY-2_UMKM_PDS_120.JPG,0.0011791000000016538,4
SURF,DAY-2_UMKM_PDS_121.JPG,0.0011136999999621366,3
SURF,DAY-2_UMKM_PDS_122.JPG,0.001067899999952715,5
SURF,DAY-2_UMKM_PDS_123.JPG,0.0011451999999962936,3
SURF,DAY-2_UMKM_PDS_124.JPG,0.0009846000000379718,0
SURF,DAY-2_UMKM_PDS_125.JPG,0.0012453000000505199,3
SURF,DAY-2_UMKM_PDS_126.JPG,0.0012224999999830288,6
SURF,DAY-2_UMKM_PDS_127.JPG,0.0012809000000402193,6
SURF,DAY-2_UMKM_PDS_128.JPG,0.001287900000022546,6
SURF,DAY-2_UMKM_PDS_129.JPG,0.0010724999999638385,0
SURF,DAY-2_UMKM_PDS_130.JPG,0.0012934000000086598,8
SURF,DAY-2_UMKM_PDS_131.JPG,0.0010275000000206091,0
SURF,DAY-2_UMKM_PDS_132.JPG,0.001155999999980395,3
SURF,DAY-2_UMKM_PDS_133.JPG,0.0010979999999563006,6
SURF,DAY-2_UMKM_PDS_134.JPG,0.0013999999999896318,4
SURF,DAY-2_UMKM_PDS_135.JPG,0.0011012999999593376,11
SURF,DAY-2_UMKM_PDS_136.JPG,0.0009932000000389962,7
SURF,DAY-2_UMKM_PDS_137.JPG,0.0007928999999649022,0
SURF,DAY-2_UMKM_PDS_138.JPG,0.0008398999999599255,3
SURF,DAY-2_UMKM_PDS_139.JPG,0.000811500000054366,0
SURF,DAY-2_UMKM_PDS_140.JPG,0.0009458999999765183,3
SURF,DAY-2_UMKM_PNT_001.JPG,0.0014202999999497479,7
SURF,DAY-2_UMKM_PNT_002.JPG,0.0012672000000293338,8
SURF,DAY-2_UMKM_PNT_003.JPG,0.0010148000000071988,1
SURF,DAY-2_UMKM_PNT_004.JPG,0.0009261999999807813,0
SURF,DAY-2_UMKM_PNT_005.JPG,0.0008595999999556625,3
SURF,DAY-2_UMKM_PNT_006.JPG,0.0009868000000210486,12
SURF,DAY-2_UMKM_PNT_007.JPG,0.001250599999991664,3
SURF,DAY-2_UMKM_PNT_008.JPG,0.0011751999999773943,0
SURF,DAY-2_UMKM_PNT_009.JPG,0.0011541000000079293,3
SURF,DAY-2_UMKM_PNT_010.JPG,0.001482500000008713,29
SURF,DAY-2_UMKM_PNT_011.JPG,0.0009488000000033026,0
SURF,DAY-2_UMKM_PNT_012.JPG,0.0009372000000098524,1
SURF,DAY-2_UMKM_PNT_013.JPG,0.0009630999999785672,0
SURF,DAY-2_UMKM_PNT_014.JPG,0.0011045999999623746,1
SURF,DAY-2_UMKM_PNT_015.JPG,0.0011185999999838714,2
SURF,DAY-2_UMKM_PNT_016.JPG,0.0012590999999702035,3
SURF,DAY-2_UMKM_PNT_017.JPG,0.0010201000000051863,2
SURF,DAY-2_UMKM_PNT_018.JPG,0.0010930999999914093,2
SURF,DAY-2_UMKM_PNT_019.JPG,0.001151199999981145,7
SURF,DAY-2_UMKM_PNT_020.JPG,0.0012404999999944266,3
SURF,DAY-2_UMKM_PNT_021.JPG,0.001165200000002642,2
SURF,DAY-2_UMKM_PNT_022.JPG,0.0014911000000097374,5
SURF,DAY-2_UMKM_PNT_023.JPG,0.0012396999999850777,3
SURF,DAY-2_UMKM_PNT_024.JPG,0.0011540000000422879,5
SURF,DAY-2_UMKM_PNT_025.JPG,0.001345899999989797,4
SURF,DAY-2_UMKM_PNT_026.JPG,0.0011463000000162538,2
SURF,DAY-2_UMKM_PNT_027.JPG,0.0011789000000135275,4
SURF,DAY-2_UMKM_PNT_028.JPG,0.0012429000000224733,9
SURF,DAY-2_UMKM_PNT_029.JPG,0.001296599999989212,8
SURF,DAY-2_UMKM_PNT_030.JPG,0.0019510999999852174,6
SURF,DAY-2_UMKM_PNT_031.JPG,0.0009756999999694926,1
SURF,DAY-2_UMKM_PNT_032.JPG,0.0009681999999884283,1
SURF,DAY-2_UMKM_PNT_033.JPG,0.001366800000027979,14
SURF,DAY-2_UMKM_PNT_034.JPG,0.0011754000000223641,11
SURF,DAY-2_UMKM_PNT_035.JPG,0.0009049999999888314,1
SURF,DAY-2_UMKM_PNT_036.JPG,0.001047599999992599,5
SURF,DAY-2_UMKM_PNT_037.JPG,0.0012962999999786007,2
SURF,DAY-2_UMKM_PNT_038.JPG,0.0014006000000108543,7
SURF,DAY-2_UMKM_PNT_039.JPG,0.001446999999984655,8
SURF,DAY-2_UMKM_PNT_040.JPG,0.001383799999985058,16
SURF,DAY-2_UMKM_PNT_041.JPG,0.0016224999999963075,14
SURF,DAY-2_UMKM_PNT_042.JPG,0.0010817000000429289,0
SURF,DAY-2_UMKM_PNT_043.JPG,0.0012934000000086598,8
SURF,DAY-2_UMKM_PNT_044.JPG,0.0011810999999966043,3
SURF,DAY-2_UMKM_PNT_045.JPG,0.0011941999999862674,8
SURF,DAY-2_UMKM_PNT_046.JPG,0.00099870000002511,3
SURF,DAY-2_UMKM_PNT_047.JPG,0.001243299999998726,3
SURF,DAY-2_UMKM_PNT_048.JPG,0.0012566999999990003,8
SURF,DAY-2_UMKM_PNT_049.JPG,0.0010680000000320433,5
SURF,DAY-2_UMKM_PNT_050.JPG,0.0010669999999777247,7
SURF,DAY-2_UMKM_PNT_051.JPG,0.0014080999999919186,4
SURF,DAY-2_UMKM_PNT_052.JPG,0.0013007000000015978,6
SURF,DAY-2_UMKM_PNT_053.JPG,0.0009342000000174266,4
SURF,DAY-2_UMKM_PNT_054.JPG,0.0009021000000188906,2
SURF,DAY-2_UMKM_PNT_055.JPG,0.001254300000027797,6
SURF,DAY-2_UMKM_PNT_056.JPG,0.0011372999999821332,2
SURF,DAY-2_UMKM_PNT_057.JPG,0.0009582000000136759,0
SURF,DAY-2_UMKM_PNT_058.JPG,0.0009240999999633459,1
SURF,DAY-2_UMKM_PNT_059.JPG,0.0012031999999635445,4
SURF,DAY-2_UMKM_PNT_060.JPG,0.0016199000000369779,27
SURF,DAY-2_UMKM_PNT_061.JPG,0.0011475999999674968,6
SURF,DAY-2_UMKM_PNT_062.JPG,0.0012135000000057516,9
SURF,DAY-2_UMKM_PNT_063.JPG,0.0009670000000028267,2
SURF,DAY-2_UMKM_PNT_064.JPG,0.0011395000000220534,9
SURF,DAY-2_UMKM_PNT_065.JPG,0.0014750999999932901,2
SURF,DAY-2_UMKM_PNT_066.JPG,0.001078300000017407,4
SURF,DAY-2_UMKM_PNT_067.JPG,0.0011326000000053682,8
SURF,DAY-2_UMKM_PNT_068.JPG,0.0011751999999773943,12
SURF,DAY-2_UMKM_PNT_069.JPG,0.0013549000000239175,14
SURF,DAY-2_UMKM_PNT_070.JPG,0.0012988000000291322,2
SURF,DAY-2_UMKM_PNT_071.JPG,0.0010492000000112967,1
SURF,DAY-2_UMKM_PNT_072.JPG,0.0009281000000100903,1
SURF,DAY-2_UMKM_PNT_073.JPG,0.0010384000000271953,7
SURF,DAY-2_UMKM_PNT_074.JPG,0.0010694000000057713,9
SURF,DAY-2_UMKM_PNT_075.JPG,0.0009359999999674073,1
SURF,DAY-2_UMKM_PNT_076.JPG,0.0010476999999582404,16
SURF,DAY-2_UMKM_PNT_077.JPG,0.0011721000000193271,1
SURF,DAY-2_UMKM_PNT_078.JPG,0.0011456999999950312,7
SURF,DAY-2_UMKM_PNT_079.JPG,0.0009918999999740663,2
SURF,DAY-2_UMKM_PNT_080.JPG,0.0010441000000014355,8
SURF,DAY-2_UMKM_PNT_081.JPG,0.0015681000000427048,19
SURF,DAY-2_UMKM_PNT_082.JPG,0.0013703000000191423,4
SURF,DAY-2_UMKM_PNT_083.JPG,0.00129450000002862,7
SURF,DAY-2_UMKM_PNT_084.JPG,0.0018410000000130822,43
SURF,DAY-2_UMKM_PNT_085.JPG,0.0009019999999964057,0
SURF,DAY-2_UMKM_PNT_086.JPG,0.0010201000000051863,3
SURF,DAY-2_UMKM_PNT_087.JPG,0.0011092000000303415,5
SURF,DAY-2_UMKM_PNT_088.JPG,0.0011078999999654116,3
SURF,DAY-2_UMKM_PNT_089.JPG,0.0011665000000107284,4
SURF,DAY-2_UMKM_PNT_090.JPG,0.0014853000000130123,23
SURF,DAY-2_UMKM_PNT_091.JPG,0.0013468000000216307,4
SURF,DAY-2_UMKM_PNT_092.JPG,0.001148699999987457,1
SURF,DAY-2_UMKM_PNT_093.JPG,0.0011400999999864325,2
SURF,DAY-2_UMKM_PNT_094.JPG,0.0012951999999586405,2
SURF,DAY-2_UMKM_PNT_095.JPG,0.0012534999999616048,6
SURF,DAY-2_UMKM_PNT_096.JPG,0.0012515999999891392,5
SURF,DAY-2_UMKM_PNT_097.JPG,0.0009991000000013628,1
SURF,DAY-2_UMKM_PNT_098.JPG,0.0009661999999934778,1
SURF,DAY-2_UMKM_PNT_099.JPG,0.0011905999999726191,2
SURF,DAY-2_UMKM_PNT_100.JPG,0.001352200000042103,8
SURF,DAY-2_UMKM_PNT_101.JPG,0.0012262999999848034,4
SURF,DAY-2_UMKM_PNT_102.JPG,0.001567899999997735,19
SURF,DAY-2_UMKM_PNT_103.JPG,0.0011097999999947206,0
SURF,DAY-2_UMKM_PNT_104.JPG,0.001010000000007949,4
SURF,DAY-2_UMKM_PNT_105.JPG,0.0012981999999510663,2
SURF,DAY-2_UMKM_PNT_106.JPG,0.0011306999999760592,3
SURF,DAY-2_UMKM_PNT_107.JPG,0.00137539999997216,12
SURF,DAY-2_UMKM_PNT_108.JPG,0.00145759999998063,7
SURF,DAY-2_UMKM_PNT_109.JPG,0.0011837999999784188,0
SURF,DAY-2_UMKM_PNT_110.JPG,0.0013276000000246313,3
SURF,DAY-2_UMKM_PNT_111.JPG,0.0009992999999894892,2
SURF,DAY-2_UMKM_PNT_112.JPG,0.0010882999999921594,3
SURF,DAY-2_UMKM_PNT_113.JPG,0.0019321999999988293,3
SURF,DAY-2_UMKM_PNT_114.JPG,0.0012726999999586042,4
SURF,DAY-2_UMKM_PNT_115.JPG,0.0011792999999897802,1
SURF,DAY-2_UMKM_PNT_116.JPG,0.0011708000000112406,2
SURF,DAY-2_UMKM_PNT_117.JPG,0.0009490000000482723,1
SURF,DAY-2_UMKM_PNT_118.JPG,0.0010937999999782733,16
SURF,DAY-2_UMKM_PNT_119.JPG,0.001257799999962117,3
SURF,DAY-2_UMKM_PNT_120.JPG,0.0011577000000215776,1
SURF,DAY-2_UMKM_PNT_121.JPG,0.0012889999999856627,5
SURF,DAY-2_UMKM_PNT_122.JPG,0.0013665999999830092,5
SURF,DAY-2_UMKM_PNT_123.JPG,0.0010437999999908243,3
SURF,DAY-2_UMKM_PNT_124.JPG,0.0010957999999732237,3
SURF,DAY-2_UMKM_PNT_125.JPG,0.0012742000000116604,14
SURF,DAY-2_UMKM_PNT_126.JPG,0.0011387000000127045,1
SURF,DAY-2_UMKM_PNT_127.JPG,0.0009354000000030283,1
SURF,DAY-2_UMKM_PNT_128.JPG,0.00117950000003475,5
SURF,DAY-2_UMKM_PNT_129.JPG,0.0011377999999808708,6
SURF,DAY-2_UMKM_PNT_130.JPG,0.0011796000000003914,7
SURF,DAY-2_UMKM_PNT_131.JPG,0.001349099999970349,8
SURF,DAY-2_UMKM_PNT_132.JPG,0.0015222999999764397,15
SURF,DAY-2_UMKM_PNT_133.JPG,0.0010473999999476291,1
SURF,DAY-2_UMKM_PNT_134.JPG,0.0011063999999691987,6
SURF,DAY-2_UMKM_PNT_135.JPG,0.0011989999999855172,4
SURF,DAY-2_UMKM_PNT_136.JPG,0.0011034000000336164,4
SURF,DAY-2_UMKM_PNT_137.JPG,0.0009231000000227141,1
SURF,DAY-2_UMKM_PNT_138.JPG,0.0009569000000055894,1
SURF,DAY-2_UMKM_PNT_139.JPG,0.0008729000000471387,3
SURF,DAY-2_UMKM_PNT_140.JPG,0.0007667000000424196,0
SURF,DAY-2_UMKM_SDL_001.JPG,0.0011518000000023676,7
SURF,DAY-2_UMKM_SDL_002.JPG,0.0010477999999807253,5
SURF,DAY-2_UMKM_SDL_003.JPG,0.0009635999999773048,3
SURF,DAY-2_UMKM_SDL_004.JPG,0.0010538999999880616,3
SURF,DAY-2_UMKM_SDL_005.JPG,0.0010831999999822983,9
SURF,DAY-2_UMKM_SDL_006.JPG,0.0009157999999729327,1
SURF,DAY-2_UMKM_SDL_007.JPG,0.0013473000000203683,9
SURF,DAY-2_UMKM_SDL_008.JPG,0.0013184000000023843,15
SURF,DAY-2_UMKM_SDL_009.JPG,0.0013243999999872358,6
SURF,DAY-2_UMKM_SDL_010.JPG,0.0014701999999715554,45
SURF,DAY-2_UMKM_SDL_011.JPG,0.0012406000000169115,9
SURF,DAY-2_UMKM_SDL_012.JPG,0.001138200000013967,11
SURF,DAY-2_UMKM_SDL_013.JPG,0.00118299999996907,2
SURF,DAY-2_UMKM_SDL_014.JPG,0.0013604000000100314,26
SURF,DAY-2_UMKM_SDL_015.JPG,0.0018122999999832246,5
SURF,DAY-2_UMKM_SDL_016.JPG,0.0011767000000304506,31
SURF,DAY-2_UMKM_SDL_017.JPG,0.0008401000000048953,1
SURF,DAY-2_UMKM_SDL_018.JPG,0.001021199999968303,19
SURF,DAY-2_UMKM_SDL_019.JPG,0.001473800000042047,24
SURF,DAY-2_UMKM_SDL_020.JPG,0.0015046000000324966,21
SURF,DAY-2_UMKM_SDL_021.JPG,0.001174300000002404,5
SURF,DAY-2_UMKM_SDL_022.JPG,0.0012305000000196742,9
SURF,DAY-2_UMKM_SDL_023.JPG,0.0012005999999473715,5
SURF,DAY-2_UMKM_SDL_024.JPG,0.0013816000000019812,23
SURF,DAY-2_UMKM_SDL_025.JPG,0.0013658999999961452,4
SURF,DAY-2_UMKM_SDL_026.JPG,0.0010399999999890497,6
SURF,DAY-2_UMKM_SDL_027.JPG,0.0013821000000007189,9
SURF,DAY-2_UMKM_SDL_028.JPG,0.0012429999999881147,10
SURF,DAY-2_UMKM_SDL_029.JPG,0.0011182999999732601,1
SURF,DAY-2_UMKM_SDL_030.JPG,0.0013334999999869979,18
SURF,DAY-2_UMKM_SDL_031.JPG,0.0011589999999728207,3
SURF,DAY-2_UMKM_SDL_032.JPG,0.0011054999999942083,17
SURF,DAY-2_UMKM_SDL_033.JPG,0.001007900000047357,6
SURF,DAY-2_UMKM_SDL_034.JPG,0.0009296000000063032,4
SURF,DAY-2_UMKM_SDL_035.JPG,0.0010892999999896347,3
SURF,DAY-2_UMKM_SDL_036.JPG,0.0013447000000041953,5
SURF,DAY-2_UMKM_SDL_037.JPG,0.0012848000000076354,9
SURF,DAY-2_UMKM_SDL_038.JPG,0.0012618000000088614,8
SURF,DAY-2_UMKM_SDL_039.JPG,0.0011738000000036664,2
SURF,DAY-2_UMKM_SDL_040.JPG,0.0011390000000233158,18
SURF,DAY-2_UMKM_SDL_041.JPG,0.0009084000000143533,1
SURF,DAY-2_UMKM_SDL_042.JPG,0.0009704000000283486,1
SURF,DAY-2_UMKM_SDL_043.JPG,0.0010158999999703155,7
SURF,DAY-2_UMKM_SDL_044.JPG,0.0011541999999735708,7
SURF,DAY-2_UMKM_SDL_045.JPG,0.0011417999999707718,5
SURF,DAY-2_UMKM_SDL_046.JPG,0.0012060999999903288,11
SURF,DAY-2_UMKM_SDL_047.JPG,0.0009881999999947766,2
SURF,DAY-2_UMKM_SDL_048.JPG,0.0011213000000225293,11
SURF,DAY-2_UMKM_SDL_049.JPG,0.0012982999999735512,6
SURF,DAY-2_UMKM_SDL_050.JPG,0.001315599999998085,8
SURF,DAY-2_UMKM_SDL_051.JPG,0.0015707000000020344,23
SURF,DAY-2_UMKM_SDL_052.JPG,0.0013521999999852596,7
SURF,DAY-2_UMKM_SDL_053.JPG,0.0008677000000147927,0
SURF,DAY-2_UMKM_SDL_054.JPG,0.0009615999999823543,11
SURF,DAY-2_UMKM_SDL_055.JPG,0.0010275999999862506,2
SURF,DAY-2_UMKM_SDL_056.JPG,0.0011391000000458007,4
SURF,DAY-2_UMKM_SDL_057.JPG,0.0025332000000162225,23
SURF,DAY-2_UMKM_SDL_058.JPG,0.001311600000008184,9
SURF,DAY-2_UMKM_SDL_059.JPG,0.0012211000000093009,4
SURF,DAY-2_UMKM_SDL_060.JPG,0.0013058999999771004,19
SURF,DAY-2_UMKM_SDL_061.JPG,0.001095500000019456,2
SURF,DAY-2_UMKM_SDL_062.JPG,0.0012255999999979394,12
SURF,DAY-2_UMKM_SDL_063.JPG,0.0012530000000197106,5
SURF,DAY-2_UMKM_SDL_064.JPG,0.001408700000013141,20
SURF,DAY-2_UMKM_SDL_065.JPG,0.0013117999999963104,6
SURF,DAY-2_UMKM_SDL_066.JPG,0.0012242000000242115,5
SURF,DAY-2_UMKM_SDL_067.JPG,0.0010891000000015083,0
SURF,DAY-2_UMKM_SDL_068.JPG,0.001331400000026406,22
SURF,DAY-2_UMKM_SDL_069.JPG,0.0009325999999987289,1
SURF,DAY-2_UMKM_SDL_070.JPG,0.000969299999951545,2
SURF,DAY-2_UMKM_SDL_071.JPG,0.0009091000000012173,2
SURF,DAY-2_UMKM_SDL_072.JPG,0.0010096999999973377,2
SURF,DAY-2_UMKM_SDL_073.JPG,0.0008710999999834712,4
SURF,DAY-2_UMKM_SDL_074.JPG,0.0008205999999972846,3
SURF,DAY-2_UMKM_SDL_075.JPG,0.0010229000000094857,3
SURF,DAY-2_UMKM_SDL_076.JPG,0.0009482000000389235,2
SURF,DAY-2_UMKM_SDL_077.JPG,0.0011683000000175525,4
SURF,DAY-2_UMKM_SDL_078.JPG,0.00129450000002862,29
SURF,DAY-2_UMKM_SDL_079.JPG,0.0011941000000206259,11
SURF,DAY-2_UMKM_SDL_080.JPG,0.001142799999968247,15
SURF,DAY-2_UMKM_SDL_081.JPG,0.001253899999994701,6
SURF,DAY-2_UMKM_SDL_082.JPG,0.001323599999977887,32
SURF,DAY-2_UMKM_SDL_083.JPG,0.0011465999999700216,0
SURF,DAY-2_UMKM_SDL_084.JPG,0.00107500000001437,9
SURF,DAY-2_UMKM_SDL_085.JPG,0.0009957999999983258,1
SURF,DAY-2_UMKM_SDL_086.JPG,0.0012892000000306325,21
SURF,DAY-2_UMKM_SDL_087.JPG,0.001338599999996859,18
SURF,DAY-2_UMKM_SDL_088.JPG,0.0014340000000174769,18
SURF,DAY-2_UMKM_SDL_089.JPG,0.001380600000004506,18
SURF,DAY-2_UMKM_SDL_090.JPG,0.0011011000000280546,1
SURF,DAY-2_UMKM_SDL_091.JPG,0.0009736000000089007,0
SURF,DAY-2_UMKM_SDL_092.JPG,0.0009743999999614061,9
SURF,DAY-2_UMKM_SDL_093.JPG,0.0007812000000058106,0
SURF,DAY-2_UMKM_SDL_094.JPG,0.000847799999974086,1
SURF,DAY-2_UMKM_SDL_095.JPG,0.0010975999999800479,8
SURF,DAY-2_UMKM_SDL_096.JPG,0.0011254000000349151,12
SURF,DAY-2_UMKM_SDL_097.JPG,0.0009698999999727675,2
SURF,DAY-2_UMKM_SDL_098.JPG,0.0009898999999791158,13
SURF,DAY-2_UMKM_SDL_099.JPG,0.001159000000029664,12
SURF,DAY-2_UMKM_SDL_100.JPG,0.0009437999999590829,8
SURF,DAY-2_UMKM_SDL_101.JPG,0.0010262999999781641,8
SURF,DAY-2_UMKM_SDL_102.JPG,0.0012137999999595195,25
SURF,DAY-2_UMKM_SDL_103.JPG,0.0009517999999957283,5
SURF,DAY-2_UMKM_SDL_104.JPG,0.000945000000001528,6
SURF,DAY-2_UMKM_SDL_105.JPG,0.001046200000018871,18
SURF,DAY-2_UMKM_SDL_106.JPG,0.0008669000000054439,1
SURF,DAY-2_UMKM_SDL_107.JPG,0.0010776999999961845,20
SURF,DAY-2_UMKM_SDL_108.JPG,0.0011341999999672225,22
SURF,DAY-2_UMKM_SDL_109.JPG,0.0009448000000134016,4
SURF,DAY-2_UMKM_SDL_110.JPG,0.0009288999999625958,4
SURF,DAY-2_UMKM_SDL_111.JPG,0.0009225000000014916,2
SURF,DAY-2_UMKM_SDL_112.JPG,0.0011317999999960193,7
SURF,DAY-2_UMKM_SDL_113.JPG,0.0010089000000448323,4
SURF,DAY-2_UMKM_SDL_114.JPG,0.0009104999999749452,3
SURF,DAY-2_UMKM_SDL_115.JPG,0.00109029999998711,7
SURF,DAY-2_UMKM_SDL_116.JPG,0.0011139000000071064,9
SURF,DAY-2_UMKM_SDL_117.JPG,0.0013241999999991094,14
SURF,DAY-2_UMKM_SDL_118.JPG,0.0014303000000381871,18
SURF,DAY-2_UMKM_SDL_119.JPG,0.001084800000000996,9
SURF,DAY-2_UMKM_SDL_120.JPG,0.0012266999999610562,6
SURF,DAY-2_UMKM_SDL_121.JPG,0.0008077999999613894,0
SURF,DAY-2_UMKM_SDL_122.JPG,0.001012099999968541,4
SURF,DAY-2_UMKM_SDL_123.JPG,0.001069900000004509,14
SURF,DAY-2_UMKM_SDL_124.JPG,0.0010563000000161082,19
SURF,DAY-2_UMKM_SDL_125.JPG,0.0012337000000002263,6
SURF,DAY-2_UMKM_SDL_126.JPG,0.0010801999999898726,7
SURF,DAY-2_UMKM_SDL_127.JPG,0.0009418999999866173,2
SURF,DAY-2_UMKM_SDL_128.JPG,0.0011155999999914457,5
SURF,DAY-2_UMKM_SDL_129.JPG,0.0013508000000115317,11
SURF,DAY-2_UMKM_SDL_130.JPG,0.0013804999999820211,24
SURF,DAY-2_UMKM_SDL_131.JPG,0.0010601999999835243,3
SURF,DAY-2_UMKM_SDL_132.JPG,0.0011367999999833955,11
SURF,DAY-2_UMKM_SDL_133.JPG,0.0009675000000015643,1
SURF,DAY-2_UMKM_SDL_134.JPG,0.0011981000000105269,28
SURF,DAY-2_UMKM_SDL_135.JPG,0.0010373000000072352,0
SURF,DAY-2_UMKM_SDL_136.JPG,0.0011129999999752727,11
SURF,DAY-2_UMKM_SDL_137.JPG,0.0014372999999636704,1
SURF,DAY-2_UMKM_SDL_138.JPG,0.0015268000000219217,12
SURF,DAY-2_UMKM_SDL_139.JPG,0.0013018999999871994,16
SURF,DAY-2_UMKM_SDL_140.JPG,0.0012611000000219974,19
SURF,DAY-2_UMKM_SKL_001.JPG,0.0009954999999877145,2
SURF,DAY-2_UMKM_SKL_002.JPG,0.0014636000000223248,25
SURF,DAY-2_UMKM_SKL_003.JPG,0.0010470000000282198,4
SURF,DAY-2_UMKM_SKL_004.JPG,0.001462100000026112,14
SURF,DAY-2_UMKM_SKL_005.JPG,0.001132000000040989,3
SURF,DAY-2_UMKM_SKL_006.JPG,0.0013202000000092085,3
SURF,DAY-2_UMKM_SKL_007.JPG,0.0012432000000330845,1
SURF,DAY-2_UMKM_SKL_008.JPG,0.0014236999999752697,10
SURF,DAY-2_UMKM_SKL_009.JPG,0.0009802999999806161,1
SURF,DAY-2_UMKM_SKL_010.JPG,0.0011718999999743573,15
SURF,DAY-2_UMKM_SKL_011.JPG,0.0012802000000533553,8
SURF,DAY-2_UMKM_SKL_012.JPG,0.0012952999999811254,13
SURF,DAY-2_UMKM_SKL_013.JPG,0.0010096999999973377,3
SURF,DAY-2_UMKM_SKL_014.JPG,0.0010794000000373671,8
SURF,DAY-2_UMKM_SKL_015.JPG,0.0011628999999970802,4
SURF,DAY-2_UMKM_SKL_016.JPG,0.001303600000028382,7
SURF,DAY-2_UMKM_SKL_017.JPG,0.0011785000000372747,3
SURF,DAY-2_UMKM_SKL_018.JPG,0.0010932000000138942,8
SURF,DAY-2_UMKM_SKL_019.JPG,0.0010269999999650281,5
SURF,DAY-2_UMKM_SKL_020.JPG,0.0010760999999774867,9
SURF,DAY-2_UMKM_SKL_021.JPG,0.0008880999999973938,0
SURF,DAY-2_UMKM_SKL_022.JPG,0.0010138000000097236,3
SURF,DAY-2_UMKM_SKL_023.JPG,0.0009223000000133652,4
SURF,DAY-2_UMKM_SKL_024.JPG,0.0011428999999907319,26
SURF,DAY-2_UMKM_SKL_025.JPG,0.0012692999999899257,5
SURF,DAY-2_UMKM_SKL_026.JPG,0.00116310000004205,9
SURF,DAY-2_UMKM_SKL_027.JPG,0.0012206000000105632,6
SURF,DAY-2_UMKM_SKL_028.JPG,0.0013821000000007189,8
SURF,DAY-2_UMKM_SKL_029.JPG,0.001086700000030305,1
SURF,DAY-2_UMKM_SKL_030.JPG,0.0012494999999717038,27
SURF,DAY-2_UMKM_SKL_031.JPG,0.0010839000000260057,15
SURF,DAY-2_UMKM_SKL_032.JPG,0.0010164000000258966,5
SURF,DAY-2_UMKM_SKL_033.JPG,0.0011151999999583495,3
SURF,DAY-2_UMKM_SKL_034.JPG,0.0013220000000160326,34
SURF,DAY-2_UMKM_SKL_035.JPG,0.0012171999999850414,5
SURF,DAY-2_UMKM_SKL_036.JPG,0.0011793999999554217,2
SURF,DAY-2_UMKM_SKL_037.JPG,0.0021119000000453525,2
SURF,DAY-2_UMKM_SKL_038.JPG,0.0013849000000050182,0
SURF,DAY-2_UMKM_SKL_039.JPG,0.0012148999999794796,5
SURF,DAY-2_UMKM_SKL_040.JPG,0.0015470000000163964,11
SURF,DAY-2_UMKM_SKL_041.JPG,0.0013900000000148793,9
SURF,DAY-2_UMKM_SKL_042.JPG,0.0014957999999865024,11
SURF,DAY-2_UMKM_SKL_043.JPG,0.0011134999999740103,0
SURF,DAY-2_UMKM_SKL_044.JPG,0.0010585999999648266,12
SURF,DAY-2_UMKM_SKL_045.JPG,0.0012434999999868523,2
SURF,DAY-2_UMKM_SKL_046.JPG,0.0011383999999452499,2
SURF,DAY-2_UMKM_SKL_047.JPG,0.0014445999999566084,7
SURF,DAY-2_UMKM_SKL_048.JPG,0.001115099999992708,9
SURF,DAY-2_UMKM_SKL_049.JPG,0.0010482999999794629,1
SURF,DAY-2_UMKM_SKL_050.JPG,0.0012334000000464584,10
SURF,DAY-2_UMKM_SKL_051.JPG,0.0011799999999766442,1
SURF,DAY-2_UMKM_SKL_052.JPG,0.0011284999999929823,8
SURF,DAY-2_UMKM_SKL_053.JPG,0.001018699999974615,5
SURF,DAY-2_UMKM_SKL_054.JPG,0.0009871000000316599,2
SURF,DAY-2_UMKM_SKL_055.JPG,0.0010833000000047832,2
SURF,DAY-2_UMKM_SKL_056.JPG,0.0012189999999918655,2
SURF,DAY-2_UMKM_SKL_057.JPG,0.0011574999999766078,0
SURF,DAY-2_UMKM_SKL_058.JPG,0.0012644999999906759,9
SURF,DAY-2_UMKM_SKL_059.JPG,0.0011898000000201137,6
SURF,DAY-2_UMKM_SKL_060.JPG,0.001262300000007599,17
SURF,DAY-2_UMKM_SKL_061.JPG,0.0011812000000190892,8
SURF,DAY-2_UMKM_SKL_062.JPG,0.0012664000000199849,1
SURF,DAY-2_UMKM_SKL_063.JPG,0.0009148999999979424,1
SURF,DAY-2_UMKM_SKL_064.JPG,0.0011710999999650085,33
SURF,DAY-2_UMKM_SKL_065.JPG,0.0011483000000112042,4
SURF,DAY-2_UMKM_SKL_066.JPG,0.0012790000000109103,10
SURF,DAY-2_UMKM_SKL_067.JPG,0.0013640000000236796,6
SURF,DAY-2_UMKM_SKL_068.JPG,0.0012207000000330481,5
SURF,DAY-2_UMKM_SKL_069.JPG,0.0008900999999923442,0
SURF,DAY-2_UMKM_SKL_070.JPG,0.0010222000000226217,8
SURF,DAY-2_UMKM_SKL_071.JPG,0.0009377999999742315,2
SURF,DAY-2_UMKM_SKL_072.JPG,0.0010682000000201697,6
SURF,DAY-2_UMKM_SKL_073.JPG,0.0011541000000079293,2
SURF,DAY-2_UMKM_SKL_074.JPG,0.0011124000000108936,20
SURF,DAY-2_UMKM_SKL_075.JPG,0.0011015999999699488,2
SURF,DAY-2_UMKM_SKL_076.JPG,0.0013974999999959437,12
SURF,DAY-2_UMKM_SKL_077.JPG,0.0009023000000070169,1
SURF,DAY-2_UMKM_SKL_078.JPG,0.0010555000000067594,2
SURF,DAY-2_UMKM_SKL_079.JPG,0.0009853000000248358,3
SURF,DAY-2_UMKM_SKL_080.JPG,0.00105860000002167,10
SURF,DAY-2_UMKM_SKL_081.JPG,0.0010939000000007582,1
SURF,DAY-2_UMKM_SKL_082.JPG,0.0012285999999903652,5
SURF,DAY-2_UMKM_SKL_083.JPG,0.001000200000021323,1
SURF,DAY-2_UMKM_SKL_084.JPG,0.001055300000018633,3
SURF,DAY-2_UMKM_SKL_085.JPG,0.0011958000000049651,1
SURF,DAY-2_UMKM_SKL_086.JPG,0.0012290000000234613,7
SURF,DAY-2_UMKM_SKL_087.JPG,0.0014426000000185013,4
SURF,DAY-2_UMKM_SKL_088.JPG,0.0012658999999644038,0
SURF,DAY-2_UMKM_SKL_089.JPG,0.0013073000000076718,22
SURF,DAY-2_UMKM_SKL_090.JPG,0.0010341999999923246,1
SURF,DAY-2_UMKM_SKL_091.JPG,0.0013411999999561885,7
SURF,DAY-2_UMKM_SKL_092.JPG,0.0012472000000229855,5
SURF,DAY-2_UMKM_SKL_093.JPG,0.0012067000000115513,2
SURF,DAY-2_UMKM_SKL_094.JPG,0.0012533000000303218,2
SURF,DAY-2_UMKM_SKL_095.JPG,0.0012664999999856263,3
SURF,DAY-2_UMKM_SKL_096.JPG,0.0016430000000013933,5
SURF,DAY-2_UMKM_SKL_097.JPG,0.0010248999999475927,0
SURF,DAY-2_UMKM_SKL_098.JPG,0.0011665999999763699,2
SURF,DAY-2_UMKM_SKL_099.JPG,0.0011176000000432396,1
SURF,DAY-2_UMKM_SKL_100.JPG,0.001049500000021908,4
SURF,DAY-2_UMKM_SKL_101.JPG,0.001157900000009704,1
SURF,DAY-2_UMKM_SKL_102.JPG,0.0011514999999917563,4
SURF,DAY-2_UMKM_SKL_103.JPG,0.001160400000003392,0
SURF,DAY-2_UMKM_SKL_104.JPG,0.0013386999999625004,3
SURF,DAY-2_UMKM_SKL_105.JPG,0.0010182999999983622,3
SURF,DAY-2_UMKM_SKL_106.JPG,0.0011263000000099055,9
SURF,DAY-2_UMKM_SKL_107.JPG,0.001214399999980742,0
SURF,DAY-2_UMKM_SKL_108.JPG,0.0012141999999926156,6
SURF,DAY-2_UMKM_SKL_109.JPG,0.0009446999999909167,0
SURF,DAY-2_UMKM_SKL_110.JPG,0.0009942000000364715,2
SURF,DAY-2_UMKM_SKL_111.JPG,0.0009875000000079126,0
SURF,DAY-2_UMKM_SKL_112.JPG,0.0009911999999872023,6
SURF,DAY-2_UMKM_SKL_113.JPG,0.0009239999999977044,0
SURF,DAY-2_UMKM_SKL_114.JPG,0.001061200000037843,1
SURF,DAY-2_UMKM_SKL_115.JPG,0.0009645000000091386,0
SURF,DAY-2_UMKM_SKL_116.JPG,0.0011337999999909698,3
SURF,DAY-2_UMKM_SKL_117.JPG,0.000988800000015999,0
SURF,DAY-2_UMKM_SKL_118.JPG,0.00129799999996294,3
SURF,DAY-2_UMKM_SKL_119.JPG,0.0013079999999945358,6
SURF,DAY-2_UMKM_SKL_120.JPG,0.0016923000000019783,38
SURF,DAY-2_UMKM_SKL_121.JPG,0.0013534000000277047,7
SURF,DAY-2_UMKM_SKL_122.JPG,0.001152599999954873,8
SURF,DAY-2_UMKM_SKL_123.JPG,0.0011218999999869084,0
SURF,DAY-2_UMKM_SKL_124.JPG,0.0010958000000300672,1
SURF,DAY-2_UMKM_SKL_125.JPG,0.0010755000000131076,3
SURF,DAY-2_UMKM_SKL_126.JPG,0.001090999999973974,1
SURF,DAY-2_UMKM_SKL_127.JPG,0.0010348999999791886,2
SURF,DAY-2_UMKM_SKL_128.JPG,0.0009924000000296473,2
SURF,DAY-2_UMKM_SKL_129.JPG,0.001303199999995286,4
SURF,DAY-2_UMKM_SKL_130.JPG,0.0010289000000511805,1
SURF,DAY-2_UMKM_SKL_131.JPG,0.0010918000000401662,3
SURF,DAY-2_UMKM_SKL_132.JPG,0.0009786999999619184,7
SURF,DAY-2_UMKM_SKL_133.JPG,0.0008564000000319538,2
SURF,DAY-2_UMKM_SKL_134.JPG,0.0009115999999949054,1
SURF,DAY-2_UMKM_SKL_135.JPG,0.0010077000000023872,1
SURF,DAY-2_UMKM_SKL_136.JPG,0.0011877000000026783,30
SURF,DAY-2_UMKM_SKL_137.JPG,0.0011668000000213397,1
SURF,DAY-2_UMKM_SKL_138.JPG,0.0022963000000117972,34
SURF,DAY-2_UMKM_SKL_139.JPG,0.001322799999968538,4
SURF,DAY-2_UMKM_SKL_140.JPG,0.0013835999999969317,14
SURF,DAY-2_UMKM_SMC_002.JPG,0.0017060999999785054,105
SURF,DAY-2_UMKM_SMC_003.JPG,0.0014615000000048894,16
SURF,DAY-2_UMKM_SMC_004.JPG,0.0015393999999560037,17
SURF,DAY-2_UMKM_SMC_005.JPG,0.002364999999997508,50
SURF,DAY-2_UMKM_SMC_006.JPG,0.002182900000036625,35
SURF,DAY-2_UMKM_SMC_007.JPG,0.001710400000035861,21
SURF,DAY-2_UMKM_SMC_008.JPG,0.0023732000000222797,79
SURF,DAY-2_UMKM_SMC_009.JPG,0.0020372999999835884,20
SURF,DAY-2_UMKM_SMC_010.JPG,0.0019205000000397376,33
SURF,DAY-2_UMKM_SMC_011.JPG,0.0018445000000042455,11
SURF,DAY-2_UMKM_SMC_012.JPG,0.0019307000000026164,49
SURF,DAY-2_UMKM_SMC_013.JPG,0.0021709000000100787,26
SURF,DAY-2_UMKM_SMC_014.JPG,0.0024607999999943786,80
SURF,DAY-2_UMKM_SMC_015.JPG,0.0012968000000341817,29
SURF,DAY-2_UMKM_SMC_016.JPG,0.0015761999999881482,31
SURF,DAY-2_UMKM_SMC_017.JPG,0.0016946999999731815,6
SURF,DAY-2_UMKM_SMC_018.JPG,0.002026700000044457,59
SURF,DAY-2_UMKM_SMC_019.JPG,0.0014687999999978274,16
SURF,DAY-2_UMKM_SMC_020.JPG,0.0016203000000132306,27
SURF,DAY-2_UMKM_SMC_021.JPG,0.0013140000000362306,6
SURF,DAY-2_UMKM_SMC_022.JPG,0.0017538999999828775,35
SURF,DAY-2_UMKM_SMC_023.JPG,0.0017030999999860796,14
SURF,DAY-2_UMKM_SMC_024.JPG,0.002149599999995644,103
SURF,DAY-2_UMKM_SMC_025.JPG,0.0022162000000207627,44
SURF,DAY-2_UMKM_SMC_027.JPG,0.0019446000000016284,36
SURF,DAY-2_UMKM_SMC_028.JPG,0.0019717999999784297,43
SURF,DAY-2_UMKM_SMC_029.JPG,0.001589600000045266,8
SURF,DAY-2_UMKM_SMC_030.JPG,0.002401600000041526,88
SURF,DAY-2_UMKM_SMC_031.JPG,0.00197859999997263,43
SURF,DAY-2_UMKM_SMC_032.JPG,0.0031137999999941712,34
SURF,DAY-2_UMKM_SMC_033.JPG,0.0027673000000163483,101
SURF,DAY-2_UMKM_SMC_034.JPG,0.002224500000011176,41
SURF,DAY-2_UMKM_SMC_035.JPG,0.002384100000028866,45
SURF,DAY-2_UMKM_SMC_036.JPG,0.002996699999982866,115
SURF,DAY-2_UMKM_SMC_037.JPG,0.0025496000000089225,59
SURF,DAY-2_UMKM_SMC_038.JPG,0.0026497000000063053,86
SURF,DAY-2_UMKM_SMC_039.JPG,0.0016949000000181513,30
SURF,DAY-2_UMKM_SMC_040.JPG,0.0015262000000006992,28
SURF,DAY-2_UMKM_SMC_041.JPG,0.0016378999999915322,10
SURF,DAY-2_UMKM_SMC_043.JPG,0.0025717999999983476,32
SURF,DAY-2_UMKM_SMC_044.JPG,0.00307109999999966,81
SURF,DAY-2_UMKM_SMC_045.JPG,0.0026277000000050066,65
SURF,DAY-2_UMKM_SMC_046.JPG,0.00326740000002701,107
SURF,DAY-2_UMKM_SMC_047.JPG,0.001289999999983138,5
SURF,DAY-2_UMKM_SMC_048.JPG,0.0014362999999661952,25
SURF,DAY-2_UMKM_SMC_049.JPG,0.0013756000000171298,12
SURF,DAY-2_UMKM_SMC_050.JPG,0.0014409999999998035,21
SURF,DAY-2_UMKM_SMC_051.JPG,0.002273100000024897,73
SURF,DAY-2_UMKM_SMC_052.JPG,0.002496399999984078,89
SURF,DAY-2_UMKM_SMC_053.JPG,0.0020725000000538785,8
SURF,DAY-2_UMKM_SMC_054.JPG,0.003348700000003646,148
SURF,DAY-2_UMKM_SMC_055.JPG,0.0015484999999557658,37
SURF,DAY-2_UMKM_SMC_056.JPG,0.001741400000014437,48
SURF,DAY-2_UMKM_SMC_057.JPG,0.0014539999999669817,18
SURF,DAY-2_UMKM_SMC_058.JPG,0.0017344999999977517,50
SURF,DAY-2_UMKM_SMC_059.JPG,0.001721199999963119,22
SURF,DAY-2_UMKM_SMC_060.JPG,0.002075699999977587,52
SURF,DAY-2_UMKM_SMC_061.JPG,0.002200599999980568,21
SURF,DAY-2_UMKM_SMC_062.JPG,0.002635300000008556,73
SURF,DAY-2_UMKM_SMC_063.JPG,0.0014880999999604683,22
SURF,DAY-2_UMKM_SMC_064.JPG,0.001962600000013026,65
SURF,DAY-2_UMKM_SMC_065.JPG,0.0015989999999987958,25
SURF,DAY-2_UMKM_SMC_066.JPG,0.0019101999999975305,62
SURF,DAY-2_UMKM_SMC_067.JPG,0.0020334000000161723,14
SURF,DAY-2_UMKM_SMC_068.JPG,0.0028393999999707376,48
SURF,DAY-2_UMKM_SMC_069.JPG,0.0019447999999897547,21
SURF,DAY-2_UMKM_SMC_070.JPG,0.0034617000000025655,87
SURF,DAY-2_UMKM_SMC_071.JPG,0.002035700000021734,24
SURF,DAY-2_UMKM_SMC_072.JPG,0.0021040999999968335,50
SURF,DAY-2_UMKM_SMC_073.JPG,0.0025898000000097454,64
SURF,DAY-2_UMKM_SMC_074.JPG,0.002659500000049775,81
SURF,DAY-2_UMKM_SMC_075.JPG,0.002163699999982782,41
SURF,DAY-2_UMKM_SMC_076.JPG,0.0022385000000326727,52
SURF,DAY-2_UMKM_SMC_077.JPG,0.0019138999999768203,26
SURF,DAY-2_UMKM_SMC_078.JPG,0.00261020000004919,112
SURF,DAY-2_UMKM_SMC_079.JPG,0.0027253000000087013,88
SURF,DAY-2_UMKM_SMC_080.JPG,0.0028418999999644257,92
SURF,DAY-2_UMKM_SMC_081.JPG,0.001610599999992246,15
SURF,DAY-2_UMKM_SMC_082.JPG,0.0018581999999582877,60
SURF,DAY-2_UMKM_SMC_083.JPG,0.00280240000000731,99
SURF,DAY-2_UMKM_SMC_084.JPG,0.0027408999999920525,136
SURF,DAY-2_UMKM_SMC_085.JPG,0.0012106000000358108,2
SURF,DAY-2_UMKM_SMC_086.JPG,0.0013887999999724343,21
SURF,DAY-2_UMKM_SMC_087.JPG,0.0018974999999841202,25
SURF,DAY-2_UMKM_SMC_088.JPG,0.002145700000028228,55
SURF,DAY-2_UMKM_SMC_089.JPG,0.0015389000000141095,12
SURF,DAY-2_UMKM_SMC_090.JPG,0.001901700000018991,35
SURF,DAY-2_UMKM_SMC_091.JPG,0.00177549999995108,63
SURF,DAY-2_UMKM_SMC_092.JPG,0.001531699999986813,29
SURF,DAY-2_UMKM_SMC_093.JPG,0.0017431999999644177,26
SURF,DAY-2_UMKM_SMC_094.JPG,0.001433799999972507,23
SURF,DAY-2_UMKM_SMC_095.JPG,0.0017540000000053624,41
SURF,DAY-2_UMKM_SMC_096.JPG,0.0019742000000064763,59
SURF,DAY-2_UMKM_SMC_097.JPG,0.0018915999999649102,57
SURF,DAY-2_UMKM_SMC_098.JPG,0.0015215999999895757,18
SURF,DAY-2_UMKM_SMC_099.JPG,0.0018837999999732347,32
SURF,DAY-2_UMKM_SMC_100.JPG,0.0030131999999980508,121
SURF,DAY-2_UMKM_SMC_101.JPG,0.002019200000006549,70
SURF,DAY-2_UMKM_SMC_102.JPG,0.0020933999999783737,66
SURF,DAY-2_UMKM_SMC_103.JPG,0.0016736000000037166,44
SURF,DAY-2_UMKM_SMC_104.JPG,0.001465999999993528,12
SURF,DAY-2_UMKM_SMC_105.JPG,0.002077600000006896,45
SURF,DAY-2_UMKM_SMC_106.JPG,0.0022478999999862026,49
SURF,DAY-2_UMKM_SMC_107.JPG,0.0016211000000225795,10
SURF,DAY-2_UMKM_SMC_108.JPG,0.0020910000000071705,70
SURF,DAY-2_UMKM_SMC_109.JPG,0.0022015999999780433,37
SURF,DAY-2_UMKM_SMC_110.JPG,0.0024126000000137537,44
SURF,DAY-2_UMKM_SMC_111.JPG,0.002129500000023654,68
SURF,DAY-2_UMKM_SMC_112.JPG,0.003264699999988352,61
SURF,DAY-2_UMKM_SMC_113.JPG,0.002283599999998387,66
SURF,DAY-2_UMKM_SMC_114.JPG,0.002045399999985875,57
SURF,DAY-2_UMKM_SMC_115.JPG,0.0021193999999695734,37
SURF,DAY-2_UMKM_SMC_116.JPG,0.0017212999999856038,40
SURF,DAY-2_UMKM_SMC_117.JPG,0.0018706000000179301,35
SURF,DAY-2_UMKM_SMC_118.JPG,0.0020319000000199594,46
SURF,DAY-2_UMKM_SMC_119.JPG,0.0019586999999887666,35
SURF,DAY-2_UMKM_SMC_120.JPG,0.0020180000000209475,62
SURF,DAY-2_UMKM_SMC_121.JPG,0.002682300000003579,74
SURF,DAY-2_UMKM_SMC_122.JPG,0.0026730000000156906,96
SURF,DAY-2_UMKM_SMC_123.JPG,0.002275199999985489,59
SURF,DAY-2_UMKM_SMC_124.JPG,0.0019907000000216613,22
SURF,DAY-2_UMKM_SMC_125.JPG,0.00219809999998688,50
SURF,DAY-2_UMKM_SMC_126.JPG,0.002517000000011649,99
SURF,DAY-2_UMKM_SMC_127.JPG,0.0025376000000392196,71
SURF,DAY-2_UMKM_SMC_128.JPG,0.003410299999984545,62
SURF,DAY-2_UMKM_SMC_129.JPG,0.003039900000032958,103
SURF,DAY-2_UMKM_SMC_130.JPG,0.0025807000000099833,63
SURF,DAY-2_UMKM_SMC_131.JPG,0.0025304999999775646,25
SURF,DAY-2_UMKM_SMC_132.JPG,0.0020393000000353823,71
SURF,DAY-2_UMKM_SMC_133.JPG,0.001521300000035808,16
SURF,DAY-2_UMKM_SMC_134.JPG,0.0019294999999601714,41
SURF,DAY-2_UMKM_SMC_135.JPG,0.0027589000000034503,77
SURF,DAY-2_UMKM_SMC_136.JPG,0.0028593000000114444,77
SURF,DAY-2_UMKM_SMC_137.JPG,0.0023089000000027227,35
SURF,DAY-2_UMKM_SMC_138.JPG,0.00237299999997731,83
SURF,DAY-2_UMKM_SMC_139.JPG,0.0032042999999930544,98
SURF,DAY-2_UMKM_SMC_140.JPG,0.003931999999963409,119
