Nama File,Domain Asal,Hari Ke-,Jenis Potongan,ID Klaster Kmeans,Asumsi Kondisi
DAY-1_RPH_HDM_001.JPG,RPH,DAY-1,HDM,0,Klaster A
DAY-1_RPH_HDM_003.JPG,RPH,DAY-1,HDM,0,Klaster A
DAY-1_RPH_HDM_004.JPG,RPH,DAY-1,HDM,0,Klaster A
DAY-1_RPH_HDM_005.JPG,RPH,DAY-1,HDM,0,Klaster A
DAY-1_RPH_HDM_006.JPG,RPH,DAY-1,HDM,0,Klaster A
DAY-1_RPH_HDM_007.JPG,RPH,DAY-1,HDM,0,Klaster A
DAY-1_RPH_HDM_008.JPG,RPH,DAY-1,HDM,0,Klaster A
DAY-1_RPH_HDM_009.JPG,RPH,DAY-1,HDM,0,Klaster A
DAY-1_RPH_HDM_010.JPG,RPH,DAY-1,HDM,0,Klaster A
DAY-1_RPH_HDM_011.JPG,RPH,DAY-1,HDM,0,Klaster A
DAY-1_RPH_HDM_012.JPG,RPH,DAY-1,HDM,0,Klaster A
DAY-1_RPH_HDM_013.JPG,RPH,DAY-1,HDM,0,Klaster A
DAY-1_RPH_HDM_014.JPG,RPH,DAY-1,HDM,0,Klaster A
DAY-1_RPH_HDM_015.JPG,RPH,DAY-1,HDM,0,Klaster A
DAY-1_RPH_HDM_016.JPG,RPH,DAY-1,HDM,0,Klaster A
DAY-1_RPH_HDM_017.JPG,RPH,DAY-1,HDM,0,Klaster A
DAY-1_RPH_HDM_018.JPG,RPH,DAY-1,HDM,0,Klaster A
DAY-1_RPH_HDM_019.JPG,RPH,DAY-1,HDM,0,Klaster A
DAY-1_RPH_HDM_020.JPG,RPH,DAY-1,HDM,0,Klaster A
DAY-1_RPH_HDM_021.JPG,RPH,DAY-1,HDM,0,Klaster A
DAY-1_RPH_HDM_023.JPG,RPH,DAY-1,HDM,0,Klaster A
DAY-1_RPH_HDM_024.JPG,RPH,DAY-1,HDM,0,Klaster A
DAY-1_RPH_HDM_025.JPG,RPH,DAY-1,HDM,0,Klaster A
DAY-1_RPH_HDM_027.JPG,RPH,DAY-1,HDM,0,Klaster A
DAY-1_RPH_HDM_028.JPG,RPH,DAY-1,HDM,0,Klaster A
DAY-1_RPH_HDM_029.JPG,RPH,DAY-1,HDM,0,Klaster A
DAY-1_RPH_HDM_030.JPG,RPH,DAY-1,HDM,0,Klaster A
DAY-1_RPH_HDM_031.JPG,RPH,DAY-1,HDM,0,Klaster A
DAY-1_RPH_HDM_032.JPG,RPH,DAY-1,HDM,0,Klaster A
DAY-1_RPH_HDM_033.JPG,RPH,DAY-1,HDM,0,Klaster A
DAY-1_RPH_HDM_034.JPG,RPH,DAY-1,HDM,0,Klaster A
DAY-1_RPH_HDM_035.JPG,RPH,DAY-1,HDM,0,Klaster A
DAY-1_RPH_HDM_036.JPG,RPH,DAY-1,HDM,0,Klaster A
DAY-1_RPH_HDM_037.JPG,RPH,DAY-1,HDM,0,Klaster A
DAY-1_RPH_HDM_038.JPG,RPH,DAY-1,HDM,0,Klaster A
DAY-1_RPH_HDM_039.JPG,RPH,DAY-1,HDM,0,Klaster A
DAY-1_RPH_HDM_040.JPG,RPH,DAY-1,HDM,0,Klaster A
DAY-1_RPH_HDM_041.JPG,RPH,DAY-1,HDM,0,Klaster A
DAY-1_RPH_HDM_042.JPG,RPH,DAY-1,HDM,0,Klaster A
DAY-1_RPH_HDM_043.JPG,RPH,DAY-1,HDM,0,Klaster A
DAY-1_RPH_HDM_044.JPG,RPH,DAY-1,HDM,0,Klaster A
DAY-1_RPH_HDM_045.JPG,RPH,DAY-1,HDM,0,Klaster A
DAY-1_RPH_HDM_046.JPG,RPH,DAY-1,HDM,0,Klaster A
DAY-1_RPH_HDM_047.JPG,RPH,DAY-1,HDM,0,Klaster A
DAY-1_RPH_HDM_048.JPG,RPH,DAY-1,HDM,0,Klaster A
DAY-1_RPH_HDM_049.JPG,RPH,DAY-1,HDM,0,Klaster A
DAY-1_RPH_HDM_050.JPG,RPH,DAY-1,HDM,0,Klaster A
DAY-1_RPH_HDM_051.JPG,RPH,DAY-1,HDM,0,Klaster A
DAY-1_RPH_HDM_053.JPG,RPH,DAY-1,HDM,0,Klaster A
DAY-1_RPH_HDM_054.JPG,RPH,DAY-1,HDM,0,Klaster A
DAY-1_RPH_HDM_055.JPG,RPH,DAY-1,HDM,0,Klaster A
DAY-1_RPH_HDM_056.JPG,RPH,DAY-1,HDM,0,Klaster A
DAY-1_RPH_HDM_057.JPG,RPH,DAY-1,HDM,0,Klaster A
DAY-1_RPH_HDM_058.JPG,RPH,DAY-1,HDM,0,Klaster A
DAY-1_RPH_HDM_059.JPG,RPH,DAY-1,HDM,0,Klaster A
DAY-1_RPH_HDM_060.JPG,RPH,DAY-1,HDM,0,Klaster A
DAY-1_RPH_HDM_061.JPG,RPH,DAY-1,HDM,0,Klaster A
DAY-1_RPH_HDM_062.JPG,RPH,DAY-1,HDM,0,Klaster A
DAY-1_RPH_HDM_063.JPG,RPH,DAY-1,HDM,0,Klaster A
DAY-1_RPH_HDM_064.JPG,RPH,DAY-1,HDM,0,Klaster A
DAY-1_RPH_HDM_065.JPG,RPH,DAY-1,HDM,0,Klaster A
DAY-1_RPH_HDM_066.JPG,RPH,DAY-1,HDM,0,Klaster A
DAY-1_RPH_HDM_067.JPG,RPH,DAY-1,HDM,0,Klaster A
DAY-1_RPH_HDM_068.JPG,RPH,DAY-1,HDM,0,Klaster A
DAY-1_RPH_HDM_069.JPG,RPH,DAY-1,HDM,0,Klaster A
DAY-1_RPH_HDM_070.JPG,RPH,DAY-1,HDM,0,Klaster A
DAY-1_RPH_HDM_071.JPG,RPH,DAY-1,HDM,0,Klaster A
DAY-1_RPH_HDM_072.JPG,RPH,DAY-1,HDM,0,Klaster A
DAY-1_RPH_HDM_073.JPG,RPH,DAY-1,HDM,0,Klaster A
DAY-1_RPH_HDM_074.JPG,RPH,DAY-1,HDM,0,Klaster A
DAY-1_RPH_HDM_075.JPG,RPH,DAY-1,HDM,0,Klaster A
DAY-1_RPH_HDM_076.JPG,RPH,DAY-1,HDM,0,Klaster A
DAY-1_RPH_HDM_077.JPG,RPH,DAY-1,HDM,0,Klaster A
DAY-1_RPH_HDM_078.JPG,RPH,DAY-1,HDM,0,Klaster A
DAY-1_RPH_HDM_080.JPG,RPH,DAY-1,HDM,0,Klaster A
DAY-1_RPH_HDM_081.JPG,RPH,DAY-1,HDM,0,Klaster A
DAY-1_RPH_HDM_082.JPG,RPH,DAY-1,HDM,0,Klaster A
DAY-1_RPH_HDM_083.JPG,RPH,DAY-1,HDM,0,Klaster A
DAY-1_RPH_HDM_086.JPG,RPH,DAY-1,HDM,0,Klaster A
DAY-1_RPH_HDM_087.JPG,RPH,DAY-1,HDM,0,Klaster A
DAY-1_RPH_HDM_088.JPG,RPH,DAY-1,HDM,0,Klaster A
DAY-1_RPH_HDM_089.JPG,RPH,DAY-1,HDM,0,Klaster A
DAY-1_RPH_HDM_090.JPG,RPH,DAY-1,HDM,0,Klaster A
DAY-1_RPH_HDM_091.JPG,RPH,DAY-1,HDM,0,Klaster A
DAY-1_RPH_HDM_092.JPG,RPH,DAY-1,HDM,0,Klaster A
DAY-1_RPH_HDM_093.JPG,RPH,DAY-1,HDM,0,Klaster A
DAY-1_RPH_HDM_094.JPG,RPH,DAY-1,HDM,0,Klaster A
DAY-1_RPH_HDM_095.JPG,RPH,DAY-1,HDM,0,Klaster A
DAY-1_RPH_HDM_096.JPG,RPH,DAY-1,HDM,0,Klaster A
DAY-1_RPH_HDM_097.JPG,RPH,DAY-1,HDM,0,Klaster A
DAY-1_RPH_HDM_098.JPG,RPH,DAY-1,HDM,0,Klaster A
DAY-1_RPH_HDM_099.JPG,RPH,DAY-1,HDM,0,Klaster A
DAY-1_RPH_HDM_100.JPG,RPH,DAY-1,HDM,0,Klaster A
DAY-1_RPH_HDM_101.JPG,RPH,DAY-1,HDM,0,Klaster A
DAY-1_RPH_HDM_102.JPG,RPH,DAY-1,HDM,0,Klaster A
DAY-1_RPH_HDM_103.JPG,RPH,DAY-1,HDM,0,Klaster A
DAY-1_RPH_HDM_104.JPG,RPH,DAY-1,HDM,0,Klaster A
DAY-1_RPH_HDM_105.JPG,RPH,DAY-1,HDM,0,Klaster A
DAY-1_RPH_HDM_106.JPG,RPH,DAY-1,HDM,0,Klaster A
DAY-1_RPH_HDM_107.JPG,RPH,DAY-1,HDM,0,Klaster A
DAY-1_RPH_HDM_108.JPG,RPH,DAY-1,HDM,0,Klaster A
DAY-1_RPH_HDM_110.JPG,RPH,DAY-1,HDM,0,Klaster A
DAY-1_RPH_HDM_111.JPG,RPH,DAY-1,HDM,0,Klaster A
DAY-1_RPH_HDM_112.JPG,RPH,DAY-1,HDM,0,Klaster A
DAY-1_RPH_HDM_113.JPG,RPH,DAY-1,HDM,0,Klaster A
DAY-1_RPH_HDM_114.JPG,RPH,DAY-1,HDM,0,Klaster A
DAY-1_RPH_HDM_115.JPG,RPH,DAY-1,HDM,0,Klaster A
DAY-1_RPH_HDM_116.JPG,RPH,DAY-1,HDM,0,Klaster A
DAY-1_RPH_HDM_117.JPG,RPH,DAY-1,HDM,0,Klaster A
DAY-1_RPH_HDM_118.JPG,RPH,DAY-1,HDM,0,Klaster A
DAY-1_RPH_HDM_119.JPG,RPH,DAY-1,HDM,0,Klaster A
DAY-1_RPH_HDM_120.JPG,RPH,DAY-1,HDM,0,Klaster A
DAY-1_RPH_HDM_121.JPG,RPH,DAY-1,HDM,0,Klaster A
DAY-1_RPH_HDM_122.JPG,RPH,DAY-1,HDM,0,Klaster A
DAY-1_RPH_HDM_123.JPG,RPH,DAY-1,HDM,0,Klaster A
DAY-1_RPH_HDM_124.JPG,RPH,DAY-1,HDM,0,Klaster A
DAY-1_RPH_HDM_125.JPG,RPH,DAY-1,HDM,0,Klaster A
DAY-1_RPH_HDM_126.JPG,RPH,DAY-1,HDM,0,Klaster A
DAY-1_RPH_HDM_127.JPG,RPH,DAY-1,HDM,0,Klaster A
DAY-1_RPH_HDM_128.JPG,RPH,DAY-1,HDM,0,Klaster A
DAY-1_RPH_HDM_129.JPG,RPH,DAY-1,HDM,0,Klaster A
DAY-1_RPH_HDM_130.JPG,RPH,DAY-1,HDM,0,Klaster A
DAY-1_RPH_HDM_131.JPG,RPH,DAY-1,HDM,0,Klaster A
DAY-1_RPH_HDM_132.JPG,RPH,DAY-1,HDM,0,Klaster A
DAY-1_RPH_HDM_133.JPG,RPH,DAY-1,HDM,0,Klaster A
DAY-1_RPH_HDM_134.JPG,RPH,DAY-1,HDM,0,Klaster A
DAY-1_RPH_HDM_135.JPG,RPH,DAY-1,HDM,0,Klaster A
DAY-1_RPH_HDM_136.JPG,RPH,DAY-1,HDM,0,Klaster A
DAY-1_RPH_HDM_137.JPG,RPH,DAY-1,HDM,0,Klaster A
DAY-1_RPH_HDM_138.JPG,RPH,DAY-1,HDM,0,Klaster A
DAY-1_RPH_HDM_139.JPG,RPH,DAY-1,HDM,0,Klaster A
DAY-1_RPH_HDM_140.JPG,RPH,DAY-1,HDM,0,Klaster A
DAY-1_RPH_HLR_001.JPG,RPH,DAY-1,HLR,0,Klaster A
DAY-1_RPH_HLR_002.JPG,RPH,DAY-1,HLR,0,Klaster A
DAY-1_RPH_HLR_003.JPG,RPH,DAY-1,HLR,0,Klaster A
DAY-1_RPH_HLR_004.JPG,RPH,DAY-1,HLR,0,Klaster A
DAY-1_RPH_HLR_005.JPG,RPH,DAY-1,HLR,0,Klaster A
DAY-1_RPH_HLR_006.JPG,RPH,DAY-1,HLR,0,Klaster A
DAY-1_RPH_HLR_007.JPG,RPH,DAY-1,HLR,0,Klaster A
DAY-1_RPH_HLR_008.JPG,RPH,DAY-1,HLR,0,Klaster A
DAY-1_RPH_HLR_009.JPG,RPH,DAY-1,HLR,0,Klaster A
DAY-1_RPH_HLR_010.JPG,RPH,DAY-1,HLR,0,Klaster A
DAY-1_RPH_HLR_011.JPG,RPH,DAY-1,HLR,0,Klaster A
DAY-1_RPH_HLR_012.JPG,RPH,DAY-1,HLR,0,Klaster A
DAY-1_RPH_HLR_013.JPG,RPH,DAY-1,HLR,0,Klaster A
DAY-1_RPH_HLR_014.JPG,RPH,DAY-1,HLR,0,Klaster A
DAY-1_RPH_HLR_015.JPG,RPH,DAY-1,HLR,0,Klaster A
DAY-1_RPH_HLR_016.JPG,RPH,DAY-1,HLR,0,Klaster A
DAY-1_RPH_HLR_017.JPG,RPH,DAY-1,HLR,0,Klaster A
DAY-1_RPH_HLR_018.JPG,RPH,DAY-1,HLR,0,Klaster A
DAY-1_RPH_HLR_019.JPG,RPH,DAY-1,HLR,0,Klaster A
DAY-1_RPH_HLR_020.JPG,RPH,DAY-1,HLR,0,Klaster A
DAY-1_RPH_HLR_021.JPG,RPH,DAY-1,HLR,0,Klaster A
DAY-1_RPH_HLR_022.JPG,RPH,DAY-1,HLR,0,Klaster A
DAY-1_RPH_HLR_023.JPG,RPH,DAY-1,HLR,0,Klaster A
DAY-1_RPH_HLR_024.JPG,RPH,DAY-1,HLR,0,Klaster A
DAY-1_RPH_HLR_025.JPG,RPH,DAY-1,HLR,0,Klaster A
DAY-1_RPH_HLR_026.JPG,RPH,DAY-1,HLR,0,Klaster A
DAY-1_RPH_HLR_027.JPG,RPH,DAY-1,HLR,0,Klaster A
DAY-1_RPH_HLR_028.JPG,RPH,DAY-1,HLR,0,Klaster A
DAY-1_RPH_HLR_029.JPG,RPH,DAY-1,HLR,0,Klaster A
DAY-1_RPH_HLR_030.JPG,RPH,DAY-1,HLR,0,Klaster A
DAY-1_RPH_HLR_031.JPG,RPH,DAY-1,HLR,0,Klaster A
DAY-1_RPH_HLR_032.JPG,RPH,DAY-1,HLR,0,Klaster A
DAY-1_RPH_HLR_033.JPG,RPH,DAY-1,HLR,0,Klaster A
DAY-1_RPH_HLR_034.JPG,RPH,DAY-1,HLR,0,Klaster A
DAY-1_RPH_HLR_035.JPG,RPH,DAY-1,HLR,0,Klaster A
DAY-1_RPH_HLR_037.JPG,RPH,DAY-1,HLR,0,Klaster A
DAY-1_RPH_HLR_038.JPG,RPH,DAY-1,HLR,0,Klaster A
DAY-1_RPH_HLR_039.JPG,RPH,DAY-1,HLR,0,Klaster A
DAY-1_RPH_HLR_040.JPG,RPH,DAY-1,HLR,0,Klaster A
DAY-1_RPH_HLR_041.JPG,RPH,DAY-1,HLR,0,Klaster A
DAY-1_RPH_HLR_043.JPG,RPH,DAY-1,HLR,0,Klaster A
DAY-1_RPH_HLR_045.JPG,RPH,DAY-1,HLR,0,Klaster A
DAY-1_RPH_HLR_047.JPG,RPH,DAY-1,HLR,0,Klaster A
DAY-1_RPH_HLR_048.JPG,RPH,DAY-1,HLR,0,Klaster A
DAY-1_RPH_HLR_049.JPG,RPH,DAY-1,HLR,0,Klaster A
DAY-1_RPH_HLR_050.JPG,RPH,DAY-1,HLR,0,Klaster A
DAY-1_RPH_HLR_051.JPG,RPH,DAY-1,HLR,0,Klaster A
DAY-1_RPH_HLR_052.JPG,RPH,DAY-1,HLR,0,Klaster A
DAY-1_RPH_HLR_053.JPG,RPH,DAY-1,HLR,0,Klaster A
DAY-1_RPH_HLR_054.JPG,RPH,DAY-1,HLR,0,Klaster A
DAY-1_RPH_HLR_055.JPG,RPH,DAY-1,HLR,0,Klaster A
DAY-1_RPH_HLR_056.JPG,RPH,DAY-1,HLR,0,Klaster A
DAY-1_RPH_HLR_057.JPG,RPH,DAY-1,HLR,0,Klaster A
DAY-1_RPH_HLR_058.JPG,RPH,DAY-1,HLR,0,Klaster A
DAY-1_RPH_HLR_059.JPG,RPH,DAY-1,HLR,0,Klaster A
DAY-1_RPH_HLR_060.JPG,RPH,DAY-1,HLR,0,Klaster A
DAY-1_RPH_HLR_061.JPG,RPH,DAY-1,HLR,0,Klaster A
DAY-1_RPH_HLR_062.JPG,RPH,DAY-1,HLR,0,Klaster A
DAY-1_RPH_HLR_063.JPG,RPH,DAY-1,HLR,0,Klaster A
DAY-1_RPH_HLR_064.JPG,RPH,DAY-1,HLR,0,Klaster A
DAY-1_RPH_HLR_065.JPG,RPH,DAY-1,HLR,0,Klaster A
DAY-1_RPH_HLR_066.JPG,RPH,DAY-1,HLR,0,Klaster A
DAY-1_RPH_HLR_067.JPG,RPH,DAY-1,HLR,0,Klaster A
DAY-1_RPH_HLR_068.JPG,RPH,DAY-1,HLR,0,Klaster A
DAY-1_RPH_HLR_069.JPG,RPH,DAY-1,HLR,0,Klaster A
DAY-1_RPH_HLR_071.JPG,RPH,DAY-1,HLR,0,Klaster A
DAY-1_RPH_HLR_072.JPG,RPH,DAY-1,HLR,0,Klaster A
DAY-1_RPH_HLR_073.JPG,RPH,DAY-1,HLR,0,Klaster A
DAY-1_RPH_HLR_074.JPG,RPH,DAY-1,HLR,0,Klaster A
DAY-1_RPH_HLR_075.JPG,RPH,DAY-1,HLR,0,Klaster A
DAY-1_RPH_HLR_076.JPG,RPH,DAY-1,HLR,0,Klaster A
DAY-1_RPH_HLR_077.JPG,RPH,DAY-1,HLR,0,Klaster A
DAY-1_RPH_HLR_078.JPG,RPH,DAY-1,HLR,0,Klaster A
DAY-1_RPH_HLR_079.JPG,RPH,DAY-1,HLR,0,Klaster A
DAY-1_RPH_HLR_080.JPG,RPH,DAY-1,HLR,0,Klaster A
DAY-1_RPH_HLR_081.JPG,RPH,DAY-1,HLR,0,Klaster A
DAY-1_RPH_HLR_082.JPG,RPH,DAY-1,HLR,0,Klaster A
DAY-1_RPH_HLR_083.JPG,RPH,DAY-1,HLR,0,Klaster A
DAY-1_RPH_HLR_084.JPG,RPH,DAY-1,HLR,0,Klaster A
DAY-1_RPH_HLR_085.JPG,RPH,DAY-1,HLR,0,Klaster A
DAY-1_RPH_HLR_086.JPG,RPH,DAY-1,HLR,0,Klaster A
DAY-1_RPH_HLR_087.JPG,RPH,DAY-1,HLR,0,Klaster A
DAY-1_RPH_HLR_088.JPG,RPH,DAY-1,HLR,0,Klaster A
DAY-1_RPH_HLR_089.JPG,RPH,DAY-1,HLR,0,Klaster A
DAY-1_RPH_HLR_090.JPG,RPH,DAY-1,HLR,0,Klaster A
DAY-1_RPH_HLR_091.JPG,RPH,DAY-1,HLR,0,Klaster A
DAY-1_RPH_HLR_092.JPG,RPH,DAY-1,HLR,0,Klaster A
DAY-1_RPH_HLR_093.JPG,RPH,DAY-1,HLR,0,Klaster A
DAY-1_RPH_HLR_094.JPG,RPH,DAY-1,HLR,0,Klaster A
DAY-1_RPH_HLR_095.JPG,RPH,DAY-1,HLR,0,Klaster A
DAY-1_RPH_HLR_097.JPG,RPH,DAY-1,HLR,0,Klaster A
DAY-1_RPH_HLR_098.JPG,RPH,DAY-1,HLR,0,Klaster A
DAY-1_RPH_HLR_099.JPG,RPH,DAY-1,HLR,0,Klaster A
DAY-1_RPH_HLR_100.JPG,RPH,DAY-1,HLR,0,Klaster A
DAY-1_RPH_HLR_101.JPG,RPH,DAY-1,HLR,0,Klaster A
DAY-1_RPH_HLR_102.JPG,RPH,DAY-1,HLR,0,Klaster A
DAY-1_RPH_HLR_103.JPG,RPH,DAY-1,HLR,0,Klaster A
DAY-1_RPH_HLR_104.JPG,RPH,DAY-1,HLR,0,Klaster A
DAY-1_RPH_HLR_105.JPG,RPH,DAY-1,HLR,0,Klaster A
DAY-1_RPH_HLR_106.JPG,RPH,DAY-1,HLR,0,Klaster A
DAY-1_RPH_HLR_107.JPG,RPH,DAY-1,HLR,0,Klaster A
DAY-1_RPH_HLR_108.JPG,RPH,DAY-1,HLR,0,Klaster A
DAY-1_RPH_HLR_109.JPG,RPH,DAY-1,HLR,0,Klaster A
DAY-1_RPH_HLR_110.JPG,RPH,DAY-1,HLR,0,Klaster A
DAY-1_RPH_HLR_111.JPG,RPH,DAY-1,HLR,0,Klaster A
DAY-1_RPH_HLR_113.JPG,RPH,DAY-1,HLR,0,Klaster A
DAY-1_RPH_HLR_114.JPG,RPH,DAY-1,HLR,0,Klaster A
DAY-1_RPH_HLR_115.JPG,RPH,DAY-1,HLR,0,Klaster A
DAY-1_RPH_HLR_116.JPG,RPH,DAY-1,HLR,0,Klaster A
DAY-1_RPH_HLR_117.JPG,RPH,DAY-1,HLR,0,Klaster A
DAY-1_RPH_HLR_119.JPG,RPH,DAY-1,HLR,0,Klaster A
DAY-1_RPH_HLR_120.JPG,RPH,DAY-1,HLR,0,Klaster A
DAY-1_RPH_HLR_121.JPG,RPH,DAY-1,HLR,0,Klaster A
DAY-1_RPH_HLR_122.JPG,RPH,DAY-1,HLR,0,Klaster A
DAY-1_RPH_HLR_123.JPG,RPH,DAY-1,HLR,0,Klaster A
DAY-1_RPH_HLR_124.JPG,RPH,DAY-1,HLR,0,Klaster A
DAY-1_RPH_HLR_125.JPG,RPH,DAY-1,HLR,0,Klaster A
DAY-1_RPH_HLR_126.JPG,RPH,DAY-1,HLR,0,Klaster A
DAY-1_RPH_HLR_127.JPG,RPH,DAY-1,HLR,0,Klaster A
DAY-1_RPH_HLR_128.JPG,RPH,DAY-1,HLR,0,Klaster A
DAY-1_RPH_HLR_129.JPG,RPH,DAY-1,HLR,0,Klaster A
DAY-1_RPH_HLR_131.JPG,RPH,DAY-1,HLR,0,Klaster A
DAY-1_RPH_HLR_133.JPG,RPH,DAY-1,HLR,0,Klaster A
DAY-1_RPH_HLR_134.JPG,RPH,DAY-1,HLR,0,Klaster A
DAY-1_RPH_HLR_135.JPG,RPH,DAY-1,HLR,0,Klaster A
DAY-1_RPH_HLR_136.JPG,RPH,DAY-1,HLR,0,Klaster A
DAY-1_RPH_HLR_137.JPG,RPH,DAY-1,HLR,0,Klaster A
DAY-1_RPH_HLR_138.JPG,RPH,DAY-1,HLR,0,Klaster A
DAY-1_RPH_HLR_139.JPG,RPH,DAY-1,HLR,0,Klaster A
DAY-1_RPH_HLR_140.JPG,RPH,DAY-1,HLR,0,Klaster A
DAY-1_RPH_KLP_001.JPG,RPH,DAY-1,KLP,0,Klaster A
DAY-1_RPH_KLP_002.JPG,RPH,DAY-1,KLP,0,Klaster A
DAY-1_RPH_KLP_003.JPG,RPH,DAY-1,KLP,0,Klaster A
DAY-1_RPH_KLP_004.JPG,RPH,DAY-1,KLP,0,Klaster A
DAY-1_RPH_KLP_005.JPG,RPH,DAY-1,KLP,0,Klaster A
DAY-1_RPH_KLP_006.JPG,RPH,DAY-1,KLP,0,Klaster A
DAY-1_RPH_KLP_008.JPG,RPH,DAY-1,KLP,0,Klaster A
DAY-1_RPH_KLP_009.JPG,RPH,DAY-1,KLP,0,Klaster A
DAY-1_RPH_KLP_010.JPG,RPH,DAY-1,KLP,0,Klaster A
DAY-1_RPH_KLP_011.JPG,RPH,DAY-1,KLP,0,Klaster A
DAY-1_RPH_KLP_012.JPG,RPH,DAY-1,KLP,0,Klaster A
DAY-1_RPH_KLP_014.JPG,RPH,DAY-1,KLP,0,Klaster A
DAY-1_RPH_KLP_015.JPG,RPH,DAY-1,KLP,0,Klaster A
DAY-1_RPH_KLP_016.JPG,RPH,DAY-1,KLP,0,Klaster A
DAY-1_RPH_KLP_017.JPG,RPH,DAY-1,KLP,0,Klaster A
DAY-1_RPH_KLP_018.JPG,RPH,DAY-1,KLP,0,Klaster A
DAY-1_RPH_KLP_019.JPG,RPH,DAY-1,KLP,0,Klaster A
DAY-1_RPH_KLP_020.JPG,RPH,DAY-1,KLP,0,Klaster A
DAY-1_RPH_KLP_022.JPG,RPH,DAY-1,KLP,0,Klaster A
DAY-1_RPH_KLP_024.JPG,RPH,DAY-1,KLP,0,Klaster A
DAY-1_RPH_KLP_025.JPG,RPH,DAY-1,KLP,0,Klaster A
DAY-1_RPH_KLP_026.JPG,RPH,DAY-1,KLP,0,Klaster A
DAY-1_RPH_KLP_027.JPG,RPH,DAY-1,KLP,0,Klaster A
DAY-1_RPH_KLP_028.JPG,RPH,DAY-1,KLP,0,Klaster A
DAY-1_RPH_KLP_029.JPG,RPH,DAY-1,KLP,0,Klaster A
DAY-1_RPH_KLP_030.JPG,RPH,DAY-1,KLP,0,Klaster A
DAY-1_RPH_KLP_031.JPG,RPH,DAY-1,KLP,0,Klaster A
DAY-1_RPH_KLP_032.JPG,RPH,DAY-1,KLP,0,Klaster A
DAY-1_RPH_KLP_033.JPG,RPH,DAY-1,KLP,0,Klaster A
DAY-1_RPH_KLP_034.JPG,RPH,DAY-1,KLP,0,Klaster A
DAY-1_RPH_KLP_035.JPG,RPH,DAY-1,KLP,0,Klaster A
DAY-1_RPH_KLP_036.JPG,RPH,DAY-1,KLP,0,Klaster A
DAY-1_RPH_KLP_037.JPG,RPH,DAY-1,KLP,0,Klaster A
DAY-1_RPH_KLP_038.JPG,RPH,DAY-1,KLP,0,Klaster A
DAY-1_RPH_KLP_039.JPG,RPH,DAY-1,KLP,0,Klaster A
DAY-1_RPH_KLP_040.JPG,RPH,DAY-1,KLP,0,Klaster A
DAY-1_RPH_KLP_041.JPG,RPH,DAY-1,KLP,0,Klaster A
DAY-1_RPH_KLP_042.JPG,RPH,DAY-1,KLP,0,Klaster A
DAY-1_RPH_KLP_043.JPG,RPH,DAY-1,KLP,0,Klaster A
DAY-1_RPH_KLP_044.JPG,RPH,DAY-1,KLP,0,Klaster A
DAY-1_RPH_KLP_045.JPG,RPH,DAY-1,KLP,0,Klaster A
DAY-1_RPH_KLP_046.JPG,RPH,DAY-1,KLP,0,Klaster A
DAY-1_RPH_KLP_047.JPG,RPH,DAY-1,KLP,0,Klaster A
DAY-1_RPH_KLP_048.JPG,RPH,DAY-1,KLP,0,Klaster A
DAY-1_RPH_KLP_049.JPG,RPH,DAY-1,KLP,0,Klaster A
DAY-1_RPH_KLP_050.JPG,RPH,DAY-1,KLP,0,Klaster A
DAY-1_RPH_KLP_051.JPG,RPH,DAY-1,KLP,0,Klaster A
DAY-1_RPH_KLP_052.JPG,RPH,DAY-1,KLP,0,Klaster A
DAY-1_RPH_KLP_054.JPG,RPH,DAY-1,KLP,0,Klaster A
DAY-1_RPH_KLP_055.JPG,RPH,DAY-1,KLP,0,Klaster A
DAY-1_RPH_KLP_056.JPG,RPH,DAY-1,KLP,0,Klaster A
DAY-1_RPH_KLP_057.JPG,RPH,DAY-1,KLP,0,Klaster A
DAY-1_RPH_KLP_058.JPG,RPH,DAY-1,KLP,0,Klaster A
DAY-1_RPH_KLP_059.JPG,RPH,DAY-1,KLP,0,Klaster A
DAY-1_RPH_KLP_060.JPG,RPH,DAY-1,KLP,0,Klaster A
DAY-1_RPH_KLP_061.JPG,RPH,DAY-1,KLP,0,Klaster A
DAY-1_RPH_KLP_062.JPG,RPH,DAY-1,KLP,0,Klaster A
DAY-1_RPH_KLP_063.JPG,RPH,DAY-1,KLP,0,Klaster A
DAY-1_RPH_KLP_064.JPG,RPH,DAY-1,KLP,0,Klaster A
DAY-1_RPH_KLP_065.JPG,RPH,DAY-1,KLP,0,Klaster A
DAY-1_RPH_KLP_066.JPG,RPH,DAY-1,KLP,0,Klaster A
DAY-1_RPH_KLP_067.JPG,RPH,DAY-1,KLP,0,Klaster A
DAY-1_RPH_KLP_068.JPG,RPH,DAY-1,KLP,0,Klaster A
DAY-1_RPH_KLP_069.JPG,RPH,DAY-1,KLP,0,Klaster A
DAY-1_RPH_KLP_070.JPG,RPH,DAY-1,KLP,0,Klaster A
DAY-1_RPH_KLP_071.JPG,RPH,DAY-1,KLP,0,Klaster A
DAY-1_RPH_KLP_072.JPG,RPH,DAY-1,KLP,0,Klaster A
DAY-1_RPH_KLP_073.JPG,RPH,DAY-1,KLP,0,Klaster A
DAY-1_RPH_KLP_074.JPG,RPH,DAY-1,KLP,0,Klaster A
DAY-1_RPH_KLP_075.JPG,RPH,DAY-1,KLP,0,Klaster A
DAY-1_RPH_KLP_076.JPG,RPH,DAY-1,KLP,0,Klaster A
DAY-1_RPH_KLP_077.JPG,RPH,DAY-1,KLP,0,Klaster A
DAY-1_RPH_KLP_078.JPG,RPH,DAY-1,KLP,0,Klaster A
DAY-1_RPH_KLP_079.JPG,RPH,DAY-1,KLP,0,Klaster A
DAY-1_RPH_KLP_080.JPG,RPH,DAY-1,KLP,0,Klaster A
DAY-1_RPH_KLP_081.JPG,RPH,DAY-1,KLP,0,Klaster A
DAY-1_RPH_KLP_083.JPG,RPH,DAY-1,KLP,0,Klaster A
DAY-1_RPH_KLP_084.JPG,RPH,DAY-1,KLP,0,Klaster A
DAY-1_RPH_KLP_085.JPG,RPH,DAY-1,KLP,0,Klaster A
DAY-1_RPH_KLP_086.JPG,RPH,DAY-1,KLP,0,Klaster A
DAY-1_RPH_KLP_087.JPG,RPH,DAY-1,KLP,0,Klaster A
DAY-1_RPH_KLP_088.JPG,RPH,DAY-1,KLP,0,Klaster A
DAY-1_RPH_KLP_089.JPG,RPH,DAY-1,KLP,0,Klaster A
DAY-1_RPH_KLP_090.JPG,RPH,DAY-1,KLP,0,Klaster A
DAY-1_RPH_KLP_091.JPG,RPH,DAY-1,KLP,0,Klaster A
DAY-1_RPH_KLP_092.JPG,RPH,DAY-1,KLP,0,Klaster A
DAY-1_RPH_KLP_093.JPG,RPH,DAY-1,KLP,0,Klaster A
DAY-1_RPH_KLP_094.JPG,RPH,DAY-1,KLP,0,Klaster A
DAY-1_RPH_KLP_095.JPG,RPH,DAY-1,KLP,0,Klaster A
DAY-1_RPH_KLP_096.JPG,RPH,DAY-1,KLP,0,Klaster A
DAY-1_RPH_KLP_097.JPG,RPH,DAY-1,KLP,0,Klaster A
DAY-1_RPH_KLP_098.JPG,RPH,DAY-1,KLP,0,Klaster A
DAY-1_RPH_KLP_099.JPG,RPH,DAY-1,KLP,0,Klaster A
DAY-1_RPH_KLP_100.JPG,RPH,DAY-1,KLP,0,Klaster A
DAY-1_RPH_KLP_101.JPG,RPH,DAY-1,KLP,0,Klaster A
DAY-1_RPH_KLP_102.JPG,RPH,DAY-1,KLP,0,Klaster A
DAY-1_RPH_KLP_103.JPG,RPH,DAY-1,KLP,0,Klaster A
DAY-1_RPH_KLP_104.JPG,RPH,DAY-1,KLP,0,Klaster A
DAY-1_RPH_KLP_105.JPG,RPH,DAY-1,KLP,0,Klaster A
DAY-1_RPH_KLP_106.JPG,RPH,DAY-1,KLP,0,Klaster A
DAY-1_RPH_KLP_107.JPG,RPH,DAY-1,KLP,0,Klaster A
DAY-1_RPH_KLP_108.JPG,RPH,DAY-1,KLP,0,Klaster A
DAY-1_RPH_KLP_109.JPG,RPH,DAY-1,KLP,0,Klaster A
DAY-1_RPH_KLP_110.JPG,RPH,DAY-1,KLP,0,Klaster A
DAY-1_RPH_KLP_111.JPG,RPH,DAY-1,KLP,0,Klaster A
DAY-1_RPH_KLP_112.JPG,RPH,DAY-1,KLP,0,Klaster A
DAY-1_RPH_KLP_113.JPG,RPH,DAY-1,KLP,0,Klaster A
DAY-1_RPH_KLP_114.JPG,RPH,DAY-1,KLP,0,Klaster A
DAY-1_RPH_KLP_115.JPG,RPH,DAY-1,KLP,0,Klaster A
DAY-1_RPH_KLP_116.JPG,RPH,DAY-1,KLP,0,Klaster A
DAY-1_RPH_KLP_117.JPG,RPH,DAY-1,KLP,0,Klaster A
DAY-1_RPH_KLP_118.JPG,RPH,DAY-1,KLP,0,Klaster A
DAY-1_RPH_KLP_119.JPG,RPH,DAY-1,KLP,0,Klaster A
DAY-1_RPH_KLP_120.JPG,RPH,DAY-1,KLP,0,Klaster A
DAY-1_RPH_KLP_121.JPG,RPH,DAY-1,KLP,0,Klaster A
DAY-1_RPH_KLP_122.JPG,RPH,DAY-1,KLP,0,Klaster A
DAY-1_RPH_KLP_124.JPG,RPH,DAY-1,KLP,0,Klaster A
DAY-1_RPH_KLP_125.JPG,RPH,DAY-1,KLP,0,Klaster A
DAY-1_RPH_KLP_126.JPG,RPH,DAY-1,KLP,0,Klaster A
DAY-1_RPH_KLP_127.JPG,RPH,DAY-1,KLP,0,Klaster A
DAY-1_RPH_KLP_128.JPG,RPH,DAY-1,KLP,0,Klaster A
DAY-1_RPH_KLP_129.JPG,RPH,DAY-1,KLP,0,Klaster A
DAY-1_RPH_KLP_130.JPG,RPH,DAY-1,KLP,0,Klaster A
DAY-1_RPH_KLP_131.JPG,RPH,DAY-1,KLP,0,Klaster A
DAY-1_RPH_KLP_132.JPG,RPH,DAY-1,KLP,0,Klaster A
DAY-1_RPH_KLP_133.JPG,RPH,DAY-1,KLP,0,Klaster A
DAY-1_RPH_KLP_134.JPG,RPH,DAY-1,KLP,0,Klaster A
DAY-1_RPH_KLP_135.JPG,RPH,DAY-1,KLP,0,Klaster A
DAY-1_RPH_KLP_136.JPG,RPH,DAY-1,KLP,0,Klaster A
DAY-1_RPH_KLP_137.JPG,RPH,DAY-1,KLP,0,Klaster A
DAY-1_RPH_KLP_138.JPG,RPH,DAY-1,KLP,0,Klaster A
DAY-1_RPH_KLP_139.JPG,RPH,DAY-1,KLP,0,Klaster A
DAY-1_RPH_KLP_140.JPG,RPH,DAY-1,KLP,0,Klaster A
DAY-1_RPH_LMS_001.JPG,RPH,DAY-1,LMS,0,Klaster A
DAY-1_RPH_LMS_002.JPG,RPH,DAY-1,LMS,0,Klaster A
DAY-1_RPH_LMS_003.JPG,RPH,DAY-1,LMS,0,Klaster A
DAY-1_RPH_LMS_004.JPG,RPH,DAY-1,LMS,0,Klaster A
DAY-1_RPH_LMS_005.JPG,RPH,DAY-1,LMS,0,Klaster A
DAY-1_RPH_LMS_006.JPG,RPH,DAY-1,LMS,0,Klaster A
DAY-1_RPH_LMS_007.JPG,RPH,DAY-1,LMS,0,Klaster A
DAY-1_RPH_LMS_008.JPG,RPH,DAY-1,LMS,0,Klaster A
DAY-1_RPH_LMS_009.JPG,RPH,DAY-1,LMS,0,Klaster A
DAY-1_RPH_LMS_010.JPG,RPH,DAY-1,LMS,0,Klaster A
DAY-1_RPH_LMS_011.JPG,RPH,DAY-1,LMS,0,Klaster A
DAY-1_RPH_LMS_012.JPG,RPH,DAY-1,LMS,0,Klaster A
DAY-1_RPH_LMS_013.JPG,RPH,DAY-1,LMS,0,Klaster A
DAY-1_RPH_LMS_014.JPG,RPH,DAY-1,LMS,0,Klaster A
DAY-1_RPH_LMS_015.JPG,RPH,DAY-1,LMS,0,Klaster A
DAY-1_RPH_LMS_016.JPG,RPH,DAY-1,LMS,0,Klaster A
DAY-1_RPH_LMS_017.JPG,RPH,DAY-1,LMS,0,Klaster A
DAY-1_RPH_LMS_018.JPG,RPH,DAY-1,LMS,0,Klaster A
DAY-1_RPH_LMS_019.JPG,RPH,DAY-1,LMS,0,Klaster A
DAY-1_RPH_LMS_020.JPG,RPH,DAY-1,LMS,0,Klaster A
DAY-1_RPH_LMS_021.JPG,RPH,DAY-1,LMS,0,Klaster A
DAY-1_RPH_LMS_022.JPG,RPH,DAY-1,LMS,0,Klaster A
DAY-1_RPH_LMS_023.JPG,RPH,DAY-1,LMS,0,Klaster A
DAY-1_RPH_LMS_025.JPG,RPH,DAY-1,LMS,0,Klaster A
DAY-1_RPH_LMS_026.JPG,RPH,DAY-1,LMS,0,Klaster A
DAY-1_RPH_LMS_027.JPG,RPH,DAY-1,LMS,0,Klaster A
DAY-1_RPH_LMS_028.JPG,RPH,DAY-1,LMS,0,Klaster A
DAY-1_RPH_LMS_029.JPG,RPH,DAY-1,LMS,0,Klaster A
DAY-1_RPH_LMS_030.JPG,RPH,DAY-1,LMS,0,Klaster A
DAY-1_RPH_LMS_031.JPG,RPH,DAY-1,LMS,0,Klaster A
DAY-1_RPH_LMS_032.JPG,RPH,DAY-1,LMS,0,Klaster A
DAY-1_RPH_LMS_033.JPG,RPH,DAY-1,LMS,0,Klaster A
DAY-1_RPH_LMS_034.JPG,RPH,DAY-1,LMS,0,Klaster A
DAY-1_RPH_LMS_035.JPG,RPH,DAY-1,LMS,0,Klaster A
DAY-1_RPH_LMS_036.JPG,RPH,DAY-1,LMS,0,Klaster A
DAY-1_RPH_LMS_037.JPG,RPH,DAY-1,LMS,0,Klaster A
DAY-1_RPH_LMS_038.JPG,RPH,DAY-1,LMS,0,Klaster A
DAY-1_RPH_LMS_039.JPG,RPH,DAY-1,LMS,0,Klaster A
DAY-1_RPH_LMS_040.JPG,RPH,DAY-1,LMS,0,Klaster A
DAY-1_RPH_LMS_041.JPG,RPH,DAY-1,LMS,0,Klaster A
DAY-1_RPH_LMS_042.JPG,RPH,DAY-1,LMS,0,Klaster A
DAY-1_RPH_LMS_043.JPG,RPH,DAY-1,LMS,0,Klaster A
DAY-1_RPH_LMS_044.JPG,RPH,DAY-1,LMS,0,Klaster A
DAY-1_RPH_LMS_045.JPG,RPH,DAY-1,LMS,0,Klaster A
DAY-1_RPH_LMS_046.JPG,RPH,DAY-1,LMS,0,Klaster A
DAY-1_RPH_LMS_048.JPG,RPH,DAY-1,LMS,0,Klaster A
DAY-1_RPH_LMS_049.JPG,RPH,DAY-1,LMS,0,Klaster A
DAY-1_RPH_LMS_050.JPG,RPH,DAY-1,LMS,0,Klaster A
DAY-1_RPH_LMS_051.JPG,RPH,DAY-1,LMS,0,Klaster A
DAY-1_RPH_LMS_052.JPG,RPH,DAY-1,LMS,0,Klaster A
DAY-1_RPH_LMS_053.JPG,RPH,DAY-1,LMS,0,Klaster A
DAY-1_RPH_LMS_054.JPG,RPH,DAY-1,LMS,0,Klaster A
DAY-1_RPH_LMS_055.JPG,RPH,DAY-1,LMS,0,Klaster A
DAY-1_RPH_LMS_056.JPG,RPH,DAY-1,LMS,0,Klaster A
DAY-1_RPH_LMS_057.JPG,RPH,DAY-1,LMS,0,Klaster A
DAY-1_RPH_LMS_058.JPG,RPH,DAY-1,LMS,0,Klaster A
DAY-1_RPH_LMS_059.JPG,RPH,DAY-1,LMS,0,Klaster A
DAY-1_RPH_LMS_060.JPG,RPH,DAY-1,LMS,0,Klaster A
DAY-1_RPH_LMS_061.JPG,RPH,DAY-1,LMS,0,Klaster A
DAY-1_RPH_LMS_063.JPG,RPH,DAY-1,LMS,0,Klaster A
DAY-1_RPH_LMS_064.JPG,RPH,DAY-1,LMS,0,Klaster A
DAY-1_RPH_LMS_065.JPG,RPH,DAY-1,LMS,0,Klaster A
DAY-1_RPH_LMS_066.JPG,RPH,DAY-1,LMS,0,Klaster A
DAY-1_RPH_LMS_067.JPG,RPH,DAY-1,LMS,0,Klaster A
DAY-1_RPH_LMS_068.JPG,RPH,DAY-1,LMS,0,Klaster A
DAY-1_RPH_LMS_069.JPG,RPH,DAY-1,LMS,0,Klaster A
DAY-1_RPH_LMS_070.JPG,RPH,DAY-1,LMS,0,Klaster A
DAY-1_RPH_LMS_071.JPG,RPH,DAY-1,LMS,0,Klaster A
DAY-1_RPH_LMS_072.JPG,RPH,DAY-1,LMS,0,Klaster A
DAY-1_RPH_LMS_073.JPG,RPH,DAY-1,LMS,0,Klaster A
DAY-1_RPH_LMS_074.JPG,RPH,DAY-1,LMS,0,Klaster A
DAY-1_RPH_LMS_075.JPG,RPH,DAY-1,LMS,0,Klaster A
DAY-1_RPH_LMS_076.JPG,RPH,DAY-1,LMS,0,Klaster A
DAY-1_RPH_LMS_077.JPG,RPH,DAY-1,LMS,0,Klaster A
DAY-1_RPH_LMS_078.JPG,RPH,DAY-1,LMS,0,Klaster A
DAY-1_RPH_LMS_079.JPG,RPH,DAY-1,LMS,0,Klaster A
DAY-1_RPH_LMS_080.JPG,RPH,DAY-1,LMS,0,Klaster A
DAY-1_RPH_LMS_081.JPG,RPH,DAY-1,LMS,0,Klaster A
DAY-1_RPH_LMS_082.JPG,RPH,DAY-1,LMS,0,Klaster A
DAY-1_RPH_LMS_084.JPG,RPH,DAY-1,LMS,0,Klaster A
DAY-1_RPH_LMS_085.JPG,RPH,DAY-1,LMS,0,Klaster A
DAY-1_RPH_LMS_086.JPG,RPH,DAY-1,LMS,0,Klaster A
DAY-1_RPH_LMS_087.JPG,RPH,DAY-1,LMS,0,Klaster A
DAY-1_RPH_LMS_088.JPG,RPH,DAY-1,LMS,0,Klaster A
DAY-1_RPH_LMS_089.JPG,RPH,DAY-1,LMS,0,Klaster A
DAY-1_RPH_LMS_091.JPG,RPH,DAY-1,LMS,0,Klaster A
DAY-1_RPH_LMS_092.JPG,RPH,DAY-1,LMS,0,Klaster A
DAY-1_RPH_LMS_093.JPG,RPH,DAY-1,LMS,0,Klaster A
DAY-1_RPH_LMS_094.JPG,RPH,DAY-1,LMS,0,Klaster A
DAY-1_RPH_LMS_096.JPG,RPH,DAY-1,LMS,0,Klaster A
DAY-1_RPH_LMS_097.JPG,RPH,DAY-1,LMS,0,Klaster A
DAY-1_RPH_LMS_098.JPG,RPH,DAY-1,LMS,0,Klaster A
DAY-1_RPH_LMS_099.JPG,RPH,DAY-1,LMS,0,Klaster A
DAY-1_RPH_LMS_100.JPG,RPH,DAY-1,LMS,0,Klaster A
DAY-1_RPH_LMS_101.JPG,RPH,DAY-1,LMS,0,Klaster A
DAY-1_RPH_LMS_102.JPG,RPH,DAY-1,LMS,0,Klaster A
DAY-1_RPH_LMS_103.JPG,RPH,DAY-1,LMS,0,Klaster A
DAY-1_RPH_LMS_104.JPG,RPH,DAY-1,LMS,0,Klaster A
DAY-1_RPH_LMS_105.JPG,RPH,DAY-1,LMS,0,Klaster A
DAY-1_RPH_LMS_106.JPG,RPH,DAY-1,LMS,0,Klaster A
DAY-1_RPH_LMS_107.JPG,RPH,DAY-1,LMS,0,Klaster A
DAY-1_RPH_LMS_108.JPG,RPH,DAY-1,LMS,0,Klaster A
DAY-1_RPH_LMS_109.JPG,RPH,DAY-1,LMS,0,Klaster A
DAY-1_RPH_LMS_110.JPG,RPH,DAY-1,LMS,0,Klaster A
DAY-1_RPH_LMS_111.JPG,RPH,DAY-1,LMS,0,Klaster A
DAY-1_RPH_LMS_112.JPG,RPH,DAY-1,LMS,0,Klaster A
DAY-1_RPH_LMS_113.JPG,RPH,DAY-1,LMS,0,Klaster A
DAY-1_RPH_LMS_115.JPG,RPH,DAY-1,LMS,0,Klaster A
DAY-1_RPH_LMS_116.JPG,RPH,DAY-1,LMS,0,Klaster A
DAY-1_RPH_LMS_117.JPG,RPH,DAY-1,LMS,0,Klaster A
DAY-1_RPH_LMS_118.JPG,RPH,DAY-1,LMS,0,Klaster A
DAY-1_RPH_LMS_120.JPG,RPH,DAY-1,LMS,0,Klaster A
DAY-1_RPH_LMS_121.JPG,RPH,DAY-1,LMS,0,Klaster A
DAY-1_RPH_LMS_122.JPG,RPH,DAY-1,LMS,0,Klaster A
DAY-1_RPH_LMS_123.JPG,RPH,DAY-1,LMS,0,Klaster A
DAY-1_RPH_LMS_124.JPG,RPH,DAY-1,LMS,0,Klaster A
DAY-1_RPH_LMS_125.JPG,RPH,DAY-1,LMS,0,Klaster A
DAY-1_RPH_LMS_126.JPG,RPH,DAY-1,LMS,0,Klaster A
DAY-1_RPH_LMS_127.JPG,RPH,DAY-1,LMS,0,Klaster A
DAY-1_RPH_LMS_128.JPG,RPH,DAY-1,LMS,0,Klaster A
DAY-1_RPH_LMS_129.JPG,RPH,DAY-1,LMS,0,Klaster A
DAY-1_RPH_LMS_130.JPG,RPH,DAY-1,LMS,0,Klaster A
DAY-1_RPH_LMS_131.JPG,RPH,DAY-1,LMS,0,Klaster A
DAY-1_RPH_LMS_132.JPG,RPH,DAY-1,LMS,0,Klaster A
DAY-1_RPH_LMS_133.JPG,RPH,DAY-1,LMS,0,Klaster A
DAY-1_RPH_LMS_134.JPG,RPH,DAY-1,LMS,0,Klaster A
DAY-1_RPH_LMS_135.JPG,RPH,DAY-1,LMS,0,Klaster A
DAY-1_RPH_LMS_136.JPG,RPH,DAY-1,LMS,0,Klaster A
DAY-1_RPH_LMS_137.JPG,RPH,DAY-1,LMS,0,Klaster A
DAY-1_RPH_LMS_138.JPG,RPH,DAY-1,LMS,0,Klaster A
DAY-1_RPH_LMS_139.JPG,RPH,DAY-1,LMS,0,Klaster A
DAY-1_RPH_LMS_140.JPG,RPH,DAY-1,LMS,0,Klaster A
DAY-1_UMKM_PDS_001.JPG,UMKM,DAY-1,PDS,0,Klaster A
DAY-1_UMKM_PDS_002.JPG,UMKM,DAY-1,PDS,0,Klaster A
DAY-1_UMKM_PDS_003.JPG,UMKM,DAY-1,PDS,0,Klaster A
DAY-1_UMKM_PDS_004.JPG,UMKM,DAY-1,PDS,0,Klaster A
DAY-1_UMKM_PDS_005.JPG,UMKM,DAY-1,PDS,0,Klaster A
DAY-1_UMKM_PDS_006.JPG,UMKM,DAY-1,PDS,0,Klaster A
DAY-1_UMKM_PDS_007.JPG,UMKM,DAY-1,PDS,0,Klaster A
DAY-1_UMKM_PDS_008.JPG,UMKM,DAY-1,PDS,0,Klaster A
DAY-1_UMKM_PDS_009.JPG,UMKM,DAY-1,PDS,0,Klaster A
DAY-1_UMKM_PDS_010.JPG,UMKM,DAY-1,PDS,0,Klaster A
DAY-1_UMKM_PDS_011.JPG,UMKM,DAY-1,PDS,0,Klaster A
DAY-1_UMKM_PDS_012.JPG,UMKM,DAY-1,PDS,0,Klaster A
DAY-1_UMKM_PDS_013.JPG,UMKM,DAY-1,PDS,0,Klaster A
DAY-1_UMKM_PDS_014.JPG,UMKM,DAY-1,PDS,0,Klaster A
DAY-1_UMKM_PDS_015.JPG,UMKM,DAY-1,PDS,0,Klaster A
DAY-1_UMKM_PDS_016.JPG,UMKM,DAY-1,PDS,0,Klaster A
DAY-1_UMKM_PDS_017.JPG,UMKM,DAY-1,PDS,0,Klaster A
DAY-1_UMKM_PDS_018.JPG,UMKM,DAY-1,PDS,0,Klaster A
DAY-1_UMKM_PDS_019.JPG,UMKM,DAY-1,PDS,0,Klaster A
DAY-1_UMKM_PDS_020.JPG,UMKM,DAY-1,PDS,0,Klaster A
DAY-1_UMKM_PDS_021.JPG,UMKM,DAY-1,PDS,0,Klaster A
DAY-1_UMKM_PDS_022.JPG,UMKM,DAY-1,PDS,0,Klaster A
DAY-1_UMKM_PDS_023.JPG,UMKM,DAY-1,PDS,0,Klaster A
DAY-1_UMKM_PDS_024.JPG,UMKM,DAY-1,PDS,0,Klaster A
DAY-1_UMKM_PDS_025.JPG,UMKM,DAY-1,PDS,0,Klaster A
DAY-1_UMKM_PDS_026.JPG,UMKM,DAY-1,PDS,0,Klaster A
DAY-1_UMKM_PDS_027.JPG,UMKM,DAY-1,PDS,0,Klaster A
DAY-1_UMKM_PDS_028.JPG,UMKM,DAY-1,PDS,0,Klaster A
DAY-1_UMKM_PDS_029.JPG,UMKM,DAY-1,PDS,0,Klaster A
DAY-1_UMKM_PDS_030.JPG,UMKM,DAY-1,PDS,0,Klaster A
DAY-1_UMKM_PDS_031.JPG,UMKM,DAY-1,PDS,0,Klaster A
DAY-1_UMKM_PDS_032.JPG,UMKM,DAY-1,PDS,0,Klaster A
DAY-1_UMKM_PDS_033.JPG,UMKM,DAY-1,PDS,0,Klaster A
DAY-1_UMKM_PDS_034.JPG,UMKM,DAY-1,PDS,0,Klaster A
DAY-1_UMKM_PDS_035.JPG,UMKM,DAY-1,PDS,0,Klaster A
DAY-1_UMKM_PDS_036.JPG,UMKM,DAY-1,PDS,0,Klaster A
DAY-1_UMKM_PDS_037.JPG,UMKM,DAY-1,PDS,0,Klaster A
DAY-1_UMKM_PDS_038.JPG,UMKM,DAY-1,PDS,0,Klaster A
DAY-1_UMKM_PDS_039.JPG,UMKM,DAY-1,PDS,0,Klaster A
DAY-1_UMKM_PDS_040.JPG,UMKM,DAY-1,PDS,0,Klaster A
DAY-1_UMKM_PDS_041.JPG,UMKM,DAY-1,PDS,0,Klaster A
DAY-1_UMKM_PDS_042.JPG,UMKM,DAY-1,PDS,0,Klaster A
DAY-1_UMKM_PDS_043.JPG,UMKM,DAY-1,PDS,0,Klaster A
DAY-1_UMKM_PDS_044.JPG,UMKM,DAY-1,PDS,0,Klaster A
DAY-1_UMKM_PDS_045.JPG,UMKM,DAY-1,PDS,0,Klaster A
DAY-1_UMKM_PDS_046.JPG,UMKM,DAY-1,PDS,0,Klaster A
DAY-1_UMKM_PDS_047.JPG,UMKM,DAY-1,PDS,0,Klaster A
DAY-1_UMKM_PDS_048.JPG,UMKM,DAY-1,PDS,0,Klaster A
DAY-1_UMKM_PDS_049.JPG,UMKM,DAY-1,PDS,0,Klaster A
DAY-1_UMKM_PDS_050.JPG,UMKM,DAY-1,PDS,0,Klaster A
DAY-1_UMKM_PDS_051.JPG,UMKM,DAY-1,PDS,0,Klaster A
DAY-1_UMKM_PDS_052.JPG,UMKM,DAY-1,PDS,0,Klaster A
DAY-1_UMKM_PDS_053.JPG,UMKM,DAY-1,PDS,0,Klaster A
DAY-1_UMKM_PDS_054.JPG,UMKM,DAY-1,PDS,0,Klaster A
DAY-1_UMKM_PDS_055.JPG,UMKM,DAY-1,PDS,0,Klaster A
DAY-1_UMKM_PDS_056.JPG,UMKM,DAY-1,PDS,0,Klaster A
DAY-1_UMKM_PDS_057.JPG,UMKM,DAY-1,PDS,0,Klaster A
DAY-1_UMKM_PDS_058.JPG,UMKM,DAY-1,PDS,0,Klaster A
DAY-1_UMKM_PDS_059.JPG,UMKM,DAY-1,PDS,0,Klaster A
DAY-1_UMKM_PDS_060.JPG,UMKM,DAY-1,PDS,0,Klaster A
DAY-1_UMKM_PDS_061.JPG,UMKM,DAY-1,PDS,0,Klaster A
DAY-1_UMKM_PDS_062.JPG,UMKM,DAY-1,PDS,0,Klaster A
DAY-1_UMKM_PDS_063.JPG,UMKM,DAY-1,PDS,0,Klaster A
DAY-1_UMKM_PDS_064.JPG,UMKM,DAY-1,PDS,0,Klaster A
DAY-1_UMKM_PDS_065.JPG,UMKM,DAY-1,PDS,0,Klaster A
DAY-1_UMKM_PDS_066.JPG,UMKM,DAY-1,PDS,0,Klaster A
DAY-1_UMKM_PDS_067.JPG,UMKM,DAY-1,PDS,0,Klaster A
DAY-1_UMKM_PDS_068.JPG,UMKM,DAY-1,PDS,0,Klaster A
DAY-1_UMKM_PDS_069.JPG,UMKM,DAY-1,PDS,0,Klaster A
DAY-1_UMKM_PDS_070.JPG,UMKM,DAY-1,PDS,0,Klaster A
DAY-1_UMKM_PDS_071.JPG,UMKM,DAY-1,PDS,0,Klaster A
DAY-1_UMKM_PDS_072.JPG,UMKM,DAY-1,PDS,0,Klaster A
DAY-1_UMKM_PDS_073.JPG,UMKM,DAY-1,PDS,0,Klaster A
DAY-1_UMKM_PDS_074.JPG,UMKM,DAY-1,PDS,0,Klaster A
DAY-1_UMKM_PDS_075.JPG,UMKM,DAY-1,PDS,0,Klaster A
DAY-1_UMKM_PDS_076.JPG,UMKM,DAY-1,PDS,0,Klaster A
DAY-1_UMKM_PDS_077.JPG,UMKM,DAY-1,PDS,0,Klaster A
DAY-1_UMKM_PDS_078.JPG,UMKM,DAY-1,PDS,0,Klaster A
DAY-1_UMKM_PDS_079.JPG,UMKM,DAY-1,PDS,0,Klaster A
DAY-1_UMKM_PDS_080.JPG,UMKM,DAY-1,PDS,0,Klaster A
DAY-1_UMKM_PDS_081.JPG,UMKM,DAY-1,PDS,0,Klaster A
DAY-1_UMKM_PDS_082.JPG,UMKM,DAY-1,PDS,0,Klaster A
DAY-1_UMKM_PDS_083.JPG,UMKM,DAY-1,PDS,0,Klaster A
DAY-1_UMKM_PDS_084.JPG,UMKM,DAY-1,PDS,0,Klaster A
DAY-1_UMKM_PDS_085.JPG,UMKM,DAY-1,PDS,0,Klaster A
DAY-1_UMKM_PDS_086.JPG,UMKM,DAY-1,PDS,0,Klaster A
DAY-1_UMKM_PDS_087.JPG,UMKM,DAY-1,PDS,0,Klaster A
DAY-1_UMKM_PDS_088.JPG,UMKM,DAY-1,PDS,0,Klaster A
DAY-1_UMKM_PDS_089.JPG,UMKM,DAY-1,PDS,0,Klaster A
DAY-1_UMKM_PDS_090.JPG,UMKM,DAY-1,PDS,0,Klaster A
DAY-1_UMKM_PDS_091.JPG,UMKM,DAY-1,PDS,0,Klaster A
DAY-1_UMKM_PDS_092.JPG,UMKM,DAY-1,PDS,0,Klaster A
DAY-1_UMKM_PDS_093.JPG,UMKM,DAY-1,PDS,0,Klaster A
DAY-1_UMKM_PDS_094.JPG,UMKM,DAY-1,PDS,0,Klaster A
DAY-1_UMKM_PDS_095.JPG,UMKM,DAY-1,PDS,0,Klaster A
DAY-1_UMKM_PDS_096.JPG,UMKM,DAY-1,PDS,0,Klaster A
DAY-1_UMKM_PDS_097.JPG,UMKM,DAY-1,PDS,0,Klaster A
DAY-1_UMKM_PDS_098.JPG,UMKM,DAY-1,PDS,0,Klaster A
DAY-1_UMKM_PDS_099.JPG,UMKM,DAY-1,PDS,0,Klaster A
DAY-1_UMKM_PDS_100.JPG,UMKM,DAY-1,PDS,0,Klaster A
DAY-1_UMKM_PDS_101.JPG,UMKM,DAY-1,PDS,0,Klaster A
DAY-1_UMKM_PDS_102.JPG,UMKM,DAY-1,PDS,0,Klaster A
DAY-1_UMKM_PDS_103.JPG,UMKM,DAY-1,PDS,0,Klaster A
DAY-1_UMKM_PDS_104.JPG,UMKM,DAY-1,PDS,0,Klaster A
DAY-1_UMKM_PDS_105.JPG,UMKM,DAY-1,PDS,0,Klaster A
DAY-1_UMKM_PDS_106.JPG,UMKM,DAY-1,PDS,0,Klaster A
DAY-1_UMKM_PDS_107.JPG,UMKM,DAY-1,PDS,0,Klaster A
DAY-1_UMKM_PDS_108.JPG,UMKM,DAY-1,PDS,0,Klaster A
DAY-1_UMKM_PDS_109.JPG,UMKM,DAY-1,PDS,0,Klaster A
DAY-1_UMKM_PDS_110.JPG,UMKM,DAY-1,PDS,0,Klaster A
DAY-1_UMKM_PDS_111.JPG,UMKM,DAY-1,PDS,0,Klaster A
DAY-1_UMKM_PDS_112.JPG,UMKM,DAY-1,PDS,0,Klaster A
DAY-1_UMKM_PDS_113.JPG,UMKM,DAY-1,PDS,0,Klaster A
DAY-1_UMKM_PDS_114.JPG,UMKM,DAY-1,PDS,0,Klaster A
DAY-1_UMKM_PDS_115.JPG,UMKM,DAY-1,PDS,0,Klaster A
DAY-1_UMKM_PDS_116.JPG,UMKM,DAY-1,PDS,0,Klaster A
DAY-1_UMKM_PDS_117.JPG,UMKM,DAY-1,PDS,0,Klaster A
DAY-1_UMKM_PDS_118.JPG,UMKM,DAY-1,PDS,0,Klaster A
DAY-1_UMKM_PDS_119.JPG,UMKM,DAY-1,PDS,0,Klaster A
DAY-1_UMKM_PDS_120.JPG,UMKM,DAY-1,PDS,0,Klaster A
DAY-1_UMKM_PDS_121.JPG,UMKM,DAY-1,PDS,0,Klaster A
DAY-1_UMKM_PDS_122.JPG,UMKM,DAY-1,PDS,0,Klaster A
DAY-1_UMKM_PDS_123.JPG,UMKM,DAY-1,PDS,0,Klaster A
DAY-1_UMKM_PDS_124.JPG,UMKM,DAY-1,PDS,0,Klaster A
DAY-1_UMKM_PDS_125.JPG,UMKM,DAY-1,PDS,0,Klaster A
DAY-1_UMKM_PDS_126.JPG,UMKM,DAY-1,PDS,0,Klaster A
DAY-1_UMKM_PDS_127.JPG,UMKM,DAY-1,PDS,0,Klaster A
DAY-1_UMKM_PDS_128.JPG,UMKM,DAY-1,PDS,0,Klaster A
DAY-1_UMKM_PDS_129.JPG,UMKM,DAY-1,PDS,0,Klaster A
DAY-1_UMKM_PDS_130.JPG,UMKM,DAY-1,PDS,0,Klaster A
DAY-1_UMKM_PDS_131.JPG,UMKM,DAY-1,PDS,0,Klaster A
DAY-1_UMKM_PDS_132.JPG,UMKM,DAY-1,PDS,0,Klaster A
DAY-1_UMKM_PDS_133.JPG,UMKM,DAY-1,PDS,0,Klaster A
DAY-1_UMKM_PDS_134.JPG,UMKM,DAY-1,PDS,0,Klaster A
DAY-1_UMKM_PDS_135.JPG,UMKM,DAY-1,PDS,0,Klaster A
DAY-1_UMKM_PDS_136.JPG,UMKM,DAY-1,PDS,0,Klaster A
DAY-1_UMKM_PDS_137.JPG,UMKM,DAY-1,PDS,0,Klaster A
DAY-1_UMKM_PDS_138.JPG,UMKM,DAY-1,PDS,0,Klaster A
DAY-1_UMKM_PDS_139.JPG,UMKM,DAY-1,PDS,0,Klaster A
DAY-1_UMKM_PDS_140.JPG,UMKM,DAY-1,PDS,0,Klaster A
DAY-1_UMKM_PNT_001.JPG,UMKM,DAY-1,PNT,0,Klaster A
DAY-1_UMKM_PNT_002.JPG,UMKM,DAY-1,PNT,0,Klaster A
DAY-1_UMKM_PNT_003.JPG,UMKM,DAY-1,PNT,0,Klaster A
DAY-1_UMKM_PNT_004.JPG,UMKM,DAY-1,PNT,0,Klaster A
DAY-1_UMKM_PNT_005.JPG,UMKM,DAY-1,PNT,0,Klaster A
DAY-1_UMKM_PNT_006.JPG,UMKM,DAY-1,PNT,0,Klaster A
DAY-1_UMKM_PNT_007.JPG,UMKM,DAY-1,PNT,0,Klaster A
DAY-1_UMKM_PNT_008.JPG,UMKM,DAY-1,PNT,0,Klaster A
DAY-1_UMKM_PNT_009.JPG,UMKM,DAY-1,PNT,0,Klaster A
DAY-1_UMKM_PNT_010.JPG,UMKM,DAY-1,PNT,0,Klaster A
DAY-1_UMKM_PNT_011.JPG,UMKM,DAY-1,PNT,0,Klaster A
DAY-1_UMKM_PNT_013.JPG,UMKM,DAY-1,PNT,0,Klaster A
DAY-1_UMKM_PNT_014.JPG,UMKM,DAY-1,PNT,0,Klaster A
DAY-1_UMKM_PNT_015.JPG,UMKM,DAY-1,PNT,0,Klaster A
DAY-1_UMKM_PNT_016.JPG,UMKM,DAY-1,PNT,0,Klaster A
DAY-1_UMKM_PNT_017.JPG,UMKM,DAY-1,PNT,0,Klaster A
DAY-1_UMKM_PNT_018.JPG,UMKM,DAY-1,PNT,0,Klaster A
DAY-1_UMKM_PNT_019.JPG,UMKM,DAY-1,PNT,0,Klaster A
DAY-1_UMKM_PNT_020.JPG,UMKM,DAY-1,PNT,0,Klaster A
DAY-1_UMKM_PNT_021.JPG,UMKM,DAY-1,PNT,0,Klaster A
DAY-1_UMKM_PNT_022.JPG,UMKM,DAY-1,PNT,0,Klaster A
DAY-1_UMKM_PNT_023.JPG,UMKM,DAY-1,PNT,0,Klaster A
DAY-1_UMKM_PNT_024.JPG,UMKM,DAY-1,PNT,0,Klaster A
DAY-1_UMKM_PNT_025.JPG,UMKM,DAY-1,PNT,0,Klaster A
DAY-1_UMKM_PNT_026.JPG,UMKM,DAY-1,PNT,0,Klaster A
DAY-1_UMKM_PNT_027.JPG,UMKM,DAY-1,PNT,0,Klaster A
DAY-1_UMKM_PNT_028.JPG,UMKM,DAY-1,PNT,0,Klaster A
DAY-1_UMKM_PNT_029.JPG,UMKM,DAY-1,PNT,0,Klaster A
DAY-1_UMKM_PNT_030.JPG,UMKM,DAY-1,PNT,0,Klaster A
DAY-1_UMKM_PNT_031.JPG,UMKM,DAY-1,PNT,0,Klaster A
DAY-1_UMKM_PNT_032.JPG,UMKM,DAY-1,PNT,0,Klaster A
DAY-1_UMKM_PNT_033.JPG,UMKM,DAY-1,PNT,0,Klaster A
DAY-1_UMKM_PNT_034.JPG,UMKM,DAY-1,PNT,0,Klaster A
DAY-1_UMKM_PNT_035.JPG,UMKM,DAY-1,PNT,0,Klaster A
DAY-1_UMKM_PNT_036.JPG,UMKM,DAY-1,PNT,0,Klaster A
DAY-1_UMKM_PNT_037.JPG,UMKM,DAY-1,PNT,0,Klaster A
DAY-1_UMKM_PNT_038.JPG,UMKM,DAY-1,PNT,0,Klaster A
DAY-1_UMKM_PNT_039.JPG,UMKM,DAY-1,PNT,0,Klaster A
DAY-1_UMKM_PNT_040.JPG,UMKM,DAY-1,PNT,0,Klaster A
DAY-1_UMKM_PNT_041.JPG,UMKM,DAY-1,PNT,0,Klaster A
DAY-1_UMKM_PNT_042.JPG,UMKM,DAY-1,PNT,0,Klaster A
DAY-1_UMKM_PNT_043.JPG,UMKM,DAY-1,PNT,0,Klaster A
DAY-1_UMKM_PNT_044.JPG,UMKM,DAY-1,PNT,0,Klaster A
DAY-1_UMKM_PNT_045.JPG,UMKM,DAY-1,PNT,0,Klaster A
DAY-1_UMKM_PNT_046.JPG,UMKM,DAY-1,PNT,0,Klaster A
DAY-1_UMKM_PNT_047.JPG,UMKM,DAY-1,PNT,0,Klaster A
DAY-1_UMKM_PNT_048.JPG,UMKM,DAY-1,PNT,0,Klaster A
DAY-1_UMKM_PNT_049.JPG,UMKM,DAY-1,PNT,0,Klaster A
DAY-1_UMKM_PNT_050.JPG,UMKM,DAY-1,PNT,0,Klaster A
DAY-1_UMKM_PNT_051.JPG,UMKM,DAY-1,PNT,0,Klaster A
DAY-1_UMKM_PNT_052.JPG,UMKM,DAY-1,PNT,0,Klaster A
DAY-1_UMKM_PNT_053.JPG,UMKM,DAY-1,PNT,0,Klaster A
DAY-1_UMKM_PNT_054.JPG,UMKM,DAY-1,PNT,0,Klaster A
DAY-1_UMKM_PNT_055.JPG,UMKM,DAY-1,PNT,0,Klaster A
DAY-1_UMKM_PNT_056.JPG,UMKM,DAY-1,PNT,0,Klaster A
DAY-1_UMKM_PNT_057.JPG,UMKM,DAY-1,PNT,0,Klaster A
DAY-1_UMKM_PNT_058.JPG,UMKM,DAY-1,PNT,0,Klaster A
DAY-1_UMKM_PNT_059.JPG,UMKM,DAY-1,PNT,0,Klaster A
DAY-1_UMKM_PNT_060.JPG,UMKM,DAY-1,PNT,0,Klaster A
DAY-1_UMKM_PNT_061.JPG,UMKM,DAY-1,PNT,0,Klaster A
DAY-1_UMKM_PNT_062.JPG,UMKM,DAY-1,PNT,0,Klaster A
DAY-1_UMKM_PNT_063.JPG,UMKM,DAY-1,PNT,0,Klaster A
DAY-1_UMKM_PNT_064.JPG,UMKM,DAY-1,PNT,0,Klaster A
DAY-1_UMKM_PNT_065.JPG,UMKM,DAY-1,PNT,0,Klaster A
DAY-1_UMKM_PNT_066.JPG,UMKM,DAY-1,PNT,0,Klaster A
DAY-1_UMKM_PNT_067.JPG,UMKM,DAY-1,PNT,0,Klaster A
DAY-1_UMKM_PNT_068.JPG,UMKM,DAY-1,PNT,0,Klaster A
DAY-1_UMKM_PNT_069.JPG,UMKM,DAY-1,PNT,0,Klaster A
DAY-1_UMKM_PNT_070.JPG,UMKM,DAY-1,PNT,0,Klaster A
DAY-1_UMKM_PNT_071.JPG,UMKM,DAY-1,PNT,0,Klaster A
DAY-1_UMKM_PNT_072.JPG,UMKM,DAY-1,PNT,0,Klaster A
DAY-1_UMKM_PNT_073.JPG,UMKM,DAY-1,PNT,0,Klaster A
DAY-1_UMKM_PNT_074.JPG,UMKM,DAY-1,PNT,0,Klaster A
DAY-1_UMKM_PNT_075.JPG,UMKM,DAY-1,PNT,0,Klaster A
DAY-1_UMKM_PNT_076.JPG,UMKM,DAY-1,PNT,0,Klaster A
DAY-1_UMKM_PNT_077.JPG,UMKM,DAY-1,PNT,0,Klaster A
DAY-1_UMKM_PNT_078.JPG,UMKM,DAY-1,PNT,0,Klaster A
DAY-1_UMKM_PNT_079.JPG,UMKM,DAY-1,PNT,0,Klaster A
DAY-1_UMKM_PNT_080.JPG,UMKM,DAY-1,PNT,0,Klaster A
DAY-1_UMKM_PNT_081.JPG,UMKM,DAY-1,PNT,0,Klaster A
DAY-1_UMKM_PNT_082.JPG,UMKM,DAY-1,PNT,0,Klaster A
DAY-1_UMKM_PNT_083.JPG,UMKM,DAY-1,PNT,0,Klaster A
DAY-1_UMKM_PNT_084.JPG,UMKM,DAY-1,PNT,0,Klaster A
DAY-1_UMKM_PNT_085.JPG,UMKM,DAY-1,PNT,0,Klaster A
DAY-1_UMKM_PNT_086.JPG,UMKM,DAY-1,PNT,0,Klaster A
DAY-1_UMKM_PNT_087.JPG,UMKM,DAY-1,PNT,0,Klaster A
DAY-1_UMKM_PNT_088.JPG,UMKM,DAY-1,PNT,0,Klaster A
DAY-1_UMKM_PNT_089.JPG,UMKM,DAY-1,PNT,0,Klaster A
DAY-1_UMKM_PNT_090.JPG,UMKM,DAY-1,PNT,0,Klaster A
DAY-1_UMKM_PNT_091.JPG,UMKM,DAY-1,PNT,0,Klaster A
DAY-1_UMKM_PNT_092.JPG,UMKM,DAY-1,PNT,0,Klaster A
DAY-1_UMKM_PNT_093.JPG,UMKM,DAY-1,PNT,0,Klaster A
DAY-1_UMKM_PNT_094.JPG,UMKM,DAY-1,PNT,0,Klaster A
DAY-1_UMKM_PNT_095.JPG,UMKM,DAY-1,PNT,0,Klaster A
DAY-1_UMKM_PNT_096.JPG,UMKM,DAY-1,PNT,0,Klaster A
DAY-1_UMKM_PNT_097.JPG,UMKM,DAY-1,PNT,0,Klaster A
DAY-1_UMKM_PNT_098.JPG,UMKM,DAY-1,PNT,0,Klaster A
DAY-1_UMKM_PNT_099.JPG,UMKM,DAY-1,PNT,0,Klaster A
DAY-1_UMKM_PNT_100.JPG,UMKM,DAY-1,PNT,0,Klaster A
DAY-1_UMKM_PNT_101.JPG,UMKM,DAY-1,PNT,0,Klaster A
DAY-1_UMKM_PNT_102.JPG,UMKM,DAY-1,PNT,0,Klaster A
DAY-1_UMKM_PNT_103.JPG,UMKM,DAY-1,PNT,0,Klaster A
DAY-1_UMKM_PNT_104.JPG,UMKM,DAY-1,PNT,0,Klaster A
DAY-1_UMKM_PNT_105.JPG,UMKM,DAY-1,PNT,0,Klaster A
DAY-1_UMKM_PNT_106.JPG,UMKM,DAY-1,PNT,0,Klaster A
DAY-1_UMKM_PNT_107.JPG,UMKM,DAY-1,PNT,0,Klaster A
DAY-1_UMKM_PNT_108.JPG,UMKM,DAY-1,PNT,0,Klaster A
DAY-1_UMKM_PNT_109.JPG,UMKM,DAY-1,PNT,0,Klaster A
DAY-1_UMKM_PNT_110.JPG,UMKM,DAY-1,PNT,0,Klaster A
DAY-1_UMKM_PNT_111.JPG,UMKM,DAY-1,PNT,0,Klaster A
DAY-1_UMKM_PNT_112.JPG,UMKM,DAY-1,PNT,0,Klaster A
DAY-1_UMKM_PNT_113.JPG,UMKM,DAY-1,PNT,0,Klaster A
DAY-1_UMKM_PNT_114.JPG,UMKM,DAY-1,PNT,0,Klaster A
DAY-1_UMKM_PNT_115.JPG,UMKM,DAY-1,PNT,0,Klaster A
DAY-1_UMKM_PNT_116.JPG,UMKM,DAY-1,PNT,0,Klaster A
DAY-1_UMKM_PNT_117.JPG,UMKM,DAY-1,PNT,0,Klaster A
DAY-1_UMKM_PNT_118.JPG,UMKM,DAY-1,PNT,0,Klaster A
DAY-1_UMKM_PNT_119.JPG,UMKM,DAY-1,PNT,0,Klaster A
DAY-1_UMKM_PNT_120.JPG,UMKM,DAY-1,PNT,0,Klaster A
DAY-1_UMKM_PNT_121.JPG,UMKM,DAY-1,PNT,0,Klaster A
DAY-1_UMKM_PNT_122.JPG,UMKM,DAY-1,PNT,0,Klaster A
DAY-1_UMKM_PNT_123.JPG,UMKM,DAY-1,PNT,0,Klaster A
DAY-1_UMKM_PNT_124.JPG,UMKM,DAY-1,PNT,0,Klaster A
DAY-1_UMKM_PNT_125.JPG,UMKM,DAY-1,PNT,0,Klaster A
DAY-1_UMKM_PNT_126.JPG,UMKM,DAY-1,PNT,0,Klaster A
DAY-1_UMKM_PNT_127.JPG,UMKM,DAY-1,PNT,0,Klaster A
DAY-1_UMKM_PNT_128.JPG,UMKM,DAY-1,PNT,0,Klaster A
DAY-1_UMKM_PNT_129.JPG,UMKM,DAY-1,PNT,0,Klaster A
DAY-1_UMKM_PNT_130.JPG,UMKM,DAY-1,PNT,0,Klaster A
DAY-1_UMKM_PNT_131.JPG,UMKM,DAY-1,PNT,0,Klaster A
DAY-1_UMKM_PNT_132.JPG,UMKM,DAY-1,PNT,0,Klaster A
DAY-1_UMKM_PNT_133.JPG,UMKM,DAY-1,PNT,0,Klaster A
DAY-1_UMKM_PNT_134.JPG,UMKM,DAY-1,PNT,0,Klaster A
DAY-1_UMKM_PNT_135.JPG,UMKM,DAY-1,PNT,0,Klaster A
DAY-1_UMKM_PNT_136.JPG,UMKM,DAY-1,PNT,0,Klaster A
DAY-1_UMKM_PNT_137.JPG,UMKM,DAY-1,PNT,0,Klaster A
DAY-1_UMKM_PNT_138.JPG,UMKM,DAY-1,PNT,0,Klaster A
DAY-1_UMKM_PNT_139.JPG,UMKM,DAY-1,PNT,0,Klaster A
DAY-1_UMKM_PNT_140.JPG,UMKM,DAY-1,PNT,0,Klaster A
DAY-1_UMKM_SDL_001.JPG,UMKM,DAY-1,SDL,0,Klaster A
DAY-1_UMKM_SDL_002.JPG,UMKM,DAY-1,SDL,0,Klaster A
DAY-1_UMKM_SDL_003.JPG,UMKM,DAY-1,SDL,0,Klaster A
DAY-1_UMKM_SDL_004.JPG,UMKM,DAY-1,SDL,0,Klaster A
DAY-1_UMKM_SDL_005.JPG,UMKM,DAY-1,SDL,0,Klaster A
DAY-1_UMKM_SDL_006.JPG,UMKM,DAY-1,SDL,0,Klaster A
DAY-1_UMKM_SDL_007.JPG,UMKM,DAY-1,SDL,0,Klaster A
DAY-1_UMKM_SDL_008.JPG,UMKM,DAY-1,SDL,0,Klaster A
DAY-1_UMKM_SDL_010.JPG,UMKM,DAY-1,SDL,0,Klaster A
DAY-1_UMKM_SDL_011.JPG,UMKM,DAY-1,SDL,0,Klaster A
DAY-1_UMKM_SDL_012.JPG,UMKM,DAY-1,SDL,0,Klaster A
DAY-1_UMKM_SDL_013.JPG,UMKM,DAY-1,SDL,0,Klaster A
DAY-1_UMKM_SDL_014.JPG,UMKM,DAY-1,SDL,0,Klaster A
DAY-1_UMKM_SDL_015.JPG,UMKM,DAY-1,SDL,0,Klaster A
DAY-1_UMKM_SDL_016.JPG,UMKM,DAY-1,SDL,0,Klaster A
DAY-1_UMKM_SDL_017.JPG,UMKM,DAY-1,SDL,0,Klaster A
DAY-1_UMKM_SDL_018.JPG,UMKM,DAY-1,SDL,0,Klaster A
DAY-1_UMKM_SDL_019.JPG,UMKM,DAY-1,SDL,0,Klaster A
DAY-1_UMKM_SDL_020.JPG,UMKM,DAY-1,SDL,0,Klaster A
DAY-1_UMKM_SDL_021.JPG,UMKM,DAY-1,SDL,0,Klaster A
DAY-1_UMKM_SDL_022.JPG,UMKM,DAY-1,SDL,0,Klaster A
DAY-1_UMKM_SDL_023.JPG,UMKM,DAY-1,SDL,0,Klaster A
DAY-1_UMKM_SDL_024.JPG,UMKM,DAY-1,SDL,0,Klaster A
DAY-1_UMKM_SDL_025.JPG,UMKM,DAY-1,SDL,0,Klaster A
DAY-1_UMKM_SDL_026.JPG,UMKM,DAY-1,SDL,0,Klaster A
DAY-1_UMKM_SDL_027.JPG,UMKM,DAY-1,SDL,0,Klaster A
DAY-1_UMKM_SDL_028.JPG,UMKM,DAY-1,SDL,0,Klaster A
DAY-1_UMKM_SDL_029.JPG,UMKM,DAY-1,SDL,0,Klaster A
DAY-1_UMKM_SDL_030.JPG,UMKM,DAY-1,SDL,0,Klaster A
DAY-1_UMKM_SDL_031.JPG,UMKM,DAY-1,SDL,0,Klaster A
DAY-1_UMKM_SDL_032.JPG,UMKM,DAY-1,SDL,0,Klaster A
DAY-1_UMKM_SDL_033.JPG,UMKM,DAY-1,SDL,0,Klaster A
DAY-1_UMKM_SDL_034.JPG,UMKM,DAY-1,SDL,0,Klaster A
DAY-1_UMKM_SDL_035.JPG,UMKM,DAY-1,SDL,0,Klaster A
DAY-1_UMKM_SDL_036.JPG,UMKM,DAY-1,SDL,0,Klaster A
DAY-1_UMKM_SDL_037.JPG,UMKM,DAY-1,SDL,0,Klaster A
DAY-1_UMKM_SDL_038.JPG,UMKM,DAY-1,SDL,0,Klaster A
DAY-1_UMKM_SDL_039.JPG,UMKM,DAY-1,SDL,0,Klaster A
DAY-1_UMKM_SDL_040.JPG,UMKM,DAY-1,SDL,0,Klaster A
DAY-1_UMKM_SDL_041.JPG,UMKM,DAY-1,SDL,0,Klaster A
DAY-1_UMKM_SDL_042.JPG,UMKM,DAY-1,SDL,0,Klaster A
DAY-1_UMKM_SDL_043.JPG,UMKM,DAY-1,SDL,0,Klaster A
DAY-1_UMKM_SDL_044.JPG,UMKM,DAY-1,SDL,0,Klaster A
DAY-1_UMKM_SDL_045.JPG,UMKM,DAY-1,SDL,0,Klaster A
DAY-1_UMKM_SDL_046.JPG,UMKM,DAY-1,SDL,0,Klaster A
DAY-1_UMKM_SDL_047.JPG,UMKM,DAY-1,SDL,0,Klaster A
DAY-1_UMKM_SDL_048.JPG,UMKM,DAY-1,SDL,0,Klaster A
DAY-1_UMKM_SDL_049.JPG,UMKM,DAY-1,SDL,0,Klaster A
DAY-1_UMKM_SDL_050.JPG,UMKM,DAY-1,SDL,0,Klaster A
DAY-1_UMKM_SDL_051.JPG,UMKM,DAY-1,SDL,0,Klaster A
DAY-1_UMKM_SDL_052.JPG,UMKM,DAY-1,SDL,0,Klaster A
DAY-1_UMKM_SDL_053.JPG,UMKM,DAY-1,SDL,0,Klaster A
DAY-1_UMKM_SDL_055.JPG,UMKM,DAY-1,SDL,0,Klaster A
DAY-1_UMKM_SDL_056.JPG,UMKM,DAY-1,SDL,0,Klaster A
DAY-1_UMKM_SDL_057.JPG,UMKM,DAY-1,SDL,0,Klaster A
DAY-1_UMKM_SDL_058.JPG,UMKM,DAY-1,SDL,0,Klaster A
DAY-1_UMKM_SDL_059.JPG,UMKM,DAY-1,SDL,0,Klaster A
DAY-1_UMKM_SDL_060.JPG,UMKM,DAY-1,SDL,0,Klaster A
DAY-1_UMKM_SDL_061.JPG,UMKM,DAY-1,SDL,0,Klaster A
DAY-1_UMKM_SDL_062.JPG,UMKM,DAY-1,SDL,0,Klaster A
DAY-1_UMKM_SDL_063.JPG,UMKM,DAY-1,SDL,0,Klaster A
DAY-1_UMKM_SDL_064.JPG,UMKM,DAY-1,SDL,0,Klaster A
DAY-1_UMKM_SDL_065.JPG,UMKM,DAY-1,SDL,0,Klaster A
DAY-1_UMKM_SDL_066.JPG,UMKM,DAY-1,SDL,0,Klaster A
DAY-1_UMKM_SDL_067.JPG,UMKM,DAY-1,SDL,0,Klaster A
DAY-1_UMKM_SDL_068.JPG,UMKM,DAY-1,SDL,0,Klaster A
DAY-1_UMKM_SDL_069.JPG,UMKM,DAY-1,SDL,0,Klaster A
DAY-1_UMKM_SDL_070.JPG,UMKM,DAY-1,SDL,0,Klaster A
DAY-1_UMKM_SDL_071.JPG,UMKM,DAY-1,SDL,0,Klaster A
DAY-1_UMKM_SDL_072.JPG,UMKM,DAY-1,SDL,0,Klaster A
DAY-1_UMKM_SDL_073.JPG,UMKM,DAY-1,SDL,0,Klaster A
DAY-1_UMKM_SDL_074.JPG,UMKM,DAY-1,SDL,0,Klaster A
DAY-1_UMKM_SDL_075.JPG,UMKM,DAY-1,SDL,0,Klaster A
DAY-1_UMKM_SDL_076.JPG,UMKM,DAY-1,SDL,0,Klaster A
DAY-1_UMKM_SDL_077.JPG,UMKM,DAY-1,SDL,0,Klaster A
DAY-1_UMKM_SDL_078.JPG,UMKM,DAY-1,SDL,0,Klaster A
DAY-1_UMKM_SDL_079.JPG,UMKM,DAY-1,SDL,0,Klaster A
DAY-1_UMKM_SDL_080.JPG,UMKM,DAY-1,SDL,0,Klaster A
DAY-1_UMKM_SDL_081.JPG,UMKM,DAY-1,SDL,0,Klaster A
DAY-1_UMKM_SDL_082.JPG,UMKM,DAY-1,SDL,0,Klaster A
DAY-1_UMKM_SDL_083.JPG,UMKM,DAY-1,SDL,0,Klaster A
DAY-1_UMKM_SDL_084.JPG,UMKM,DAY-1,SDL,0,Klaster A
DAY-1_UMKM_SDL_085.JPG,UMKM,DAY-1,SDL,0,Klaster A
DAY-1_UMKM_SDL_086.JPG,UMKM,DAY-1,SDL,0,Klaster A
DAY-1_UMKM_SDL_087.JPG,UMKM,DAY-1,SDL,0,Klaster A
DAY-1_UMKM_SDL_088.JPG,UMKM,DAY-1,SDL,0,Klaster A
DAY-1_UMKM_SDL_089.JPG,UMKM,DAY-1,SDL,0,Klaster A
DAY-1_UMKM_SDL_090.JPG,UMKM,DAY-1,SDL,0,Klaster A
DAY-1_UMKM_SDL_091.JPG,UMKM,DAY-1,SDL,0,Klaster A
DAY-1_UMKM_SDL_092.JPG,UMKM,DAY-1,SDL,0,Klaster A
DAY-1_UMKM_SDL_094.JPG,UMKM,DAY-1,SDL,0,Klaster A
DAY-1_UMKM_SDL_095.JPG,UMKM,DAY-1,SDL,0,Klaster A
DAY-1_UMKM_SDL_096.JPG,UMKM,DAY-1,SDL,0,Klaster A
DAY-1_UMKM_SDL_097.JPG,UMKM,DAY-1,SDL,0,Klaster A
DAY-1_UMKM_SDL_098.JPG,UMKM,DAY-1,SDL,0,Klaster A
DAY-1_UMKM_SDL_099.JPG,UMKM,DAY-1,SDL,0,Klaster A
DAY-1_UMKM_SDL_100.JPG,UMKM,DAY-1,SDL,0,Klaster A
DAY-1_UMKM_SDL_101.JPG,UMKM,DAY-1,SDL,0,Klaster A
DAY-1_UMKM_SDL_102.JPG,UMKM,DAY-1,SDL,0,Klaster A
DAY-1_UMKM_SDL_103.JPG,UMKM,DAY-1,SDL,0,Klaster A
DAY-1_UMKM_SDL_104.JPG,UMKM,DAY-1,SDL,0,Klaster A
DAY-1_UMKM_SDL_105.JPG,UMKM,DAY-1,SDL,0,Klaster A
DAY-1_UMKM_SDL_107.JPG,UMKM,DAY-1,SDL,0,Klaster A
DAY-1_UMKM_SDL_108.JPG,UMKM,DAY-1,SDL,0,Klaster A
DAY-1_UMKM_SDL_109.JPG,UMKM,DAY-1,SDL,0,Klaster A
DAY-1_UMKM_SDL_110.JPG,UMKM,DAY-1,SDL,0,Klaster A
DAY-1_UMKM_SDL_111.JPG,UMKM,DAY-1,SDL,0,Klaster A
DAY-1_UMKM_SDL_112.JPG,UMKM,DAY-1,SDL,0,Klaster A
DAY-1_UMKM_SDL_113.JPG,UMKM,DAY-1,SDL,0,Klaster A
DAY-1_UMKM_SDL_114.JPG,UMKM,DAY-1,SDL,0,Klaster A
DAY-1_UMKM_SDL_115.JPG,UMKM,DAY-1,SDL,0,Klaster A
DAY-1_UMKM_SDL_116.JPG,UMKM,DAY-1,SDL,0,Klaster A
DAY-1_UMKM_SDL_117.JPG,UMKM,DAY-1,SDL,0,Klaster A
DAY-1_UMKM_SDL_118.JPG,UMKM,DAY-1,SDL,0,Klaster A
DAY-1_UMKM_SDL_119.JPG,UMKM,DAY-1,SDL,0,Klaster A
DAY-1_UMKM_SDL_120.JPG,UMKM,DAY-1,SDL,0,Klaster A
DAY-1_UMKM_SDL_121.JPG,UMKM,DAY-1,SDL,0,Klaster A
DAY-1_UMKM_SDL_122.JPG,UMKM,DAY-1,SDL,1,Klaster B
DAY-1_UMKM_SDL_123.JPG,UMKM,DAY-1,SDL,0,Klaster A
DAY-1_UMKM_SDL_124.JPG,UMKM,DAY-1,SDL,0,Klaster A
DAY-1_UMKM_SDL_125.JPG,UMKM,DAY-1,SDL,0,Klaster A
DAY-1_UMKM_SDL_126.JPG,UMKM,DAY-1,SDL,0,Klaster A
DAY-1_UMKM_SDL_127.JPG,UMKM,DAY-1,SDL,0,Klaster A
DAY-1_UMKM_SDL_128.JPG,UMKM,DAY-1,SDL,0,Klaster A
DAY-1_UMKM_SDL_129.JPG,UMKM,DAY-1,SDL,0,Klaster A
DAY-1_UMKM_SDL_130.JPG,UMKM,DAY-1,SDL,0,Klaster A
DAY-1_UMKM_SDL_131.JPG,UMKM,DAY-1,SDL,0,Klaster A
DAY-1_UMKM_SDL_132.JPG,UMKM,DAY-1,SDL,0,Klaster A
DAY-1_UMKM_SDL_133.JPG,UMKM,DAY-1,SDL,0,Klaster A
DAY-1_UMKM_SDL_134.JPG,UMKM,DAY-1,SDL,0,Klaster A
DAY-1_UMKM_SDL_135.JPG,UMKM,DAY-1,SDL,0,Klaster A
DAY-1_UMKM_SDL_136.JPG,UMKM,DAY-1,SDL,0,Klaster A
DAY-1_UMKM_SDL_137.JPG,UMKM,DAY-1,SDL,0,Klaster A
DAY-1_UMKM_SDL_138.JPG,UMKM,DAY-1,SDL,0,Klaster A
DAY-1_UMKM_SDL_139.JPG,UMKM,DAY-1,SDL,0,Klaster A
DAY-1_UMKM_SDL_140.JPG,UMKM,DAY-1,SDL,0,Klaster A
DAY-1_UMKM_SKL_001.JPG,UMKM,DAY-1,SKL,0,Klaster A
DAY-1_UMKM_SKL_002.JPG,UMKM,DAY-1,SKL,0,Klaster A
DAY-1_UMKM_SKL_003.JPG,UMKM,DAY-1,SKL,0,Klaster A
DAY-1_UMKM_SKL_004.JPG,UMKM,DAY-1,SKL,0,Klaster A
DAY-1_UMKM_SKL_005.JPG,UMKM,DAY-1,SKL,0,Klaster A
DAY-1_UMKM_SKL_006.JPG,UMKM,DAY-1,SKL,0,Klaster A
DAY-1_UMKM_SKL_007.JPG,UMKM,DAY-1,SKL,0,Klaster A
DAY-1_UMKM_SKL_008.JPG,UMKM,DAY-1,SKL,0,Klaster A
DAY-1_UMKM_SKL_009.JPG,UMKM,DAY-1,SKL,0,Klaster A
DAY-1_UMKM_SKL_010.JPG,UMKM,DAY-1,SKL,0,Klaster A
DAY-1_UMKM_SKL_011.JPG,UMKM,DAY-1,SKL,0,Klaster A
DAY-1_UMKM_SKL_012.JPG,UMKM,DAY-1,SKL,0,Klaster A
DAY-1_UMKM_SKL_013.JPG,UMKM,DAY-1,SKL,0,Klaster A
DAY-1_UMKM_SKL_014.JPG,UMKM,DAY-1,SKL,0,Klaster A
DAY-1_UMKM_SKL_015.JPG,UMKM,DAY-1,SKL,0,Klaster A
DAY-1_UMKM_SKL_016.JPG,UMKM,DAY-1,SKL,0,Klaster A
DAY-1_UMKM_SKL_017.JPG,UMKM,DAY-1,SKL,0,Klaster A
DAY-1_UMKM_SKL_018.JPG,UMKM,DAY-1,SKL,0,Klaster A
DAY-1_UMKM_SKL_019.JPG,UMKM,DAY-1,SKL,0,Klaster A
DAY-1_UMKM_SKL_020.JPG,UMKM,DAY-1,SKL,0,Klaster A
DAY-1_UMKM_SKL_021.JPG,UMKM,DAY-1,SKL,0,Klaster A
DAY-1_UMKM_SKL_022.JPG,UMKM,DAY-1,SKL,0,Klaster A
DAY-1_UMKM_SKL_023.JPG,UMKM,DAY-1,SKL,0,Klaster A
DAY-1_UMKM_SKL_024.JPG,UMKM,DAY-1,SKL,0,Klaster A
DAY-1_UMKM_SKL_025.JPG,UMKM,DAY-1,SKL,0,Klaster A
DAY-1_UMKM_SKL_026.JPG,UMKM,DAY-1,SKL,0,Klaster A
DAY-1_UMKM_SKL_027.JPG,UMKM,DAY-1,SKL,0,Klaster A
DAY-1_UMKM_SKL_028.JPG,UMKM,DAY-1,SKL,0,Klaster A
DAY-1_UMKM_SKL_029.JPG,UMKM,DAY-1,SKL,0,Klaster A
DAY-1_UMKM_SKL_030.JPG,UMKM,DAY-1,SKL,0,Klaster A
DAY-1_UMKM_SKL_031.JPG,UMKM,DAY-1,SKL,0,Klaster A
DAY-1_UMKM_SKL_032.JPG,UMKM,DAY-1,SKL,0,Klaster A
DAY-1_UMKM_SKL_033.JPG,UMKM,DAY-1,SKL,0,Klaster A
DAY-1_UMKM_SKL_034.JPG,UMKM,DAY-1,SKL,0,Klaster A
DAY-1_UMKM_SKL_035.JPG,UMKM,DAY-1,SKL,0,Klaster A
DAY-1_UMKM_SKL_036.JPG,UMKM,DAY-1,SKL,0,Klaster A
DAY-1_UMKM_SKL_037.JPG,UMKM,DAY-1,SKL,0,Klaster A
DAY-1_UMKM_SKL_038.JPG,UMKM,DAY-1,SKL,0,Klaster A
DAY-1_UMKM_SKL_039.JPG,UMKM,DAY-1,SKL,0,Klaster A
DAY-1_UMKM_SKL_040.JPG,UMKM,DAY-1,SKL,0,Klaster A
DAY-1_UMKM_SKL_041.JPG,UMKM,DAY-1,SKL,0,Klaster A
DAY-1_UMKM_SKL_042.JPG,UMKM,DAY-1,SKL,0,Klaster A
DAY-1_UMKM_SKL_043.JPG,UMKM,DAY-1,SKL,0,Klaster A
DAY-1_UMKM_SKL_044.JPG,UMKM,DAY-1,SKL,0,Klaster A
DAY-1_UMKM_SKL_045.JPG,UMKM,DAY-1,SKL,0,Klaster A
DAY-1_UMKM_SKL_046.JPG,UMKM,DAY-1,SKL,0,Klaster A
DAY-1_UMKM_SKL_047.JPG,UMKM,DAY-1,SKL,0,Klaster A
DAY-1_UMKM_SKL_048.JPG,UMKM,DAY-1,SKL,0,Klaster A
DAY-1_UMKM_SKL_049.JPG,UMKM,DAY-1,SKL,0,Klaster A
DAY-1_UMKM_SKL_050.JPG,UMKM,DAY-1,SKL,0,Klaster A
DAY-1_UMKM_SKL_051.JPG,UMKM,DAY-1,SKL,0,Klaster A
DAY-1_UMKM_SKL_052.JPG,UMKM,DAY-1,SKL,0,Klaster A
DAY-1_UMKM_SKL_053.JPG,UMKM,DAY-1,SKL,0,Klaster A
DAY-1_UMKM_SKL_054.JPG,UMKM,DAY-1,SKL,0,Klaster A
DAY-1_UMKM_SKL_055.JPG,UMKM,DAY-1,SKL,0,Klaster A
DAY-1_UMKM_SKL_056.JPG,UMKM,DAY-1,SKL,0,Klaster A
DAY-1_UMKM_SKL_057.JPG,UMKM,DAY-1,SKL,0,Klaster A
DAY-1_UMKM_SKL_058.JPG,UMKM,DAY-1,SKL,0,Klaster A
DAY-1_UMKM_SKL_059.JPG,UMKM,DAY-1,SKL,1,Klaster B
DAY-1_UMKM_SKL_060.JPG,UMKM,DAY-1,SKL,0,Klaster A
DAY-1_UMKM_SKL_061.JPG,UMKM,DAY-1,SKL,0,Klaster A
DAY-1_UMKM_SKL_062.JPG,UMKM,DAY-1,SKL,0,Klaster A
DAY-1_UMKM_SKL_063.JPG,UMKM,DAY-1,SKL,0,Klaster A
DAY-1_UMKM_SKL_064.JPG,UMKM,DAY-1,SKL,0,Klaster A
DAY-1_UMKM_SKL_065.JPG,UMKM,DAY-1,SKL,0,Klaster A
DAY-1_UMKM_SKL_066.JPG,UMKM,DAY-1,SKL,0,Klaster A
DAY-1_UMKM_SKL_067.JPG,UMKM,DAY-1,SKL,0,Klaster A
DAY-1_UMKM_SKL_068.JPG,UMKM,DAY-1,SKL,0,Klaster A
DAY-1_UMKM_SKL_069.JPG,UMKM,DAY-1,SKL,0,Klaster A
DAY-1_UMKM_SKL_070.JPG,UMKM,DAY-1,SKL,0,Klaster A
DAY-1_UMKM_SKL_071.JPG,UMKM,DAY-1,SKL,0,Klaster A
DAY-1_UMKM_SKL_072.JPG,UMKM,DAY-1,SKL,0,Klaster A
DAY-1_UMKM_SKL_073.JPG,UMKM,DAY-1,SKL,0,Klaster A
DAY-1_UMKM_SKL_074.JPG,UMKM,DAY-1,SKL,0,Klaster A
DAY-1_UMKM_SKL_075.JPG,UMKM,DAY-1,SKL,0,Klaster A
DAY-1_UMKM_SKL_076.JPG,UMKM,DAY-1,SKL,0,Klaster A
DAY-1_UMKM_SKL_077.JPG,UMKM,DAY-1,SKL,0,Klaster A
DAY-1_UMKM_SKL_078.JPG,UMKM,DAY-1,SKL,0,Klaster A
DAY-1_UMKM_SKL_079.JPG,UMKM,DAY-1,SKL,1,Klaster B
DAY-1_UMKM_SKL_080.JPG,UMKM,DAY-1,SKL,0,Klaster A
DAY-1_UMKM_SKL_081.JPG,UMKM,DAY-1,SKL,0,Klaster A
DAY-1_UMKM_SKL_082.JPG,UMKM,DAY-1,SKL,0,Klaster A
DAY-1_UMKM_SKL_083.JPG,UMKM,DAY-1,SKL,0,Klaster A
DAY-1_UMKM_SKL_084.JPG,UMKM,DAY-1,SKL,0,Klaster A
DAY-1_UMKM_SKL_085.JPG,UMKM,DAY-1,SKL,0,Klaster A
DAY-1_UMKM_SKL_086.JPG,UMKM,DAY-1,SKL,0,Klaster A
DAY-1_UMKM_SKL_087.JPG,UMKM,DAY-1,SKL,0,Klaster A
DAY-1_UMKM_SKL_088.JPG,UMKM,DAY-1,SKL,0,Klaster A
DAY-1_UMKM_SKL_089.JPG,UMKM,DAY-1,SKL,0,Klaster A
DAY-1_UMKM_SKL_090.JPG,UMKM,DAY-1,SKL,0,Klaster A
DAY-1_UMKM_SKL_091.JPG,UMKM,DAY-1,SKL,0,Klaster A
DAY-1_UMKM_SKL_092.JPG,UMKM,DAY-1,SKL,0,Klaster A
DAY-1_UMKM_SKL_093.JPG,UMKM,DAY-1,SKL,0,Klaster A
DAY-1_UMKM_SKL_094.JPG,UMKM,DAY-1,SKL,0,Klaster A
DAY-1_UMKM_SKL_095.JPG,UMKM,DAY-1,SKL,0,Klaster A
DAY-1_UMKM_SKL_096.JPG,UMKM,DAY-1,SKL,0,Klaster A
DAY-1_UMKM_SKL_097.JPG,UMKM,DAY-1,SKL,0,Klaster A
DAY-1_UMKM_SKL_098.JPG,UMKM,DAY-1,SKL,0,Klaster A
DAY-1_UMKM_SKL_099.JPG,UMKM,DAY-1,SKL,0,Klaster A
DAY-1_UMKM_SKL_100.JPG,UMKM,DAY-1,SKL,0,Klaster A
DAY-1_UMKM_SKL_101.JPG,UMKM,DAY-1,SKL,0,Klaster A
DAY-1_UMKM_SKL_102.JPG,UMKM,DAY-1,SKL,0,Klaster A
DAY-1_UMKM_SKL_103.JPG,UMKM,DAY-1,SKL,0,Klaster A
DAY-1_UMKM_SKL_104.JPG,UMKM,DAY-1,SKL,0,Klaster A
DAY-1_UMKM_SKL_105.JPG,UMKM,DAY-1,SKL,0,Klaster A
DAY-1_UMKM_SKL_106.JPG,UMKM,DAY-1,SKL,0,Klaster A
DAY-1_UMKM_SKL_107.JPG,UMKM,DAY-1,SKL,0,Klaster A
DAY-1_UMKM_SKL_108.JPG,UMKM,DAY-1,SKL,0,Klaster A
DAY-1_UMKM_SKL_109.JPG,UMKM,DAY-1,SKL,0,Klaster A
DAY-1_UMKM_SKL_110.JPG,UMKM,DAY-1,SKL,0,Klaster A
DAY-1_UMKM_SKL_111.JPG,UMKM,DAY-1,SKL,0,Klaster A
DAY-1_UMKM_SKL_112.JPG,UMKM,DAY-1,SKL,0,Klaster A
DAY-1_UMKM_SKL_113.JPG,UMKM,DAY-1,SKL,0,Klaster A
DAY-1_UMKM_SKL_114.JPG,UMKM,DAY-1,SKL,0,Klaster A
DAY-1_UMKM_SKL_115.JPG,UMKM,DAY-1,SKL,0,Klaster A
DAY-1_UMKM_SKL_116.JPG,UMKM,DAY-1,SKL,0,Klaster A
DAY-1_UMKM_SKL_117.JPG,UMKM,DAY-1,SKL,0,Klaster A
DAY-1_UMKM_SKL_118.JPG,UMKM,DAY-1,SKL,0,Klaster A
DAY-1_UMKM_SKL_119.JPG,UMKM,DAY-1,SKL,0,Klaster A
DAY-1_UMKM_SKL_120.JPG,UMKM,DAY-1,SKL,0,Klaster A
DAY-1_UMKM_SKL_121.JPG,UMKM,DAY-1,SKL,0,Klaster A
DAY-1_UMKM_SKL_122.JPG,UMKM,DAY-1,SKL,0,Klaster A
DAY-1_UMKM_SKL_123.JPG,UMKM,DAY-1,SKL,0,Klaster A
DAY-1_UMKM_SKL_124.JPG,UMKM,DAY-1,SKL,0,Klaster A
DAY-1_UMKM_SKL_125.JPG,UMKM,DAY-1,SKL,0,Klaster A
DAY-1_UMKM_SKL_126.JPG,UMKM,DAY-1,SKL,0,Klaster A
DAY-1_UMKM_SKL_127.JPG,UMKM,DAY-1,SKL,0,Klaster A
DAY-1_UMKM_SKL_128.JPG,UMKM,DAY-1,SKL,0,Klaster A
DAY-1_UMKM_SKL_129.JPG,UMKM,DAY-1,SKL,0,Klaster A
DAY-1_UMKM_SKL_130.JPG,UMKM,DAY-1,SKL,0,Klaster A
DAY-1_UMKM_SKL_131.JPG,UMKM,DAY-1,SKL,0,Klaster A
DAY-1_UMKM_SKL_132.JPG,UMKM,DAY-1,SKL,0,Klaster A
DAY-1_UMKM_SKL_133.JPG,UMKM,DAY-1,SKL,0,Klaster A
DAY-1_UMKM_SKL_134.JPG,UMKM,DAY-1,SKL,0,Klaster A
DAY-1_UMKM_SKL_135.JPG,UMKM,DAY-1,SKL,1,Klaster B
DAY-1_UMKM_SKL_136.JPG,UMKM,DAY-1,SKL,0,Klaster A
DAY-1_UMKM_SKL_137.JPG,UMKM,DAY-1,SKL,0,Klaster A
DAY-1_UMKM_SKL_138.JPG,UMKM,DAY-1,SKL,0,Klaster A
DAY-1_UMKM_SKL_139.JPG,UMKM,DAY-1,SKL,0,Klaster A
DAY-1_UMKM_SKL_140.JPG,UMKM,DAY-1,SKL,0,Klaster A
DAY-1_UMKM_SMC_001.JPG,UMKM,DAY-1,SMC,0,Klaster A
DAY-1_UMKM_SMC_003.JPG,UMKM,DAY-1,SMC,0,Klaster A
DAY-1_UMKM_SMC_004.JPG,UMKM,DAY-1,SMC,0,Klaster A
DAY-1_UMKM_SMC_005.JPG,UMKM,DAY-1,SMC,0,Klaster A
DAY-1_UMKM_SMC_006.JPG,UMKM,DAY-1,SMC,0,Klaster A
DAY-1_UMKM_SMC_007.JPG,UMKM,DAY-1,SMC,0,Klaster A
DAY-1_UMKM_SMC_008.JPG,UMKM,DAY-1,SMC,0,Klaster A
DAY-1_UMKM_SMC_009.JPG,UMKM,DAY-1,SMC,0,Klaster A
DAY-1_UMKM_SMC_010.JPG,UMKM,DAY-1,SMC,0,Klaster A
DAY-1_UMKM_SMC_011.JPG,UMKM,DAY-1,SMC,0,Klaster A
DAY-1_UMKM_SMC_013.JPG,UMKM,DAY-1,SMC,0,Klaster A
DAY-1_UMKM_SMC_014.JPG,UMKM,DAY-1,SMC,0,Klaster A
DAY-1_UMKM_SMC_015.JPG,UMKM,DAY-1,SMC,0,Klaster A
DAY-1_UMKM_SMC_016.JPG,UMKM,DAY-1,SMC,0,Klaster A
DAY-1_UMKM_SMC_017.JPG,UMKM,DAY-1,SMC,0,Klaster A
DAY-1_UMKM_SMC_018.JPG,UMKM,DAY-1,SMC,0,Klaster A
DAY-1_UMKM_SMC_019.JPG,UMKM,DAY-1,SMC,0,Klaster A
DAY-1_UMKM_SMC_021.JPG,UMKM,DAY-1,SMC,0,Klaster A
DAY-1_UMKM_SMC_022.JPG,UMKM,DAY-1,SMC,0,Klaster A
DAY-1_UMKM_SMC_023.JPG,UMKM,DAY-1,SMC,0,Klaster A
DAY-1_UMKM_SMC_025.JPG,UMKM,DAY-1,SMC,0,Klaster A
DAY-1_UMKM_SMC_027.JPG,UMKM,DAY-1,SMC,0,Klaster A
DAY-1_UMKM_SMC_029.JPG,UMKM,DAY-1,SMC,0,Klaster A
DAY-1_UMKM_SMC_030.JPG,UMKM,DAY-1,SMC,0,Klaster A
DAY-1_UMKM_SMC_031.JPG,UMKM,DAY-1,SMC,0,Klaster A
DAY-1_UMKM_SMC_032.JPG,UMKM,DAY-1,SMC,0,Klaster A
DAY-1_UMKM_SMC_033.JPG,UMKM,DAY-1,SMC,0,Klaster A
DAY-1_UMKM_SMC_034.JPG,UMKM,DAY-1,SMC,0,Klaster A
DAY-1_UMKM_SMC_035.JPG,UMKM,DAY-1,SMC,0,Klaster A
DAY-1_UMKM_SMC_036.JPG,UMKM,DAY-1,SMC,0,Klaster A
DAY-1_UMKM_SMC_037.JPG,UMKM,DAY-1,SMC,0,Klaster A
DAY-1_UMKM_SMC_038.JPG,UMKM,DAY-1,SMC,0,Klaster A
DAY-1_UMKM_SMC_039.JPG,UMKM,DAY-1,SMC,0,Klaster A
DAY-1_UMKM_SMC_041.JPG,UMKM,DAY-1,SMC,0,Klaster A
DAY-1_UMKM_SMC_042.JPG,UMKM,DAY-1,SMC,0,Klaster A
DAY-1_UMKM_SMC_043.JPG,UMKM,DAY-1,SMC,0,Klaster A
DAY-1_UMKM_SMC_044.JPG,UMKM,DAY-1,SMC,0,Klaster A
DAY-1_UMKM_SMC_045.JPG,UMKM,DAY-1,SMC,0,Klaster A
DAY-1_UMKM_SMC_046.JPG,UMKM,DAY-1,SMC,0,Klaster A
DAY-1_UMKM_SMC_047.JPG,UMKM,DAY-1,SMC,0,Klaster A
DAY-1_UMKM_SMC_048.JPG,UMKM,DAY-1,SMC,0,Klaster A
DAY-1_UMKM_SMC_049.JPG,UMKM,DAY-1,SMC,0,Klaster A
DAY-1_UMKM_SMC_051.JPG,UMKM,DAY-1,SMC,0,Klaster A
DAY-1_UMKM_SMC_052.JPG,UMKM,DAY-1,SMC,0,Klaster A
DAY-1_UMKM_SMC_053.JPG,UMKM,DAY-1,SMC,0,Klaster A
DAY-1_UMKM_SMC_054.JPG,UMKM,DAY-1,SMC,0,Klaster A
DAY-1_UMKM_SMC_055.JPG,UMKM,DAY-1,SMC,0,Klaster A
DAY-1_UMKM_SMC_056.JPG,UMKM,DAY-1,SMC,0,Klaster A
DAY-1_UMKM_SMC_057.JPG,UMKM,DAY-1,SMC,0,Klaster A
DAY-1_UMKM_SMC_058.JPG,UMKM,DAY-1,SMC,0,Klaster A
DAY-1_UMKM_SMC_059.JPG,UMKM,DAY-1,SMC,0,Klaster A
DAY-1_UMKM_SMC_061.JPG,UMKM,DAY-1,SMC,0,Klaster A
DAY-1_UMKM_SMC_063.JPG,UMKM,DAY-1,SMC,0,Klaster A
DAY-1_UMKM_SMC_064.JPG,UMKM,DAY-1,SMC,0,Klaster A
DAY-1_UMKM_SMC_065.JPG,UMKM,DAY-1,SMC,0,Klaster A
DAY-1_UMKM_SMC_067.JPG,UMKM,DAY-1,SMC,0,Klaster A
DAY-1_UMKM_SMC_068.JPG,UMKM,DAY-1,SMC,0,Klaster A
DAY-1_UMKM_SMC_069.JPG,UMKM,DAY-1,SMC,0,Klaster A
DAY-1_UMKM_SMC_071.JPG,UMKM,DAY-1,SMC,0,Klaster A
DAY-1_UMKM_SMC_072.JPG,UMKM,DAY-1,SMC,0,Klaster A
DAY-1_UMKM_SMC_073.JPG,UMKM,DAY-1,SMC,0,Klaster A
DAY-1_UMKM_SMC_074.JPG,UMKM,DAY-1,SMC,0,Klaster A
DAY-1_UMKM_SMC_075.JPG,UMKM,DAY-1,SMC,0,Klaster A
DAY-1_UMKM_SMC_076.JPG,UMKM,DAY-1,SMC,0,Klaster A
DAY-1_UMKM_SMC_077.JPG,UMKM,DAY-1,SMC,0,Klaster A
DAY-1_UMKM_SMC_078.JPG,UMKM,DAY-1,SMC,0,Klaster A
DAY-1_UMKM_SMC_079.JPG,UMKM,DAY-1,SMC,0,Klaster A
DAY-1_UMKM_SMC_080.JPG,UMKM,DAY-1,SMC,0,Klaster A
DAY-1_UMKM_SMC_081.JPG,UMKM,DAY-1,SMC,0,Klaster A
DAY-1_UMKM_SMC_082.JPG,UMKM,DAY-1,SMC,0,Klaster A
DAY-1_UMKM_SMC_083.JPG,UMKM,DAY-1,SMC,0,Klaster A
DAY-1_UMKM_SMC_084.JPG,UMKM,DAY-1,SMC,0,Klaster A
DAY-1_UMKM_SMC_085.JPG,UMKM,DAY-1,SMC,0,Klaster A
DAY-1_UMKM_SMC_086.JPG,UMKM,DAY-1,SMC,0,Klaster A
DAY-1_UMKM_SMC_087.JPG,UMKM,DAY-1,SMC,0,Klaster A
DAY-1_UMKM_SMC_088.JPG,UMKM,DAY-1,SMC,0,Klaster A
DAY-1_UMKM_SMC_089.JPG,UMKM,DAY-1,SMC,0,Klaster A
DAY-1_UMKM_SMC_090.JPG,UMKM,DAY-1,SMC,0,Klaster A
DAY-1_UMKM_SMC_091.JPG,UMKM,DAY-1,SMC,0,Klaster A
DAY-1_UMKM_SMC_092.JPG,UMKM,DAY-1,SMC,0,Klaster A
DAY-1_UMKM_SMC_093.JPG,UMKM,DAY-1,SMC,0,Klaster A
DAY-1_UMKM_SMC_094.JPG,UMKM,DAY-1,SMC,0,Klaster A
DAY-1_UMKM_SMC_095.JPG,UMKM,DAY-1,SMC,0,Klaster A
DAY-1_UMKM_SMC_096.JPG,UMKM,DAY-1,SMC,0,Klaster A
DAY-1_UMKM_SMC_097.JPG,UMKM,DAY-1,SMC,0,Klaster A
DAY-1_UMKM_SMC_098.JPG,UMKM,DAY-1,SMC,0,Klaster A
DAY-1_UMKM_SMC_099.JPG,UMKM,DAY-1,SMC,0,Klaster A
DAY-1_UMKM_SMC_100.JPG,UMKM,DAY-1,SMC,0,Klaster A
DAY-1_UMKM_SMC_101.JPG,UMKM,DAY-1,SMC,0,Klaster A
DAY-1_UMKM_SMC_102.JPG,UMKM,DAY-1,SMC,0,Klaster A
DAY-1_UMKM_SMC_103.JPG,UMKM,DAY-1,SMC,0,Klaster A
DAY-1_UMKM_SMC_104.JPG,UMKM,DAY-1,SMC,0,Klaster A
DAY-1_UMKM_SMC_105.JPG,UMKM,DAY-1,SMC,0,Klaster A
DAY-1_UMKM_SMC_107.JPG,UMKM,DAY-1,SMC,0,Klaster A
DAY-1_UMKM_SMC_108.JPG,UMKM,DAY-1,SMC,0,Klaster A
DAY-1_UMKM_SMC_109.JPG,UMKM,DAY-1,SMC,0,Klaster A
DAY-1_UMKM_SMC_110.JPG,UMKM,DAY-1,SMC,0,Klaster A
DAY-1_UMKM_SMC_111.JPG,UMKM,DAY-1,SMC,0,Klaster A
DAY-1_UMKM_SMC_112.JPG,UMKM,DAY-1,SMC,0,Klaster A
DAY-1_UMKM_SMC_113.JPG,UMKM,DAY-1,SMC,0,Klaster A
DAY-1_UMKM_SMC_115.JPG,UMKM,DAY-1,SMC,0,Klaster A
DAY-1_UMKM_SMC_116.JPG,UMKM,DAY-1,SMC,0,Klaster A
DAY-1_UMKM_SMC_117.JPG,UMKM,DAY-1,SMC,0,Klaster A
DAY-1_UMKM_SMC_118.JPG,UMKM,DAY-1,SMC,0,Klaster A
DAY-1_UMKM_SMC_119.JPG,UMKM,DAY-1,SMC,0,Klaster A
DAY-1_UMKM_SMC_120.JPG,UMKM,DAY-1,SMC,0,Klaster A
DAY-1_UMKM_SMC_121.JPG,UMKM,DAY-1,SMC,0,Klaster A
DAY-1_UMKM_SMC_123.JPG,UMKM,DAY-1,SMC,0,Klaster A
DAY-1_UMKM_SMC_124.JPG,UMKM,DAY-1,SMC,0,Klaster A
DAY-1_UMKM_SMC_125.JPG,UMKM,DAY-1,SMC,0,Klaster A
DAY-1_UMKM_SMC_126.JPG,UMKM,DAY-1,SMC,0,Klaster A
DAY-1_UMKM_SMC_127.JPG,UMKM,DAY-1,SMC,0,Klaster A
DAY-1_UMKM_SMC_128.JPG,UMKM,DAY-1,SMC,0,Klaster A
DAY-1_UMKM_SMC_129.JPG,UMKM,DAY-1,SMC,0,Klaster A
DAY-1_UMKM_SMC_130.JPG,UMKM,DAY-1,SMC,0,Klaster A
DAY-1_UMKM_SMC_131.JPG,UMKM,DAY-1,SMC,0,Klaster A
DAY-1_UMKM_SMC_132.JPG,UMKM,DAY-1,SMC,0,Klaster A
DAY-1_UMKM_SMC_133.JPG,UMKM,DAY-1,SMC,0,Klaster A
DAY-1_UMKM_SMC_134.JPG,UMKM,DAY-1,SMC,0,Klaster A
DAY-1_UMKM_SMC_135.JPG,UMKM,DAY-1,SMC,0,Klaster A
DAY-1_UMKM_SMC_136.JPG,UMKM,DAY-1,SMC,0,Klaster A
DAY-1_UMKM_SMC_137.JPG,UMKM,DAY-1,SMC,0,Klaster A
DAY-1_UMKM_SMC_138.JPG,UMKM,DAY-1,SMC,0,Klaster A
DAY-1_UMKM_SMC_139.JPG,UMKM,DAY-1,SMC,0,Klaster A
DAY-1_UMKM_SMC_140.JPG,UMKM,DAY-1,SMC,0,Klaster A
DAY-2_RPH_HDM_001.JPG,RPH,DAY-2,HDM,1,Klaster B
DAY-2_RPH_HDM_002.JPG,RPH,DAY-2,HDM,1,Klaster B
DAY-2_RPH_HDM_003.JPG,RPH,DAY-2,HDM,1,Klaster B
DAY-2_RPH_HDM_004.JPG,RPH,DAY-2,HDM,1,Klaster B
DAY-2_RPH_HDM_005.JPG,RPH,DAY-2,HDM,1,Klaster B
DAY-2_RPH_HDM_006.JPG,RPH,DAY-2,HDM,1,Klaster B
DAY-2_RPH_HDM_007.JPG,RPH,DAY-2,HDM,1,Klaster B
DAY-2_RPH_HDM_008.JPG,RPH,DAY-2,HDM,1,Klaster B
DAY-2_RPH_HDM_009.JPG,RPH,DAY-2,HDM,1,Klaster B
DAY-2_RPH_HDM_010.JPG,RPH,DAY-2,HDM,1,Klaster B
DAY-2_RPH_HDM_011.JPG,RPH,DAY-2,HDM,1,Klaster B
DAY-2_RPH_HDM_012.JPG,RPH,DAY-2,HDM,1,Klaster B
DAY-2_RPH_HDM_013.JPG,RPH,DAY-2,HDM,1,Klaster B
DAY-2_RPH_HDM_014.JPG,RPH,DAY-2,HDM,1,Klaster B
DAY-2_RPH_HDM_015.JPG,RPH,DAY-2,HDM,1,Klaster B
DAY-2_RPH_HDM_016.JPG,RPH,DAY-2,HDM,1,Klaster B
DAY-2_RPH_HDM_017.JPG,RPH,DAY-2,HDM,1,Klaster B
DAY-2_RPH_HDM_018.JPG,RPH,DAY-2,HDM,1,Klaster B
DAY-2_RPH_HDM_019.JPG,RPH,DAY-2,HDM,0,Klaster A
DAY-2_RPH_HDM_020.JPG,RPH,DAY-2,HDM,1,Klaster B
DAY-2_RPH_HDM_021.JPG,RPH,DAY-2,HDM,1,Klaster B
DAY-2_RPH_HDM_022.JPG,RPH,DAY-2,HDM,1,Klaster B
DAY-2_RPH_HDM_023.JPG,RPH,DAY-2,HDM,1,Klaster B
DAY-2_RPH_HDM_024.JPG,RPH,DAY-2,HDM,1,Klaster B
DAY-2_RPH_HDM_025.JPG,RPH,DAY-2,HDM,1,Klaster B
DAY-2_RPH_HDM_026.JPG,RPH,DAY-2,HDM,1,Klaster B
DAY-2_RPH_HDM_027.JPG,RPH,DAY-2,HDM,1,Klaster B
DAY-2_RPH_HDM_028.JPG,RPH,DAY-2,HDM,1,Klaster B
DAY-2_RPH_HDM_029.JPG,RPH,DAY-2,HDM,1,Klaster B
DAY-2_RPH_HDM_030.JPG,RPH,DAY-2,HDM,1,Klaster B
DAY-2_RPH_HDM_031.JPG,RPH,DAY-2,HDM,1,Klaster B
DAY-2_RPH_HDM_032.JPG,RPH,DAY-2,HDM,1,Klaster B
DAY-2_RPH_HDM_033.JPG,RPH,DAY-2,HDM,1,Klaster B
DAY-2_RPH_HDM_034.JPG,RPH,DAY-2,HDM,1,Klaster B
DAY-2_RPH_HDM_035.JPG,RPH,DAY-2,HDM,1,Klaster B
DAY-2_RPH_HDM_036.JPG,RPH,DAY-2,HDM,1,Klaster B
DAY-2_RPH_HDM_037.JPG,RPH,DAY-2,HDM,1,Klaster B
DAY-2_RPH_HDM_038.JPG,RPH,DAY-2,HDM,1,Klaster B
DAY-2_RPH_HDM_039.JPG,RPH,DAY-2,HDM,1,Klaster B
DAY-2_RPH_HDM_040.JPG,RPH,DAY-2,HDM,1,Klaster B
DAY-2_RPH_HDM_041.JPG,RPH,DAY-2,HDM,1,Klaster B
DAY-2_RPH_HDM_042.JPG,RPH,DAY-2,HDM,1,Klaster B
DAY-2_RPH_HDM_043.JPG,RPH,DAY-2,HDM,1,Klaster B
DAY-2_RPH_HDM_044.JPG,RPH,DAY-2,HDM,1,Klaster B
DAY-2_RPH_HDM_045.JPG,RPH,DAY-2,HDM,1,Klaster B
DAY-2_RPH_HDM_046.JPG,RPH,DAY-2,HDM,1,Klaster B
DAY-2_RPH_HDM_047.JPG,RPH,DAY-2,HDM,1,Klaster B
DAY-2_RPH_HDM_048.JPG,RPH,DAY-2,HDM,1,Klaster B
DAY-2_RPH_HDM_049.JPG,RPH,DAY-2,HDM,1,Klaster B
DAY-2_RPH_HDM_050.JPG,RPH,DAY-2,HDM,1,Klaster B
DAY-2_RPH_HDM_051.JPG,RPH,DAY-2,HDM,1,Klaster B
DAY-2_RPH_HDM_052.JPG,RPH,DAY-2,HDM,1,Klaster B
DAY-2_RPH_HDM_053.JPG,RPH,DAY-2,HDM,1,Klaster B
DAY-2_RPH_HDM_054.JPG,RPH,DAY-2,HDM,1,Klaster B
DAY-2_RPH_HDM_055.JPG,RPH,DAY-2,HDM,1,Klaster B
DAY-2_RPH_HDM_056.JPG,RPH,DAY-2,HDM,0,Klaster A
DAY-2_RPH_HDM_057.JPG,RPH,DAY-2,HDM,1,Klaster B
DAY-2_RPH_HDM_058.JPG,RPH,DAY-2,HDM,1,Klaster B
DAY-2_RPH_HDM_059.JPG,RPH,DAY-2,HDM,1,Klaster B
DAY-2_RPH_HDM_060.JPG,RPH,DAY-2,HDM,1,Klaster B
DAY-2_RPH_HDM_061.JPG,RPH,DAY-2,HDM,1,Klaster B
DAY-2_RPH_HDM_062.JPG,RPH,DAY-2,HDM,1,Klaster B
DAY-2_RPH_HDM_063.JPG,RPH,DAY-2,HDM,1,Klaster B
DAY-2_RPH_HDM_064.JPG,RPH,DAY-2,HDM,1,Klaster B
DAY-2_RPH_HDM_065.JPG,RPH,DAY-2,HDM,1,Klaster B
DAY-2_RPH_HDM_066.JPG,RPH,DAY-2,HDM,1,Klaster B
DAY-2_RPH_HDM_067.JPG,RPH,DAY-2,HDM,1,Klaster B
DAY-2_RPH_HDM_068.JPG,RPH,DAY-2,HDM,1,Klaster B
DAY-2_RPH_HDM_069.JPG,RPH,DAY-2,HDM,1,Klaster B
DAY-2_RPH_HDM_070.JPG,RPH,DAY-2,HDM,1,Klaster B
DAY-2_RPH_HDM_071.JPG,RPH,DAY-2,HDM,1,Klaster B
DAY-2_RPH_HDM_072.JPG,RPH,DAY-2,HDM,1,Klaster B
DAY-2_RPH_HDM_073.JPG,RPH,DAY-2,HDM,1,Klaster B
DAY-2_RPH_HDM_074.JPG,RPH,DAY-2,HDM,1,Klaster B
DAY-2_RPH_HDM_075.JPG,RPH,DAY-2,HDM,1,Klaster B
DAY-2_RPH_HDM_076.JPG,RPH,DAY-2,HDM,1,Klaster B
DAY-2_RPH_HDM_077.JPG,RPH,DAY-2,HDM,1,Klaster B
DAY-2_RPH_HDM_078.JPG,RPH,DAY-2,HDM,1,Klaster B
DAY-2_RPH_HDM_079.JPG,RPH,DAY-2,HDM,1,Klaster B
DAY-2_RPH_HDM_080.JPG,RPH,DAY-2,HDM,1,Klaster B
DAY-2_RPH_HDM_081.JPG,RPH,DAY-2,HDM,1,Klaster B
DAY-2_RPH_HDM_082.JPG,RPH,DAY-2,HDM,1,Klaster B
DAY-2_RPH_HDM_083.JPG,RPH,DAY-2,HDM,1,Klaster B
DAY-2_RPH_HDM_084.JPG,RPH,DAY-2,HDM,1,Klaster B
DAY-2_RPH_HDM_085.JPG,RPH,DAY-2,HDM,1,Klaster B
DAY-2_RPH_HDM_086.JPG,RPH,DAY-2,HDM,1,Klaster B
DAY-2_RPH_HDM_087.JPG,RPH,DAY-2,HDM,1,Klaster B
DAY-2_RPH_HDM_088.JPG,RPH,DAY-2,HDM,1,Klaster B
DAY-2_RPH_HDM_089.JPG,RPH,DAY-2,HDM,1,Klaster B
DAY-2_RPH_HDM_090.JPG,RPH,DAY-2,HDM,1,Klaster B
DAY-2_RPH_HDM_091.JPG,RPH,DAY-2,HDM,1,Klaster B
DAY-2_RPH_HDM_092.JPG,RPH,DAY-2,HDM,1,Klaster B
DAY-2_RPH_HDM_093.JPG,RPH,DAY-2,HDM,1,Klaster B
DAY-2_RPH_HDM_094.JPG,RPH,DAY-2,HDM,1,Klaster B
DAY-2_RPH_HDM_095.JPG,RPH,DAY-2,HDM,1,Klaster B
DAY-2_RPH_HDM_096.JPG,RPH,DAY-2,HDM,1,Klaster B
DAY-2_RPH_HDM_097.JPG,RPH,DAY-2,HDM,1,Klaster B
DAY-2_RPH_HDM_098.JPG,RPH,DAY-2,HDM,1,Klaster B
DAY-2_RPH_HDM_099.JPG,RPH,DAY-2,HDM,1,Klaster B
DAY-2_RPH_HDM_100.JPG,RPH,DAY-2,HDM,1,Klaster B
DAY-2_RPH_HDM_101.JPG,RPH,DAY-2,HDM,1,Klaster B
DAY-2_RPH_HDM_102.JPG,RPH,DAY-2,HDM,1,Klaster B
DAY-2_RPH_HDM_103.JPG,RPH,DAY-2,HDM,1,Klaster B
DAY-2_RPH_HDM_104.JPG,RPH,DAY-2,HDM,1,Klaster B
DAY-2_RPH_HDM_105.JPG,RPH,DAY-2,HDM,1,Klaster B
DAY-2_RPH_HDM_106.JPG,RPH,DAY-2,HDM,1,Klaster B
DAY-2_RPH_HDM_107.JPG,RPH,DAY-2,HDM,1,Klaster B
DAY-2_RPH_HDM_108.JPG,RPH,DAY-2,HDM,1,Klaster B
DAY-2_RPH_HDM_109.JPG,RPH,DAY-2,HDM,1,Klaster B
DAY-2_RPH_HDM_110.JPG,RPH,DAY-2,HDM,1,Klaster B
DAY-2_RPH_HDM_111.JPG,RPH,DAY-2,HDM,1,Klaster B
DAY-2_RPH_HDM_112.JPG,RPH,DAY-2,HDM,1,Klaster B
DAY-2_RPH_HDM_113.JPG,RPH,DAY-2,HDM,1,Klaster B
DAY-2_RPH_HDM_114.JPG,RPH,DAY-2,HDM,1,Klaster B
DAY-2_RPH_HDM_115.JPG,RPH,DAY-2,HDM,1,Klaster B
DAY-2_RPH_HDM_116.JPG,RPH,DAY-2,HDM,1,Klaster B
DAY-2_RPH_HDM_117.JPG,RPH,DAY-2,HDM,1,Klaster B
DAY-2_RPH_HDM_118.JPG,RPH,DAY-2,HDM,1,Klaster B
DAY-2_RPH_HDM_119.JPG,RPH,DAY-2,HDM,1,Klaster B
DAY-2_RPH_HDM_120.JPG,RPH,DAY-2,HDM,1,Klaster B
DAY-2_RPH_HDM_121.JPG,RPH,DAY-2,HDM,1,Klaster B
DAY-2_RPH_HDM_122.JPG,RPH,DAY-2,HDM,1,Klaster B
DAY-2_RPH_HDM_123.JPG,RPH,DAY-2,HDM,1,Klaster B
DAY-2_RPH_HDM_124.JPG,RPH,DAY-2,HDM,1,Klaster B
DAY-2_RPH_HDM_125.JPG,RPH,DAY-2,HDM,1,Klaster B
DAY-2_RPH_HDM_126.JPG,RPH,DAY-2,HDM,1,Klaster B
DAY-2_RPH_HDM_127.JPG,RPH,DAY-2,HDM,1,Klaster B
DAY-2_RPH_HDM_128.JPG,RPH,DAY-2,HDM,1,Klaster B
DAY-2_RPH_HDM_129.JPG,RPH,DAY-2,HDM,1,Klaster B
DAY-2_RPH_HDM_130.JPG,RPH,DAY-2,HDM,1,Klaster B
DAY-2_RPH_HDM_131.JPG,RPH,DAY-2,HDM,1,Klaster B
DAY-2_RPH_HDM_132.JPG,RPH,DAY-2,HDM,1,Klaster B
DAY-2_RPH_HDM_133.JPG,RPH,DAY-2,HDM,1,Klaster B
DAY-2_RPH_HDM_134.JPG,RPH,DAY-2,HDM,1,Klaster B
DAY-2_RPH_HDM_135.JPG,RPH,DAY-2,HDM,1,Klaster B
DAY-2_RPH_HDM_136.JPG,RPH,DAY-2,HDM,1,Klaster B
DAY-2_RPH_HDM_137.JPG,RPH,DAY-2,HDM,1,Klaster B
DAY-2_RPH_HDM_138.JPG,RPH,DAY-2,HDM,1,Klaster B
DAY-2_RPH_HDM_139.JPG,RPH,DAY-2,HDM,1,Klaster B
DAY-2_RPH_HDM_140.JPG,RPH,DAY-2,HDM,1,Klaster B
DAY-2_RPH_HLR_001.JPG,RPH,DAY-2,HLR,1,Klaster B
DAY-2_RPH_HLR_002.JPG,RPH,DAY-2,HLR,0,Klaster A
DAY-2_RPH_HLR_003.JPG,RPH,DAY-2,HLR,1,Klaster B
DAY-2_RPH_HLR_004.JPG,RPH,DAY-2,HLR,1,Klaster B
DAY-2_RPH_HLR_005.JPG,RPH,DAY-2,HLR,1,Klaster B
DAY-2_RPH_HLR_006.JPG,RPH,DAY-2,HLR,1,Klaster B
DAY-2_RPH_HLR_007.JPG,RPH,DAY-2,HLR,1,Klaster B
DAY-2_RPH_HLR_008.JPG,RPH,DAY-2,HLR,1,Klaster B
DAY-2_RPH_HLR_009.JPG,RPH,DAY-2,HLR,1,Klaster B
DAY-2_RPH_HLR_010.JPG,RPH,DAY-2,HLR,1,Klaster B
DAY-2_RPH_HLR_011.JPG,RPH,DAY-2,HLR,0,Klaster A
DAY-2_RPH_HLR_012.JPG,RPH,DAY-2,HLR,1,Klaster B
DAY-2_RPH_HLR_013.JPG,RPH,DAY-2,HLR,1,Klaster B
DAY-2_RPH_HLR_015.JPG,RPH,DAY-2,HLR,1,Klaster B
DAY-2_RPH_HLR_016.JPG,RPH,DAY-2,HLR,1,Klaster B
DAY-2_RPH_HLR_017.JPG,RPH,DAY-2,HLR,1,Klaster B
DAY-2_RPH_HLR_018.JPG,RPH,DAY-2,HLR,1,Klaster B
DAY-2_RPH_HLR_019.JPG,RPH,DAY-2,HLR,1,Klaster B
DAY-2_RPH_HLR_020.JPG,RPH,DAY-2,HLR,1,Klaster B
DAY-2_RPH_HLR_021.JPG,RPH,DAY-2,HLR,1,Klaster B
DAY-2_RPH_HLR_022.JPG,RPH,DAY-2,HLR,1,Klaster B
DAY-2_RPH_HLR_023.JPG,RPH,DAY-2,HLR,1,Klaster B
DAY-2_RPH_HLR_024.JPG,RPH,DAY-2,HLR,1,Klaster B
DAY-2_RPH_HLR_025.JPG,RPH,DAY-2,HLR,1,Klaster B
DAY-2_RPH_HLR_026.JPG,RPH,DAY-2,HLR,1,Klaster B
DAY-2_RPH_HLR_027.JPG,RPH,DAY-2,HLR,1,Klaster B
DAY-2_RPH_HLR_028.JPG,RPH,DAY-2,HLR,1,Klaster B
DAY-2_RPH_HLR_029.JPG,RPH,DAY-2,HLR,1,Klaster B
DAY-2_RPH_HLR_030.JPG,RPH,DAY-2,HLR,1,Klaster B
DAY-2_RPH_HLR_031.JPG,RPH,DAY-2,HLR,0,Klaster A
DAY-2_RPH_HLR_032.JPG,RPH,DAY-2,HLR,0,Klaster A
DAY-2_RPH_HLR_033.JPG,RPH,DAY-2,HLR,1,Klaster B
DAY-2_RPH_HLR_034.JPG,RPH,DAY-2,HLR,1,Klaster B
DAY-2_RPH_HLR_035.JPG,RPH,DAY-2,HLR,0,Klaster A
DAY-2_RPH_HLR_036.JPG,RPH,DAY-2,HLR,0,Klaster A
DAY-2_RPH_HLR_037.JPG,RPH,DAY-2,HLR,0,Klaster A
DAY-2_RPH_HLR_038.JPG,RPH,DAY-2,HLR,1,Klaster B
DAY-2_RPH_HLR_040.JPG,RPH,DAY-2,HLR,1,Klaster B
DAY-2_RPH_HLR_041.JPG,RPH,DAY-2,HLR,1,Klaster B
DAY-2_RPH_HLR_042.JPG,RPH,DAY-2,HLR,0,Klaster A
DAY-2_RPH_HLR_043.JPG,RPH,DAY-2,HLR,0,Klaster A
DAY-2_RPH_HLR_044.JPG,RPH,DAY-2,HLR,1,Klaster B
DAY-2_RPH_HLR_045.JPG,RPH,DAY-2,HLR,0,Klaster A
DAY-2_RPH_HLR_046.JPG,RPH,DAY-2,HLR,0,Klaster A
DAY-2_RPH_HLR_047.JPG,RPH,DAY-2,HLR,1,Klaster B
DAY-2_RPH_HLR_048.JPG,RPH,DAY-2,HLR,1,Klaster B
DAY-2_RPH_HLR_049.JPG,RPH,DAY-2,HLR,1,Klaster B
DAY-2_RPH_HLR_050.JPG,RPH,DAY-2,HLR,1,Klaster B
DAY-2_RPH_HLR_051.JPG,RPH,DAY-2,HLR,0,Klaster A
DAY-2_RPH_HLR_052.JPG,RPH,DAY-2,HLR,0,Klaster A
DAY-2_RPH_HLR_053.JPG,RPH,DAY-2,HLR,1,Klaster B
DAY-2_RPH_HLR_054.JPG,RPH,DAY-2,HLR,1,Klaster B
DAY-2_RPH_HLR_055.JPG,RPH,DAY-2,HLR,1,Klaster B
DAY-2_RPH_HLR_056.JPG,RPH,DAY-2,HLR,1,Klaster B
DAY-2_RPH_HLR_057.JPG,RPH,DAY-2,HLR,1,Klaster B
DAY-2_RPH_HLR_058.JPG,RPH,DAY-2,HLR,1,Klaster B
DAY-2_RPH_HLR_059.JPG,RPH,DAY-2,HLR,0,Klaster A
DAY-2_RPH_HLR_060.JPG,RPH,DAY-2,HLR,1,Klaster B
DAY-2_RPH_HLR_062.JPG,RPH,DAY-2,HLR,1,Klaster B
DAY-2_RPH_HLR_063.JPG,RPH,DAY-2,HLR,1,Klaster B
DAY-2_RPH_HLR_064.JPG,RPH,DAY-2,HLR,1,Klaster B
DAY-2_RPH_HLR_065.JPG,RPH,DAY-2,HLR,1,Klaster B
DAY-2_RPH_HLR_066.JPG,RPH,DAY-2,HLR,1,Klaster B
DAY-2_RPH_HLR_067.JPG,RPH,DAY-2,HLR,0,Klaster A
DAY-2_RPH_HLR_068.JPG,RPH,DAY-2,HLR,1,Klaster B
DAY-2_RPH_HLR_069.JPG,RPH,DAY-2,HLR,0,Klaster A
DAY-2_RPH_HLR_070.JPG,RPH,DAY-2,HLR,1,Klaster B
DAY-2_RPH_HLR_071.JPG,RPH,DAY-2,HLR,1,Klaster B
DAY-2_RPH_HLR_072.JPG,RPH,DAY-2,HLR,1,Klaster B
DAY-2_RPH_HLR_073.JPG,RPH,DAY-2,HLR,0,Klaster A
DAY-2_RPH_HLR_074.JPG,RPH,DAY-2,HLR,1,Klaster B
DAY-2_RPH_HLR_075.JPG,RPH,DAY-2,HLR,1,Klaster B
DAY-2_RPH_HLR_076.JPG,RPH,DAY-2,HLR,1,Klaster B
DAY-2_RPH_HLR_078.JPG,RPH,DAY-2,HLR,1,Klaster B
DAY-2_RPH_HLR_079.JPG,RPH,DAY-2,HLR,1,Klaster B
DAY-2_RPH_HLR_080.JPG,RPH,DAY-2,HLR,1,Klaster B
DAY-2_RPH_HLR_081.JPG,RPH,DAY-2,HLR,1,Klaster B
DAY-2_RPH_HLR_082.JPG,RPH,DAY-2,HLR,1,Klaster B
DAY-2_RPH_HLR_083.JPG,RPH,DAY-2,HLR,1,Klaster B
DAY-2_RPH_HLR_084.JPG,RPH,DAY-2,HLR,1,Klaster B
DAY-2_RPH_HLR_085.JPG,RPH,DAY-2,HLR,0,Klaster A
DAY-2_RPH_HLR_086.JPG,RPH,DAY-2,HLR,1,Klaster B
DAY-2_RPH_HLR_087.JPG,RPH,DAY-2,HLR,1,Klaster B
DAY-2_RPH_HLR_088.JPG,RPH,DAY-2,HLR,1,Klaster B
DAY-2_RPH_HLR_089.JPG,RPH,DAY-2,HLR,1,Klaster B
DAY-2_RPH_HLR_090.JPG,RPH,DAY-2,HLR,1,Klaster B
DAY-2_RPH_HLR_091.JPG,RPH,DAY-2,HLR,1,Klaster B
DAY-2_RPH_HLR_092.JPG,RPH,DAY-2,HLR,1,Klaster B
DAY-2_RPH_HLR_094.JPG,RPH,DAY-2,HLR,1,Klaster B
DAY-2_RPH_HLR_095.JPG,RPH,DAY-2,HLR,1,Klaster B
DAY-2_RPH_HLR_096.JPG,RPH,DAY-2,HLR,1,Klaster B
DAY-2_RPH_HLR_097.JPG,RPH,DAY-2,HLR,1,Klaster B
DAY-2_RPH_HLR_098.JPG,RPH,DAY-2,HLR,1,Klaster B
DAY-2_RPH_HLR_099.JPG,RPH,DAY-2,HLR,1,Klaster B
DAY-2_RPH_HLR_100.JPG,RPH,DAY-2,HLR,1,Klaster B
DAY-2_RPH_HLR_101.JPG,RPH,DAY-2,HLR,1,Klaster B
DAY-2_RPH_HLR_102.JPG,RPH,DAY-2,HLR,1,Klaster B
DAY-2_RPH_HLR_103.JPG,RPH,DAY-2,HLR,1,Klaster B
DAY-2_RPH_HLR_104.JPG,RPH,DAY-2,HLR,1,Klaster B
DAY-2_RPH_HLR_105.JPG,RPH,DAY-2,HLR,1,Klaster B
DAY-2_RPH_HLR_106.JPG,RPH,DAY-2,HLR,1,Klaster B
DAY-2_RPH_HLR_107.JPG,RPH,DAY-2,HLR,1,Klaster B
DAY-2_RPH_HLR_109.JPG,RPH,DAY-2,HLR,1,Klaster B
DAY-2_RPH_HLR_110.JPG,RPH,DAY-2,HLR,1,Klaster B
DAY-2_RPH_HLR_111.JPG,RPH,DAY-2,HLR,1,Klaster B
DAY-2_RPH_HLR_112.JPG,RPH,DAY-2,HLR,1,Klaster B
DAY-2_RPH_HLR_113.JPG,RPH,DAY-2,HLR,1,Klaster B
DAY-2_RPH_HLR_114.JPG,RPH,DAY-2,HLR,1,Klaster B
DAY-2_RPH_HLR_115.JPG,RPH,DAY-2,HLR,1,Klaster B
DAY-2_RPH_HLR_116.JPG,RPH,DAY-2,HLR,1,Klaster B
DAY-2_RPH_HLR_117.JPG,RPH,DAY-2,HLR,1,Klaster B
DAY-2_RPH_HLR_118.JPG,RPH,DAY-2,HLR,1,Klaster B
DAY-2_RPH_HLR_119.JPG,RPH,DAY-2,HLR,1,Klaster B
DAY-2_RPH_HLR_120.JPG,RPH,DAY-2,HLR,1,Klaster B
DAY-2_RPH_HLR_121.JPG,RPH,DAY-2,HLR,1,Klaster B
DAY-2_RPH_HLR_122.JPG,RPH,DAY-2,HLR,1,Klaster B
DAY-2_RPH_HLR_123.JPG,RPH,DAY-2,HLR,1,Klaster B
DAY-2_RPH_HLR_124.JPG,RPH,DAY-2,HLR,1,Klaster B
DAY-2_RPH_HLR_125.JPG,RPH,DAY-2,HLR,1,Klaster B
DAY-2_RPH_HLR_126.JPG,RPH,DAY-2,HLR,1,Klaster B
DAY-2_RPH_HLR_128.JPG,RPH,DAY-2,HLR,1,Klaster B
DAY-2_RPH_HLR_129.JPG,RPH,DAY-2,HLR,1,Klaster B
DAY-2_RPH_HLR_130.JPG,RPH,DAY-2,HLR,1,Klaster B
DAY-2_RPH_HLR_131.JPG,RPH,DAY-2,HLR,1,Klaster B
DAY-2_RPH_HLR_132.JPG,RPH,DAY-2,HLR,1,Klaster B
DAY-2_RPH_HLR_133.JPG,RPH,DAY-2,HLR,1,Klaster B
DAY-2_RPH_HLR_134.JPG,RPH,DAY-2,HLR,1,Klaster B
DAY-2_RPH_HLR_135.JPG,RPH,DAY-2,HLR,1,Klaster B
DAY-2_RPH_HLR_136.JPG,RPH,DAY-2,HLR,1,Klaster B
DAY-2_RPH_HLR_137.JPG,RPH,DAY-2,HLR,1,Klaster B
DAY-2_RPH_HLR_138.JPG,RPH,DAY-2,HLR,1,Klaster B
DAY-2_RPH_HLR_139.JPG,RPH,DAY-2,HLR,1,Klaster B
DAY-2_RPH_HLR_140.JPG,RPH,DAY-2,HLR,1,Klaster B
DAY-2_RPH_KLP_001.JPG,RPH,DAY-2,KLP,1,Klaster B
DAY-2_RPH_KLP_002.JPG,RPH,DAY-2,KLP,1,Klaster B
DAY-2_RPH_KLP_003.JPG,RPH,DAY-2,KLP,1,Klaster B
DAY-2_RPH_KLP_004.JPG,RPH,DAY-2,KLP,1,Klaster B
DAY-2_RPH_KLP_005.JPG,RPH,DAY-2,KLP,1,Klaster B
DAY-2_RPH_KLP_006.JPG,RPH,DAY-2,KLP,1,Klaster B
DAY-2_RPH_KLP_007.JPG,RPH,DAY-2,KLP,1,Klaster B
DAY-2_RPH_KLP_008.JPG,RPH,DAY-2,KLP,1,Klaster B
DAY-2_RPH_KLP_009.JPG,RPH,DAY-2,KLP,1,Klaster B
DAY-2_RPH_KLP_010.JPG,RPH,DAY-2,KLP,1,Klaster B
DAY-2_RPH_KLP_011.JPG,RPH,DAY-2,KLP,1,Klaster B
DAY-2_RPH_KLP_012.JPG,RPH,DAY-2,KLP,1,Klaster B
DAY-2_RPH_KLP_013.JPG,RPH,DAY-2,KLP,1,Klaster B
DAY-2_RPH_KLP_014.JPG,RPH,DAY-2,KLP,1,Klaster B
DAY-2_RPH_KLP_015.JPG,RPH,DAY-2,KLP,1,Klaster B
DAY-2_RPH_KLP_016.JPG,RPH,DAY-2,KLP,1,Klaster B
DAY-2_RPH_KLP_017.JPG,RPH,DAY-2,KLP,1,Klaster B
DAY-2_RPH_KLP_018.JPG,RPH,DAY-2,KLP,1,Klaster B
DAY-2_RPH_KLP_019.JPG,RPH,DAY-2,KLP,1,Klaster B
DAY-2_RPH_KLP_020.JPG,RPH,DAY-2,KLP,1,Klaster B
DAY-2_RPH_KLP_021.JPG,RPH,DAY-2,KLP,1,Klaster B
DAY-2_RPH_KLP_022.JPG,RPH,DAY-2,KLP,1,Klaster B
DAY-2_RPH_KLP_023.JPG,RPH,DAY-2,KLP,1,Klaster B
DAY-2_RPH_KLP_024.JPG,RPH,DAY-2,KLP,1,Klaster B
DAY-2_RPH_KLP_025.JPG,RPH,DAY-2,KLP,1,Klaster B
DAY-2_RPH_KLP_026.JPG,RPH,DAY-2,KLP,1,Klaster B
DAY-2_RPH_KLP_027.JPG,RPH,DAY-2,KLP,1,Klaster B
DAY-2_RPH_KLP_028.JPG,RPH,DAY-2,KLP,1,Klaster B
DAY-2_RPH_KLP_029.JPG,RPH,DAY-2,KLP,1,Klaster B
DAY-2_RPH_KLP_030.JPG,RPH,DAY-2,KLP,1,Klaster B
DAY-2_RPH_KLP_031.JPG,RPH,DAY-2,KLP,1,Klaster B
DAY-2_RPH_KLP_032.JPG,RPH,DAY-2,KLP,1,Klaster B
DAY-2_RPH_KLP_033.JPG,RPH,DAY-2,KLP,1,Klaster B
DAY-2_RPH_KLP_034.JPG,RPH,DAY-2,KLP,1,Klaster B
DAY-2_RPH_KLP_035.JPG,RPH,DAY-2,KLP,1,Klaster B
DAY-2_RPH_KLP_036.JPG,RPH,DAY-2,KLP,1,Klaster B
DAY-2_RPH_KLP_037.JPG,RPH,DAY-2,KLP,1,Klaster B
DAY-2_RPH_KLP_038.JPG,RPH,DAY-2,KLP,1,Klaster B
DAY-2_RPH_KLP_039.JPG,RPH,DAY-2,KLP,1,Klaster B
DAY-2_RPH_KLP_040.JPG,RPH,DAY-2,KLP,1,Klaster B
DAY-2_RPH_KLP_041.JPG,RPH,DAY-2,KLP,1,Klaster B
DAY-2_RPH_KLP_042.JPG,RPH,DAY-2,KLP,1,Klaster B
DAY-2_RPH_KLP_043.JPG,RPH,DAY-2,KLP,1,Klaster B
DAY-2_RPH_KLP_044.JPG,RPH,DAY-2,KLP,1,Klaster B
DAY-2_RPH_KLP_045.JPG,RPH,DAY-2,KLP,1,Klaster B
DAY-2_RPH_KLP_046.JPG,RPH,DAY-2,KLP,1,Klaster B
DAY-2_RPH_KLP_047.JPG,RPH,DAY-2,KLP,1,Klaster B
DAY-2_RPH_KLP_048.JPG,RPH,DAY-2,KLP,1,Klaster B
DAY-2_RPH_KLP_049.JPG,RPH,DAY-2,KLP,1,Klaster B
DAY-2_RPH_KLP_050.JPG,RPH,DAY-2,KLP,1,Klaster B
DAY-2_RPH_KLP_051.JPG,RPH,DAY-2,KLP,1,Klaster B
DAY-2_RPH_KLP_052.JPG,RPH,DAY-2,KLP,1,Klaster B
DAY-2_RPH_KLP_053.JPG,RPH,DAY-2,KLP,1,Klaster B
DAY-2_RPH_KLP_054.JPG,RPH,DAY-2,KLP,1,Klaster B
DAY-2_RPH_KLP_055.JPG,RPH,DAY-2,KLP,1,Klaster B
DAY-2_RPH_KLP_056.JPG,RPH,DAY-2,KLP,1,Klaster B
DAY-2_RPH_KLP_057.JPG,RPH,DAY-2,KLP,1,Klaster B
DAY-2_RPH_KLP_058.JPG,RPH,DAY-2,KLP,1,Klaster B
DAY-2_RPH_KLP_059.JPG,RPH,DAY-2,KLP,1,Klaster B
DAY-2_RPH_KLP_060.JPG,RPH,DAY-2,KLP,1,Klaster B
DAY-2_RPH_KLP_061.JPG,RPH,DAY-2,KLP,1,Klaster B
DAY-2_RPH_KLP_062.JPG,RPH,DAY-2,KLP,1,Klaster B
DAY-2_RPH_KLP_063.JPG,RPH,DAY-2,KLP,1,Klaster B
DAY-2_RPH_KLP_064.JPG,RPH,DAY-2,KLP,0,Klaster A
DAY-2_RPH_KLP_065.JPG,RPH,DAY-2,KLP,1,Klaster B
DAY-2_RPH_KLP_066.JPG,RPH,DAY-2,KLP,1,Klaster B
DAY-2_RPH_KLP_067.JPG,RPH,DAY-2,KLP,1,Klaster B
DAY-2_RPH_KLP_068.JPG,RPH,DAY-2,KLP,1,Klaster B
DAY-2_RPH_KLP_069.JPG,RPH,DAY-2,KLP,1,Klaster B
DAY-2_RPH_KLP_070.JPG,RPH,DAY-2,KLP,1,Klaster B
DAY-2_RPH_KLP_071.JPG,RPH,DAY-2,KLP,1,Klaster B
DAY-2_RPH_KLP_072.JPG,RPH,DAY-2,KLP,1,Klaster B
DAY-2_RPH_KLP_073.JPG,RPH,DAY-2,KLP,1,Klaster B
DAY-2_RPH_KLP_074.JPG,RPH,DAY-2,KLP,1,Klaster B
DAY-2_RPH_KLP_075.JPG,RPH,DAY-2,KLP,1,Klaster B
DAY-2_RPH_KLP_076.JPG,RPH,DAY-2,KLP,1,Klaster B
DAY-2_RPH_KLP_077.JPG,RPH,DAY-2,KLP,1,Klaster B
DAY-2_RPH_KLP_078.JPG,RPH,DAY-2,KLP,1,Klaster B
DAY-2_RPH_KLP_079.JPG,RPH,DAY-2,KLP,1,Klaster B
DAY-2_RPH_KLP_080.JPG,RPH,DAY-2,KLP,1,Klaster B
DAY-2_RPH_KLP_081.JPG,RPH,DAY-2,KLP,1,Klaster B
DAY-2_RPH_KLP_082.JPG,RPH,DAY-2,KLP,1,Klaster B
DAY-2_RPH_KLP_083.JPG,RPH,DAY-2,KLP,1,Klaster B
DAY-2_RPH_KLP_084.JPG,RPH,DAY-2,KLP,1,Klaster B
DAY-2_RPH_KLP_086.JPG,RPH,DAY-2,KLP,1,Klaster B
DAY-2_RPH_KLP_087.JPG,RPH,DAY-2,KLP,1,Klaster B
DAY-2_RPH_KLP_088.JPG,RPH,DAY-2,KLP,1,Klaster B
DAY-2_RPH_KLP_089.JPG,RPH,DAY-2,KLP,1,Klaster B
DAY-2_RPH_KLP_090.JPG,RPH,DAY-2,KLP,1,Klaster B
DAY-2_RPH_KLP_091.JPG,RPH,DAY-2,KLP,1,Klaster B
DAY-2_RPH_KLP_092.JPG,RPH,DAY-2,KLP,1,Klaster B
DAY-2_RPH_KLP_093.JPG,RPH,DAY-2,KLP,1,Klaster B
DAY-2_RPH_KLP_094.JPG,RPH,DAY-2,KLP,1,Klaster B
DAY-2_RPH_KLP_095.JPG,RPH,DAY-2,KLP,1,Klaster B
DAY-2_RPH_KLP_096.JPG,RPH,DAY-2,KLP,1,Klaster B
DAY-2_RPH_KLP_097.JPG,RPH,DAY-2,KLP,1,Klaster B
DAY-2_RPH_KLP_098.JPG,RPH,DAY-2,KLP,1,Klaster B
DAY-2_RPH_KLP_099.JPG,RPH,DAY-2,KLP,1,Klaster B
DAY-2_RPH_KLP_100.JPG,RPH,DAY-2,KLP,1,Klaster B
DAY-2_RPH_KLP_101.JPG,RPH,DAY-2,KLP,1,Klaster B
DAY-2_RPH_KLP_102.JPG,RPH,DAY-2,KLP,1,Klaster B
DAY-2_RPH_KLP_103.JPG,RPH,DAY-2,KLP,1,Klaster B
DAY-2_RPH_KLP_104.JPG,RPH,DAY-2,KLP,1,Klaster B
DAY-2_RPH_KLP_105.JPG,RPH,DAY-2,KLP,1,Klaster B
DAY-2_RPH_KLP_106.JPG,RPH,DAY-2,KLP,1,Klaster B
DAY-2_RPH_KLP_107.JPG,RPH,DAY-2,KLP,1,Klaster B
DAY-2_RPH_KLP_108.JPG,RPH,DAY-2,KLP,1,Klaster B
DAY-2_RPH_KLP_109.JPG,RPH,DAY-2,KLP,1,Klaster B
DAY-2_RPH_KLP_110.JPG,RPH,DAY-2,KLP,1,Klaster B
DAY-2_RPH_KLP_111.JPG,RPH,DAY-2,KLP,1,Klaster B
DAY-2_RPH_KLP_112.JPG,RPH,DAY-2,KLP,1,Klaster B
DAY-2_RPH_KLP_113.JPG,RPH,DAY-2,KLP,1,Klaster B
DAY-2_RPH_KLP_114.JPG,RPH,DAY-2,KLP,1,Klaster B
DAY-2_RPH_KLP_115.JPG,RPH,DAY-2,KLP,1,Klaster B
DAY-2_RPH_KLP_116.JPG,RPH,DAY-2,KLP,1,Klaster B
DAY-2_RPH_KLP_117.JPG,RPH,DAY-2,KLP,1,Klaster B
DAY-2_RPH_KLP_118.JPG,RPH,DAY-2,KLP,1,Klaster B
DAY-2_RPH_KLP_119.JPG,RPH,DAY-2,KLP,1,Klaster B
DAY-2_RPH_KLP_120.JPG,RPH,DAY-2,KLP,1,Klaster B
DAY-2_RPH_KLP_121.JPG,RPH,DAY-2,KLP,1,Klaster B
DAY-2_RPH_KLP_122.JPG,RPH,DAY-2,KLP,1,Klaster B
DAY-2_RPH_KLP_123.JPG,RPH,DAY-2,KLP,1,Klaster B
DAY-2_RPH_KLP_124.JPG,RPH,DAY-2,KLP,1,Klaster B
DAY-2_RPH_KLP_125.JPG,RPH,DAY-2,KLP,1,Klaster B
DAY-2_RPH_KLP_126.JPG,RPH,DAY-2,KLP,1,Klaster B
DAY-2_RPH_KLP_127.JPG,RPH,DAY-2,KLP,1,Klaster B
DAY-2_RPH_KLP_128.JPG,RPH,DAY-2,KLP,1,Klaster B
DAY-2_RPH_KLP_129.JPG,RPH,DAY-2,KLP,1,Klaster B
DAY-2_RPH_KLP_130.JPG,RPH,DAY-2,KLP,1,Klaster B
DAY-2_RPH_KLP_131.JPG,RPH,DAY-2,KLP,1,Klaster B
DAY-2_RPH_KLP_132.JPG,RPH,DAY-2,KLP,1,Klaster B
DAY-2_RPH_KLP_133.JPG,RPH,DAY-2,KLP,1,Klaster B
DAY-2_RPH_KLP_134.JPG,RPH,DAY-2,KLP,1,Klaster B
DAY-2_RPH_KLP_135.JPG,RPH,DAY-2,KLP,1,Klaster B
DAY-2_RPH_KLP_136.JPG,RPH,DAY-2,KLP,1,Klaster B
DAY-2_RPH_KLP_137.JPG,RPH,DAY-2,KLP,1,Klaster B
DAY-2_RPH_KLP_138.JPG,RPH,DAY-2,KLP,1,Klaster B
DAY-2_RPH_KLP_139.JPG,RPH,DAY-2,KLP,1,Klaster B
DAY-2_RPH_KLP_140.JPG,RPH,DAY-2,KLP,1,Klaster B
DAY-2_RPH_LMS_001.JPG,RPH,DAY-2,LMS,1,Klaster B
DAY-2_RPH_LMS_002.JPG,RPH,DAY-2,LMS,1,Klaster B
DAY-2_RPH_LMS_003.JPG,RPH,DAY-2,LMS,1,Klaster B
DAY-2_RPH_LMS_004.JPG,RPH,DAY-2,LMS,1,Klaster B
DAY-2_RPH_LMS_005.JPG,RPH,DAY-2,LMS,1,Klaster B
DAY-2_RPH_LMS_006.JPG,RPH,DAY-2,LMS,1,Klaster B
DAY-2_RPH_LMS_007.JPG,RPH,DAY-2,LMS,1,Klaster B
DAY-2_RPH_LMS_008.JPG,RPH,DAY-2,LMS,1,Klaster B
DAY-2_RPH_LMS_009.JPG,RPH,DAY-2,LMS,1,Klaster B
DAY-2_RPH_LMS_010.JPG,RPH,DAY-2,LMS,1,Klaster B
DAY-2_RPH_LMS_011.JPG,RPH,DAY-2,LMS,1,Klaster B
DAY-2_RPH_LMS_012.JPG,RPH,DAY-2,LMS,1,Klaster B
DAY-2_RPH_LMS_013.JPG,RPH,DAY-2,LMS,1,Klaster B
DAY-2_RPH_LMS_014.JPG,RPH,DAY-2,LMS,1,Klaster B
DAY-2_RPH_LMS_015.JPG,RPH,DAY-2,LMS,1,Klaster B
DAY-2_RPH_LMS_016.JPG,RPH,DAY-2,LMS,1,Klaster B
DAY-2_RPH_LMS_017.JPG,RPH,DAY-2,LMS,1,Klaster B
DAY-2_RPH_LMS_018.JPG,RPH,DAY-2,LMS,1,Klaster B
DAY-2_RPH_LMS_019.JPG,RPH,DAY-2,LMS,1,Klaster B
DAY-2_RPH_LMS_020.JPG,RPH,DAY-2,LMS,1,Klaster B
DAY-2_RPH_LMS_021.JPG,RPH,DAY-2,LMS,1,Klaster B
DAY-2_RPH_LMS_022.JPG,RPH,DAY-2,LMS,1,Klaster B
DAY-2_RPH_LMS_023.JPG,RPH,DAY-2,LMS,1,Klaster B
DAY-2_RPH_LMS_024.JPG,RPH,DAY-2,LMS,1,Klaster B
DAY-2_RPH_LMS_025.JPG,RPH,DAY-2,LMS,1,Klaster B
DAY-2_RPH_LMS_026.JPG,RPH,DAY-2,LMS,1,Klaster B
DAY-2_RPH_LMS_027.JPG,RPH,DAY-2,LMS,1,Klaster B
DAY-2_RPH_LMS_028.JPG,RPH,DAY-2,LMS,1,Klaster B
DAY-2_RPH_LMS_029.JPG,RPH,DAY-2,LMS,1,Klaster B
DAY-2_RPH_LMS_030.JPG,RPH,DAY-2,LMS,1,Klaster B
DAY-2_RPH_LMS_031.JPG,RPH,DAY-2,LMS,1,Klaster B
DAY-2_RPH_LMS_032.JPG,RPH,DAY-2,LMS,1,Klaster B
DAY-2_RPH_LMS_033.JPG,RPH,DAY-2,LMS,1,Klaster B
DAY-2_RPH_LMS_034.JPG,RPH,DAY-2,LMS,1,Klaster B
DAY-2_RPH_LMS_035.JPG,RPH,DAY-2,LMS,1,Klaster B
DAY-2_RPH_LMS_036.JPG,RPH,DAY-2,LMS,1,Klaster B
DAY-2_RPH_LMS_037.JPG,RPH,DAY-2,LMS,1,Klaster B
DAY-2_RPH_LMS_038.JPG,RPH,DAY-2,LMS,1,Klaster B
DAY-2_RPH_LMS_039.JPG,RPH,DAY-2,LMS,1,Klaster B
DAY-2_RPH_LMS_040.JPG,RPH,DAY-2,LMS,1,Klaster B
DAY-2_RPH_LMS_041.JPG,RPH,DAY-2,LMS,1,Klaster B
DAY-2_RPH_LMS_042.JPG,RPH,DAY-2,LMS,1,Klaster B
DAY-2_RPH_LMS_043.JPG,RPH,DAY-2,LMS,1,Klaster B
DAY-2_RPH_LMS_044.JPG,RPH,DAY-2,LMS,1,Klaster B
DAY-2_RPH_LMS_045.JPG,RPH,DAY-2,LMS,1,Klaster B
DAY-2_RPH_LMS_046.JPG,RPH,DAY-2,LMS,1,Klaster B
DAY-2_RPH_LMS_047.JPG,RPH,DAY-2,LMS,1,Klaster B
DAY-2_RPH_LMS_048.JPG,RPH,DAY-2,LMS,1,Klaster B
DAY-2_RPH_LMS_049.JPG,RPH,DAY-2,LMS,1,Klaster B
DAY-2_RPH_LMS_050.JPG,RPH,DAY-2,LMS,1,Klaster B
DAY-2_RPH_LMS_051.JPG,RPH,DAY-2,LMS,1,Klaster B
DAY-2_RPH_LMS_052.JPG,RPH,DAY-2,LMS,1,Klaster B
DAY-2_RPH_LMS_053.JPG,RPH,DAY-2,LMS,1,Klaster B
DAY-2_RPH_LMS_054.JPG,RPH,DAY-2,LMS,1,Klaster B
DAY-2_RPH_LMS_055.JPG,RPH,DAY-2,LMS,1,Klaster B
DAY-2_RPH_LMS_056.JPG,RPH,DAY-2,LMS,1,Klaster B
DAY-2_RPH_LMS_057.JPG,RPH,DAY-2,LMS,1,Klaster B
DAY-2_RPH_LMS_058.JPG,RPH,DAY-2,LMS,1,Klaster B
DAY-2_RPH_LMS_059.JPG,RPH,DAY-2,LMS,1,Klaster B
DAY-2_RPH_LMS_060.JPG,RPH,DAY-2,LMS,1,Klaster B
DAY-2_RPH_LMS_061.JPG,RPH,DAY-2,LMS,1,Klaster B
DAY-2_RPH_LMS_062.JPG,RPH,DAY-2,LMS,1,Klaster B
DAY-2_RPH_LMS_063.JPG,RPH,DAY-2,LMS,1,Klaster B
DAY-2_RPH_LMS_064.JPG,RPH,DAY-2,LMS,1,Klaster B
DAY-2_RPH_LMS_065.JPG,RPH,DAY-2,LMS,1,Klaster B
DAY-2_RPH_LMS_066.JPG,RPH,DAY-2,LMS,1,Klaster B
DAY-2_RPH_LMS_067.JPG,RPH,DAY-2,LMS,1,Klaster B
DAY-2_RPH_LMS_068.JPG,RPH,DAY-2,LMS,1,Klaster B
DAY-2_RPH_LMS_069.JPG,RPH,DAY-2,LMS,1,Klaster B
DAY-2_RPH_LMS_070.JPG,RPH,DAY-2,LMS,1,Klaster B
DAY-2_RPH_LMS_071.JPG,RPH,DAY-2,LMS,1,Klaster B
DAY-2_RPH_LMS_072.JPG,RPH,DAY-2,LMS,1,Klaster B
DAY-2_RPH_LMS_073.JPG,RPH,DAY-2,LMS,1,Klaster B
DAY-2_RPH_LMS_074.JPG,RPH,DAY-2,LMS,1,Klaster B
DAY-2_RPH_LMS_075.JPG,RPH,DAY-2,LMS,1,Klaster B
DAY-2_RPH_LMS_076.JPG,RPH,DAY-2,LMS,1,Klaster B
DAY-2_RPH_LMS_077.JPG,RPH,DAY-2,LMS,1,Klaster B
DAY-2_RPH_LMS_078.JPG,RPH,DAY-2,LMS,1,Klaster B
DAY-2_RPH_LMS_079.JPG,RPH,DAY-2,LMS,1,Klaster B
DAY-2_RPH_LMS_080.JPG,RPH,DAY-2,LMS,1,Klaster B
DAY-2_RPH_LMS_081.JPG,RPH,DAY-2,LMS,1,Klaster B
DAY-2_RPH_LMS_082.JPG,RPH,DAY-2,LMS,1,Klaster B
DAY-2_RPH_LMS_083.JPG,RPH,DAY-2,LMS,1,Klaster B
DAY-2_RPH_LMS_084.JPG,RPH,DAY-2,LMS,1,Klaster B
DAY-2_RPH_LMS_085.JPG,RPH,DAY-2,LMS,1,Klaster B
DAY-2_RPH_LMS_086.JPG,RPH,DAY-2,LMS,1,Klaster B
DAY-2_RPH_LMS_087.JPG,RPH,DAY-2,LMS,1,Klaster B
DAY-2_RPH_LMS_088.JPG,RPH,DAY-2,LMS,1,Klaster B
DAY-2_RPH_LMS_089.JPG,RPH,DAY-2,LMS,1,Klaster B
DAY-2_RPH_LMS_090.JPG,RPH,DAY-2,LMS,1,Klaster B
DAY-2_RPH_LMS_091.JPG,RPH,DAY-2,LMS,1,Klaster B
DAY-2_RPH_LMS_092.JPG,RPH,DAY-2,LMS,1,Klaster B
DAY-2_RPH_LMS_093.JPG,RPH,DAY-2,LMS,1,Klaster B
DAY-2_RPH_LMS_094.JPG,RPH,DAY-2,LMS,1,Klaster B
DAY-2_RPH_LMS_095.JPG,RPH,DAY-2,LMS,1,Klaster B
DAY-2_RPH_LMS_096.JPG,RPH,DAY-2,LMS,1,Klaster B
DAY-2_RPH_LMS_097.JPG,RPH,DAY-2,LMS,1,Klaster B
DAY-2_RPH_LMS_098.JPG,RPH,DAY-2,LMS,1,Klaster B
DAY-2_RPH_LMS_099.JPG,RPH,DAY-2,LMS,1,Klaster B
DAY-2_RPH_LMS_100.JPG,RPH,DAY-2,LMS,1,Klaster B
DAY-2_RPH_LMS_101.JPG,RPH,DAY-2,LMS,1,Klaster B
DAY-2_RPH_LMS_102.JPG,RPH,DAY-2,LMS,1,Klaster B
DAY-2_RPH_LMS_103.JPG,RPH,DAY-2,LMS,1,Klaster B
DAY-2_RPH_LMS_104.JPG,RPH,DAY-2,LMS,1,Klaster B
DAY-2_RPH_LMS_105.JPG,RPH,DAY-2,LMS,1,Klaster B
DAY-2_RPH_LMS_106.JPG,RPH,DAY-2,LMS,1,Klaster B
DAY-2_RPH_LMS_107.JPG,RPH,DAY-2,LMS,1,Klaster B
DAY-2_RPH_LMS_108.JPG,RPH,DAY-2,LMS,1,Klaster B
DAY-2_RPH_LMS_109.JPG,RPH,DAY-2,LMS,1,Klaster B
DAY-2_RPH_LMS_110.JPG,RPH,DAY-2,LMS,1,Klaster B
DAY-2_RPH_LMS_111.JPG,RPH,DAY-2,LMS,1,Klaster B
DAY-2_RPH_LMS_112.JPG,RPH,DAY-2,LMS,1,Klaster B
DAY-2_RPH_LMS_113.JPG,RPH,DAY-2,LMS,1,Klaster B
DAY-2_RPH_LMS_114.JPG,RPH,DAY-2,LMS,1,Klaster B
DAY-2_RPH_LMS_115.JPG,RPH,DAY-2,LMS,1,Klaster B
DAY-2_RPH_LMS_116.JPG,RPH,DAY-2,LMS,1,Klaster B
DAY-2_RPH_LMS_117.JPG,RPH,DAY-2,LMS,1,Klaster B
DAY-2_RPH_LMS_118.JPG,RPH,DAY-2,LMS,1,Klaster B
DAY-2_RPH_LMS_119.JPG,RPH,DAY-2,LMS,1,Klaster B
DAY-2_RPH_LMS_120.JPG,RPH,DAY-2,LMS,1,Klaster B
DAY-2_RPH_LMS_121.JPG,RPH,DAY-2,LMS,1,Klaster B
DAY-2_RPH_LMS_122.JPG,RPH,DAY-2,LMS,1,Klaster B
DAY-2_RPH_LMS_123.JPG,RPH,DAY-2,LMS,1,Klaster B
DAY-2_RPH_LMS_124.JPG,RPH,DAY-2,LMS,1,Klaster B
DAY-2_RPH_LMS_125.JPG,RPH,DAY-2,LMS,1,Klaster B
DAY-2_RPH_LMS_126.JPG,RPH,DAY-2,LMS,1,Klaster B
DAY-2_RPH_LMS_127.JPG,RPH,DAY-2,LMS,1,Klaster B
DAY-2_RPH_LMS_128.JPG,RPH,DAY-2,LMS,1,Klaster B
DAY-2_RPH_LMS_129.JPG,RPH,DAY-2,LMS,1,Klaster B
DAY-2_RPH_LMS_130.JPG,RPH,DAY-2,LMS,1,Klaster B
DAY-2_RPH_LMS_131.JPG,RPH,DAY-2,LMS,1,Klaster B
DAY-2_RPH_LMS_132.JPG,RPH,DAY-2,LMS,1,Klaster B
DAY-2_RPH_LMS_133.JPG,RPH,DAY-2,LMS,1,Klaster B
DAY-2_RPH_LMS_134.JPG,RPH,DAY-2,LMS,1,Klaster B
DAY-2_RPH_LMS_135.JPG,RPH,DAY-2,LMS,1,Klaster B
DAY-2_RPH_LMS_136.JPG,RPH,DAY-2,LMS,1,Klaster B
DAY-2_RPH_LMS_137.JPG,RPH,DAY-2,LMS,1,Klaster B
DAY-2_RPH_LMS_138.JPG,RPH,DAY-2,LMS,1,Klaster B
DAY-2_RPH_LMS_139.JPG,RPH,DAY-2,LMS,1,Klaster B
DAY-2_RPH_LMS_140.JPG,RPH,DAY-2,LMS,1,Klaster B
DAY-2_UMKM_PDS_001.JPG,UMKM,DAY-2,PDS,1,Klaster B
DAY-2_UMKM_PDS_002.JPG,UMKM,DAY-2,PDS,1,Klaster B
DAY-2_UMKM_PDS_003.JPG,UMKM,DAY-2,PDS,1,Klaster B
DAY-2_UMKM_PDS_004.JPG,UMKM,DAY-2,PDS,1,Klaster B
DAY-2_UMKM_PDS_005.JPG,UMKM,DAY-2,PDS,1,Klaster B
DAY-2_UMKM_PDS_006.JPG,UMKM,DAY-2,PDS,1,Klaster B
DAY-2_UMKM_PDS_007.JPG,UMKM,DAY-2,PDS,1,Klaster B
DAY-2_UMKM_PDS_008.JPG,UMKM,DAY-2,PDS,0,Klaster A
DAY-2_UMKM_PDS_009.JPG,UMKM,DAY-2,PDS,1,Klaster B
DAY-2_UMKM_PDS_010.JPG,UMKM,DAY-2,PDS,1,Klaster B
DAY-2_UMKM_PDS_011.JPG,UMKM,DAY-2,PDS,1,Klaster B
DAY-2_UMKM_PDS_012.JPG,UMKM,DAY-2,PDS,1,Klaster B
DAY-2_UMKM_PDS_013.JPG,UMKM,DAY-2,PDS,1,Klaster B
DAY-2_UMKM_PDS_014.JPG,UMKM,DAY-2,PDS,1,Klaster B
DAY-2_UMKM_PDS_015.JPG,UMKM,DAY-2,PDS,1,Klaster B
DAY-2_UMKM_PDS_016.JPG,UMKM,DAY-2,PDS,0,Klaster A
DAY-2_UMKM_PDS_017.JPG,UMKM,DAY-2,PDS,1,Klaster B
DAY-2_UMKM_PDS_018.JPG,UMKM,DAY-2,PDS,1,Klaster B
DAY-2_UMKM_PDS_019.JPG,UMKM,DAY-2,PDS,1,Klaster B
DAY-2_UMKM_PDS_020.JPG,UMKM,DAY-2,PDS,0,Klaster A
DAY-2_UMKM_PDS_021.JPG,UMKM,DAY-2,PDS,1,Klaster B
DAY-2_UMKM_PDS_022.JPG,UMKM,DAY-2,PDS,0,Klaster A
DAY-2_UMKM_PDS_023.JPG,UMKM,DAY-2,PDS,1,Klaster B
DAY-2_UMKM_PDS_024.JPG,UMKM,DAY-2,PDS,1,Klaster B
DAY-2_UMKM_PDS_025.JPG,UMKM,DAY-2,PDS,1,Klaster B
DAY-2_UMKM_PDS_026.JPG,UMKM,DAY-2,PDS,1,Klaster B
DAY-2_UMKM_PDS_027.JPG,UMKM,DAY-2,PDS,1,Klaster B
DAY-2_UMKM_PDS_028.JPG,UMKM,DAY-2,PDS,0,Klaster A
DAY-2_UMKM_PDS_029.JPG,UMKM,DAY-2,PDS,1,Klaster B
DAY-2_UMKM_PDS_030.JPG,UMKM,DAY-2,PDS,1,Klaster B
DAY-2_UMKM_PDS_031.JPG,UMKM,DAY-2,PDS,1,Klaster B
DAY-2_UMKM_PDS_032.JPG,UMKM,DAY-2,PDS,0,Klaster A
DAY-2_UMKM_PDS_033.JPG,UMKM,DAY-2,PDS,1,Klaster B
DAY-2_UMKM_PDS_034.JPG,UMKM,DAY-2,PDS,0,Klaster A
DAY-2_UMKM_PDS_035.JPG,UMKM,DAY-2,PDS,1,Klaster B
DAY-2_UMKM_PDS_036.JPG,UMKM,DAY-2,PDS,1,Klaster B
DAY-2_UMKM_PDS_037.JPG,UMKM,DAY-2,PDS,1,Klaster B
DAY-2_UMKM_PDS_038.JPG,UMKM,DAY-2,PDS,0,Klaster A
DAY-2_UMKM_PDS_039.JPG,UMKM,DAY-2,PDS,1,Klaster B
DAY-2_UMKM_PDS_040.JPG,UMKM,DAY-2,PDS,1,Klaster B
DAY-2_UMKM_PDS_041.JPG,UMKM,DAY-2,PDS,1,Klaster B
DAY-2_UMKM_PDS_042.JPG,UMKM,DAY-2,PDS,1,Klaster B
DAY-2_UMKM_PDS_043.JPG,UMKM,DAY-2,PDS,1,Klaster B
DAY-2_UMKM_PDS_044.JPG,UMKM,DAY-2,PDS,0,Klaster A
DAY-2_UMKM_PDS_045.JPG,UMKM,DAY-2,PDS,1,Klaster B
DAY-2_UMKM_PDS_046.JPG,UMKM,DAY-2,PDS,0,Klaster A
DAY-2_UMKM_PDS_047.JPG,UMKM,DAY-2,PDS,1,Klaster B
DAY-2_UMKM_PDS_048.JPG,UMKM,DAY-2,PDS,0,Klaster A
DAY-2_UMKM_PDS_049.JPG,UMKM,DAY-2,PDS,1,Klaster B
DAY-2_UMKM_PDS_050.JPG,UMKM,DAY-2,PDS,0,Klaster A
DAY-2_UMKM_PDS_051.JPG,UMKM,DAY-2,PDS,1,Klaster B
DAY-2_UMKM_PDS_052.JPG,UMKM,DAY-2,PDS,1,Klaster B
DAY-2_UMKM_PDS_053.JPG,UMKM,DAY-2,PDS,1,Klaster B
DAY-2_UMKM_PDS_054.JPG,UMKM,DAY-2,PDS,0,Klaster A
DAY-2_UMKM_PDS_055.JPG,UMKM,DAY-2,PDS,1,Klaster B
DAY-2_UMKM_PDS_056.JPG,UMKM,DAY-2,PDS,0,Klaster A
DAY-2_UMKM_PDS_057.JPG,UMKM,DAY-2,PDS,1,Klaster B
DAY-2_UMKM_PDS_058.JPG,UMKM,DAY-2,PDS,1,Klaster B
DAY-2_UMKM_PDS_059.JPG,UMKM,DAY-2,PDS,1,Klaster B
DAY-2_UMKM_PDS_060.JPG,UMKM,DAY-2,PDS,0,Klaster A
DAY-2_UMKM_PDS_061.JPG,UMKM,DAY-2,PDS,1,Klaster B
DAY-2_UMKM_PDS_062.JPG,UMKM,DAY-2,PDS,0,Klaster A
DAY-2_UMKM_PDS_063.JPG,UMKM,DAY-2,PDS,1,Klaster B
DAY-2_UMKM_PDS_064.JPG,UMKM,DAY-2,PDS,0,Klaster A
DAY-2_UMKM_PDS_065.JPG,UMKM,DAY-2,PDS,1,Klaster B
DAY-2_UMKM_PDS_066.JPG,UMKM,DAY-2,PDS,0,Klaster A
DAY-2_UMKM_PDS_067.JPG,UMKM,DAY-2,PDS,1,Klaster B
DAY-2_UMKM_PDS_068.JPG,UMKM,DAY-2,PDS,0,Klaster A
DAY-2_UMKM_PDS_069.JPG,UMKM,DAY-2,PDS,1,Klaster B
DAY-2_UMKM_PDS_070.JPG,UMKM,DAY-2,PDS,0,Klaster A
DAY-2_UMKM_PDS_071.JPG,UMKM,DAY-2,PDS,1,Klaster B
DAY-2_UMKM_PDS_072.JPG,UMKM,DAY-2,PDS,0,Klaster A
DAY-2_UMKM_PDS_073.JPG,UMKM,DAY-2,PDS,1,Klaster B
DAY-2_UMKM_PDS_074.JPG,UMKM,DAY-2,PDS,0,Klaster A
DAY-2_UMKM_PDS_075.JPG,UMKM,DAY-2,PDS,1,Klaster B
DAY-2_UMKM_PDS_076.JPG,UMKM,DAY-2,PDS,0,Klaster A
DAY-2_UMKM_PDS_077.JPG,UMKM,DAY-2,PDS,1,Klaster B
DAY-2_UMKM_PDS_078.JPG,UMKM,DAY-2,PDS,1,Klaster B
DAY-2_UMKM_PDS_079.JPG,UMKM,DAY-2,PDS,1,Klaster B
DAY-2_UMKM_PDS_080.JPG,UMKM,DAY-2,PDS,0,Klaster A
DAY-2_UMKM_PDS_081.JPG,UMKM,DAY-2,PDS,1,Klaster B
DAY-2_UMKM_PDS_082.JPG,UMKM,DAY-2,PDS,1,Klaster B
DAY-2_UMKM_PDS_083.JPG,UMKM,DAY-2,PDS,1,Klaster B
DAY-2_UMKM_PDS_084.JPG,UMKM,DAY-2,PDS,1,Klaster B
DAY-2_UMKM_PDS_085.JPG,UMKM,DAY-2,PDS,1,Klaster B
DAY-2_UMKM_PDS_086.JPG,UMKM,DAY-2,PDS,0,Klaster A
DAY-2_UMKM_PDS_087.JPG,UMKM,DAY-2,PDS,1,Klaster B
DAY-2_UMKM_PDS_088.JPG,UMKM,DAY-2,PDS,1,Klaster B
DAY-2_UMKM_PDS_089.JPG,UMKM,DAY-2,PDS,1,Klaster B
DAY-2_UMKM_PDS_090.JPG,UMKM,DAY-2,PDS,0,Klaster A
DAY-2_UMKM_PDS_091.JPG,UMKM,DAY-2,PDS,1,Klaster B
DAY-2_UMKM_PDS_092.JPG,UMKM,DAY-2,PDS,1,Klaster B
DAY-2_UMKM_PDS_093.JPG,UMKM,DAY-2,PDS,1,Klaster B
DAY-2_UMKM_PDS_094.JPG,UMKM,DAY-2,PDS,1,Klaster B
DAY-2_UMKM_PDS_095.JPG,UMKM,DAY-2,PDS,1,Klaster B
DAY-2_UMKM_PDS_096.JPG,UMKM,DAY-2,PDS,0,Klaster A
DAY-2_UMKM_PDS_097.JPG,UMKM,DAY-2,PDS,1,Klaster B
DAY-2_UMKM_PDS_098.JPG,UMKM,DAY-2,PDS,1,Klaster B
DAY-2_UMKM_PDS_099.JPG,UMKM,DAY-2,PDS,1,Klaster B
DAY-2_UMKM_PDS_100.JPG,UMKM,DAY-2,PDS,0,Klaster A
DAY-2_UMKM_PDS_101.JPG,UMKM,DAY-2,PDS,1,Klaster B
DAY-2_UMKM_PDS_102.JPG,UMKM,DAY-2,PDS,1,Klaster B
DAY-2_UMKM_PDS_103.JPG,UMKM,DAY-2,PDS,1,Klaster B
DAY-2_UMKM_PDS_104.JPG,UMKM,DAY-2,PDS,0,Klaster A
DAY-2_UMKM_PDS_105.JPG,UMKM,DAY-2,PDS,1,Klaster B
DAY-2_UMKM_PDS_106.JPG,UMKM,DAY-2,PDS,1,Klaster B
DAY-2_UMKM_PDS_107.JPG,UMKM,DAY-2,PDS,1,Klaster B
DAY-2_UMKM_PDS_108.JPG,UMKM,DAY-2,PDS,0,Klaster A
DAY-2_UMKM_PDS_109.JPG,UMKM,DAY-2,PDS,1,Klaster B
DAY-2_UMKM_PDS_110.JPG,UMKM,DAY-2,PDS,0,Klaster A
DAY-2_UMKM_PDS_111.JPG,UMKM,DAY-2,PDS,1,Klaster B
DAY-2_UMKM_PDS_112.JPG,UMKM,DAY-2,PDS,0,Klaster A
DAY-2_UMKM_PDS_113.JPG,UMKM,DAY-2,PDS,1,Klaster B
DAY-2_UMKM_PDS_114.JPG,UMKM,DAY-2,PDS,0,Klaster A
DAY-2_UMKM_PDS_115.JPG,UMKM,DAY-2,PDS,1,Klaster B
DAY-2_UMKM_PDS_116.JPG,UMKM,DAY-2,PDS,1,Klaster B
DAY-2_UMKM_PDS_117.JPG,UMKM,DAY-2,PDS,1,Klaster B
DAY-2_UMKM_PDS_118.JPG,UMKM,DAY-2,PDS,0,Klaster A
DAY-2_UMKM_PDS_119.JPG,UMKM,DAY-2,PDS,1,Klaster B
DAY-2_UMKM_PDS_120.JPG,UMKM,DAY-2,PDS,0,Klaster A
DAY-2_UMKM_PDS_121.JPG,UMKM,DAY-2,PDS,1,Klaster B
DAY-2_UMKM_PDS_122.JPG,UMKM,DAY-2,PDS,1,Klaster B
DAY-2_UMKM_PDS_123.JPG,UMKM,DAY-2,PDS,1,Klaster B
DAY-2_UMKM_PDS_124.JPG,UMKM,DAY-2,PDS,0,Klaster A
DAY-2_UMKM_PDS_125.JPG,UMKM,DAY-2,PDS,1,Klaster B
DAY-2_UMKM_PDS_126.JPG,UMKM,DAY-2,PDS,0,Klaster A
DAY-2_UMKM_PDS_127.JPG,UMKM,DAY-2,PDS,1,Klaster B
DAY-2_UMKM_PDS_128.JPG,UMKM,DAY-2,PDS,0,Klaster A
DAY-2_UMKM_PDS_129.JPG,UMKM,DAY-2,PDS,1,Klaster B
DAY-2_UMKM_PDS_130.JPG,UMKM,DAY-2,PDS,0,Klaster A
DAY-2_UMKM_PDS_131.JPG,UMKM,DAY-2,PDS,1,Klaster B
DAY-2_UMKM_PDS_132.JPG,UMKM,DAY-2,PDS,0,Klaster A
DAY-2_UMKM_PDS_133.JPG,UMKM,DAY-2,PDS,1,Klaster B
DAY-2_UMKM_PDS_134.JPG,UMKM,DAY-2,PDS,1,Klaster B
DAY-2_UMKM_PDS_135.JPG,UMKM,DAY-2,PDS,1,Klaster B
DAY-2_UMKM_PDS_136.JPG,UMKM,DAY-2,PDS,0,Klaster A
DAY-2_UMKM_PDS_137.JPG,UMKM,DAY-2,PDS,1,Klaster B
DAY-2_UMKM_PDS_138.JPG,UMKM,DAY-2,PDS,1,Klaster B
DAY-2_UMKM_PDS_139.JPG,UMKM,DAY-2,PDS,1,Klaster B
DAY-2_UMKM_PDS_140.JPG,UMKM,DAY-2,PDS,1,Klaster B
DAY-2_UMKM_PNT_001.JPG,UMKM,DAY-2,PNT,1,Klaster B
DAY-2_UMKM_PNT_002.JPG,UMKM,DAY-2,PNT,0,Klaster A
DAY-2_UMKM_PNT_003.JPG,UMKM,DAY-2,PNT,1,Klaster B
DAY-2_UMKM_PNT_004.JPG,UMKM,DAY-2,PNT,1,Klaster B
DAY-2_UMKM_PNT_005.JPG,UMKM,DAY-2,PNT,1,Klaster B
DAY-2_UMKM_PNT_006.JPG,UMKM,DAY-2,PNT,0,Klaster A
DAY-2_UMKM_PNT_007.JPG,UMKM,DAY-2,PNT,1,Klaster B
DAY-2_UMKM_PNT_008.JPG,UMKM,DAY-2,PNT,0,Klaster A
DAY-2_UMKM_PNT_009.JPG,UMKM,DAY-2,PNT,1,Klaster B
DAY-2_UMKM_PNT_010.JPG,UMKM,DAY-2,PNT,0,Klaster A
DAY-2_UMKM_PNT_011.JPG,UMKM,DAY-2,PNT,1,Klaster B
DAY-2_UMKM_PNT_012.JPG,UMKM,DAY-2,PNT,1,Klaster B
DAY-2_UMKM_PNT_013.JPG,UMKM,DAY-2,PNT,1,Klaster B
DAY-2_UMKM_PNT_014.JPG,UMKM,DAY-2,PNT,1,Klaster B
DAY-2_UMKM_PNT_015.JPG,UMKM,DAY-2,PNT,1,Klaster B
DAY-2_UMKM_PNT_016.JPG,UMKM,DAY-2,PNT,0,Klaster A
DAY-2_UMKM_PNT_017.JPG,UMKM,DAY-2,PNT,1,Klaster B
DAY-2_UMKM_PNT_018.JPG,UMKM,DAY-2,PNT,1,Klaster B
DAY-2_UMKM_PNT_019.JPG,UMKM,DAY-2,PNT,1,Klaster B
DAY-2_UMKM_PNT_020.JPG,UMKM,DAY-2,PNT,1,Klaster B
DAY-2_UMKM_PNT_021.JPG,UMKM,DAY-2,PNT,1,Klaster B
DAY-2_UMKM_PNT_022.JPG,UMKM,DAY-2,PNT,0,Klaster A
DAY-2_UMKM_PNT_023.JPG,UMKM,DAY-2,PNT,1,Klaster B
DAY-2_UMKM_PNT_024.JPG,UMKM,DAY-2,PNT,0,Klaster A
DAY-2_UMKM_PNT_025.JPG,UMKM,DAY-2,PNT,1,Klaster B
DAY-2_UMKM_PNT_026.JPG,UMKM,DAY-2,PNT,0,Klaster A
DAY-2_UMKM_PNT_027.JPG,UMKM,DAY-2,PNT,1,Klaster B
DAY-2_UMKM_PNT_028.JPG,UMKM,DAY-2,PNT,0,Klaster A
DAY-2_UMKM_PNT_029.JPG,UMKM,DAY-2,PNT,1,Klaster B
DAY-2_UMKM_PNT_030.JPG,UMKM,DAY-2,PNT,1,Klaster B
DAY-2_UMKM_PNT_031.JPG,UMKM,DAY-2,PNT,1,Klaster B
DAY-2_UMKM_PNT_032.JPG,UMKM,DAY-2,PNT,1,Klaster B
DAY-2_UMKM_PNT_033.JPG,UMKM,DAY-2,PNT,1,Klaster B
DAY-2_UMKM_PNT_034.JPG,UMKM,DAY-2,PNT,0,Klaster A
DAY-2_UMKM_PNT_035.JPG,UMKM,DAY-2,PNT,1,Klaster B
DAY-2_UMKM_PNT_036.JPG,UMKM,DAY-2,PNT,1,Klaster B
DAY-2_UMKM_PNT_037.JPG,UMKM,DAY-2,PNT,1,Klaster B
DAY-2_UMKM_PNT_038.JPG,UMKM,DAY-2,PNT,0,Klaster A
DAY-2_UMKM_PNT_039.JPG,UMKM,DAY-2,PNT,1,Klaster B
DAY-2_UMKM_PNT_040.JPG,UMKM,DAY-2,PNT,0,Klaster A
DAY-2_UMKM_PNT_041.JPG,UMKM,DAY-2,PNT,1,Klaster B
DAY-2_UMKM_PNT_042.JPG,UMKM,DAY-2,PNT,0,Klaster A
DAY-2_UMKM_PNT_043.JPG,UMKM,DAY-2,PNT,1,Klaster B
DAY-2_UMKM_PNT_044.JPG,UMKM,DAY-2,PNT,1,Klaster B
DAY-2_UMKM_PNT_045.JPG,UMKM,DAY-2,PNT,1,Klaster B
DAY-2_UMKM_PNT_046.JPG,UMKM,DAY-2,PNT,1,Klaster B
DAY-2_UMKM_PNT_047.JPG,UMKM,DAY-2,PNT,1,Klaster B
DAY-2_UMKM_PNT_048.JPG,UMKM,DAY-2,PNT,0,Klaster A
DAY-2_UMKM_PNT_049.JPG,UMKM,DAY-2,PNT,1,Klaster B
DAY-2_UMKM_PNT_050.JPG,UMKM,DAY-2,PNT,1,Klaster B
DAY-2_UMKM_PNT_051.JPG,UMKM,DAY-2,PNT,1,Klaster B
DAY-2_UMKM_PNT_052.JPG,UMKM,DAY-2,PNT,0,Klaster A
DAY-2_UMKM_PNT_053.JPG,UMKM,DAY-2,PNT,1,Klaster B
DAY-2_UMKM_PNT_054.JPG,UMKM,DAY-2,PNT,1,Klaster B
DAY-2_UMKM_PNT_055.JPG,UMKM,DAY-2,PNT,1,Klaster B
DAY-2_UMKM_PNT_056.JPG,UMKM,DAY-2,PNT,1,Klaster B
DAY-2_UMKM_PNT_057.JPG,UMKM,DAY-2,PNT,1,Klaster B
DAY-2_UMKM_PNT_058.JPG,UMKM,DAY-2,PNT,1,Klaster B
DAY-2_UMKM_PNT_059.JPG,UMKM,DAY-2,PNT,1,Klaster B
DAY-2_UMKM_PNT_060.JPG,UMKM,DAY-2,PNT,0,Klaster A
DAY-2_UMKM_PNT_061.JPG,UMKM,DAY-2,PNT,1,Klaster B
DAY-2_UMKM_PNT_062.JPG,UMKM,DAY-2,PNT,0,Klaster A
DAY-2_UMKM_PNT_063.JPG,UMKM,DAY-2,PNT,1,Klaster B
DAY-2_UMKM_PNT_064.JPG,UMKM,DAY-2,PNT,1,Klaster B
DAY-2_UMKM_PNT_065.JPG,UMKM,DAY-2,PNT,1,Klaster B
DAY-2_UMKM_PNT_066.JPG,UMKM,DAY-2,PNT,1,Klaster B
DAY-2_UMKM_PNT_067.JPG,UMKM,DAY-2,PNT,1,Klaster B
DAY-2_UMKM_PNT_068.JPG,UMKM,DAY-2,PNT,0,Klaster A
DAY-2_UMKM_PNT_069.JPG,UMKM,DAY-2,PNT,1,Klaster B
DAY-2_UMKM_PNT_070.JPG,UMKM,DAY-2,PNT,1,Klaster B
DAY-2_UMKM_PNT_071.JPG,UMKM,DAY-2,PNT,1,Klaster B
DAY-2_UMKM_PNT_072.JPG,UMKM,DAY-2,PNT,0,Klaster A
DAY-2_UMKM_PNT_073.JPG,UMKM,DAY-2,PNT,1,Klaster B
DAY-2_UMKM_PNT_074.JPG,UMKM,DAY-2,PNT,0,Klaster A
DAY-2_UMKM_PNT_075.JPG,UMKM,DAY-2,PNT,1,Klaster B
DAY-2_UMKM_PNT_076.JPG,UMKM,DAY-2,PNT,0,Klaster A
DAY-2_UMKM_PNT_077.JPG,UMKM,DAY-2,PNT,1,Klaster B
DAY-2_UMKM_PNT_078.JPG,UMKM,DAY-2,PNT,1,Klaster B
DAY-2_UMKM_PNT_079.JPG,UMKM,DAY-2,PNT,1,Klaster B
DAY-2_UMKM_PNT_080.JPG,UMKM,DAY-2,PNT,0,Klaster A
DAY-2_UMKM_PNT_081.JPG,UMKM,DAY-2,PNT,0,Klaster A
DAY-2_UMKM_PNT_082.JPG,UMKM,DAY-2,PNT,1,Klaster B
DAY-2_UMKM_PNT_083.JPG,UMKM,DAY-2,PNT,1,Klaster B
DAY-2_UMKM_PNT_084.JPG,UMKM,DAY-2,PNT,0,Klaster A
DAY-2_UMKM_PNT_085.JPG,UMKM,DAY-2,PNT,1,Klaster B
DAY-2_UMKM_PNT_086.JPG,UMKM,DAY-2,PNT,1,Klaster B
DAY-2_UMKM_PNT_087.JPG,UMKM,DAY-2,PNT,1,Klaster B
DAY-2_UMKM_PNT_088.JPG,UMKM,DAY-2,PNT,1,Klaster B
DAY-2_UMKM_PNT_089.JPG,UMKM,DAY-2,PNT,1,Klaster B
DAY-2_UMKM_PNT_090.JPG,UMKM,DAY-2,PNT,0,Klaster A
DAY-2_UMKM_PNT_091.JPG,UMKM,DAY-2,PNT,1,Klaster B
DAY-2_UMKM_PNT_092.JPG,UMKM,DAY-2,PNT,0,Klaster A
DAY-2_UMKM_PNT_093.JPG,UMKM,DAY-2,PNT,1,Klaster B
DAY-2_UMKM_PNT_094.JPG,UMKM,DAY-2,PNT,0,Klaster A
DAY-2_UMKM_PNT_095.JPG,UMKM,DAY-2,PNT,1,Klaster B
DAY-2_UMKM_PNT_096.JPG,UMKM,DAY-2,PNT,1,Klaster B
DAY-2_UMKM_PNT_097.JPG,UMKM,DAY-2,PNT,1,Klaster B
DAY-2_UMKM_PNT_098.JPG,UMKM,DAY-2,PNT,1,Klaster B
DAY-2_UMKM_PNT_099.JPG,UMKM,DAY-2,PNT,1,Klaster B
DAY-2_UMKM_PNT_100.JPG,UMKM,DAY-2,PNT,0,Klaster A
DAY-2_UMKM_PNT_101.JPG,UMKM,DAY-2,PNT,1,Klaster B
DAY-2_UMKM_PNT_102.JPG,UMKM,DAY-2,PNT,0,Klaster A
DAY-2_UMKM_PNT_103.JPG,UMKM,DAY-2,PNT,1,Klaster B
DAY-2_UMKM_PNT_104.JPG,UMKM,DAY-2,PNT,1,Klaster B
DAY-2_UMKM_PNT_105.JPG,UMKM,DAY-2,PNT,1,Klaster B
DAY-2_UMKM_PNT_106.JPG,UMKM,DAY-2,PNT,1,Klaster B
DAY-2_UMKM_PNT_107.JPG,UMKM,DAY-2,PNT,1,Klaster B
DAY-2_UMKM_PNT_108.JPG,UMKM,DAY-2,PNT,0,Klaster A
DAY-2_UMKM_PNT_109.JPG,UMKM,DAY-2,PNT,1,Klaster B
DAY-2_UMKM_PNT_110.JPG,UMKM,DAY-2,PNT,1,Klaster B
DAY-2_UMKM_PNT_111.JPG,UMKM,DAY-2,PNT,1,Klaster B
DAY-2_UMKM_PNT_112.JPG,UMKM,DAY-2,PNT,0,Klaster A
DAY-2_UMKM_PNT_113.JPG,UMKM,DAY-2,PNT,1,Klaster B
DAY-2_UMKM_PNT_114.JPG,UMKM,DAY-2,PNT,0,Klaster A
DAY-2_UMKM_PNT_115.JPG,UMKM,DAY-2,PNT,1,Klaster B
DAY-2_UMKM_PNT_116.JPG,UMKM,DAY-2,PNT,1,Klaster B
DAY-2_UMKM_PNT_117.JPG,UMKM,DAY-2,PNT,1,Klaster B
DAY-2_UMKM_PNT_118.JPG,UMKM,DAY-2,PNT,0,Klaster A
DAY-2_UMKM_PNT_119.JPG,UMKM,DAY-2,PNT,1,Klaster B
DAY-2_UMKM_PNT_120.JPG,UMKM,DAY-2,PNT,1,Klaster B
DAY-2_UMKM_PNT_121.JPG,UMKM,DAY-2,PNT,1,Klaster B
DAY-2_UMKM_PNT_122.JPG,UMKM,DAY-2,PNT,0,Klaster A
DAY-2_UMKM_PNT_123.JPG,UMKM,DAY-2,PNT,1,Klaster B
DAY-2_UMKM_PNT_124.JPG,UMKM,DAY-2,PNT,1,Klaster B
DAY-2_UMKM_PNT_125.JPG,UMKM,DAY-2,PNT,0,Klaster A
DAY-2_UMKM_PNT_126.JPG,UMKM,DAY-2,PNT,1,Klaster B
DAY-2_UMKM_PNT_127.JPG,UMKM,DAY-2,PNT,1,Klaster B
DAY-2_UMKM_PNT_128.JPG,UMKM,DAY-2,PNT,0,Klaster A
DAY-2_UMKM_PNT_129.JPG,UMKM,DAY-2,PNT,1,Klaster B
DAY-2_UMKM_PNT_130.JPG,UMKM,DAY-2,PNT,1,Klaster B
DAY-2_UMKM_PNT_131.JPG,UMKM,DAY-2,PNT,1,Klaster B
DAY-2_UMKM_PNT_132.JPG,UMKM,DAY-2,PNT,0,Klaster A
DAY-2_UMKM_PNT_133.JPG,UMKM,DAY-2,PNT,1,Klaster B
DAY-2_UMKM_PNT_134.JPG,UMKM,DAY-2,PNT,0,Klaster A
DAY-2_UMKM_PNT_135.JPG,UMKM,DAY-2,PNT,1,Klaster B
DAY-2_UMKM_PNT_136.JPG,UMKM,DAY-2,PNT,1,Klaster B
DAY-2_UMKM_PNT_137.JPG,UMKM,DAY-2,PNT,1,Klaster B
DAY-2_UMKM_PNT_138.JPG,UMKM,DAY-2,PNT,1,Klaster B
DAY-2_UMKM_PNT_139.JPG,UMKM,DAY-2,PNT,1,Klaster B
DAY-2_UMKM_PNT_140.JPG,UMKM,DAY-2,PNT,1,Klaster B
DAY-2_UMKM_SDL_001.JPG,UMKM,DAY-2,SDL,1,Klaster B
DAY-2_UMKM_SDL_002.JPG,UMKM,DAY-2,SDL,1,Klaster B
DAY-2_UMKM_SDL_003.JPG,UMKM,DAY-2,SDL,1,Klaster B
DAY-2_UMKM_SDL_004.JPG,UMKM,DAY-2,SDL,1,Klaster B
DAY-2_UMKM_SDL_005.JPG,UMKM,DAY-2,SDL,0,Klaster A
DAY-2_UMKM_SDL_006.JPG,UMKM,DAY-2,SDL,0,Klaster A
DAY-2_UMKM_SDL_007.JPG,UMKM,DAY-2,SDL,1,Klaster B
DAY-2_UMKM_SDL_008.JPG,UMKM,DAY-2,SDL,1,Klaster B
DAY-2_UMKM_SDL_009.JPG,UMKM,DAY-2,SDL,1,Klaster B
DAY-2_UMKM_SDL_010.JPG,UMKM,DAY-2,SDL,1,Klaster B
DAY-2_UMKM_SDL_011.JPG,UMKM,DAY-2,SDL,1,Klaster B
DAY-2_UMKM_SDL_012.JPG,UMKM,DAY-2,SDL,1,Klaster B
DAY-2_UMKM_SDL_013.JPG,UMKM,DAY-2,SDL,1,Klaster B
DAY-2_UMKM_SDL_014.JPG,UMKM,DAY-2,SDL,1,Klaster B
DAY-2_UMKM_SDL_015.JPG,UMKM,DAY-2,SDL,1,Klaster B
DAY-2_UMKM_SDL_016.JPG,UMKM,DAY-2,SDL,1,Klaster B
DAY-2_UMKM_SDL_017.JPG,UMKM,DAY-2,SDL,1,Klaster B
DAY-2_UMKM_SDL_018.JPG,UMKM,DAY-2,SDL,1,Klaster B
DAY-2_UMKM_SDL_019.JPG,UMKM,DAY-2,SDL,0,Klaster A
DAY-2_UMKM_SDL_020.JPG,UMKM,DAY-2,SDL,1,Klaster B
DAY-2_UMKM_SDL_021.JPG,UMKM,DAY-2,SDL,1,Klaster B
DAY-2_UMKM_SDL_022.JPG,UMKM,DAY-2,SDL,1,Klaster B
DAY-2_UMKM_SDL_023.JPG,UMKM,DAY-2,SDL,1,Klaster B
DAY-2_UMKM_SDL_024.JPG,UMKM,DAY-2,SDL,1,Klaster B
DAY-2_UMKM_SDL_025.JPG,UMKM,DAY-2,SDL,1,Klaster B
DAY-2_UMKM_SDL_026.JPG,UMKM,DAY-2,SDL,1,Klaster B
DAY-2_UMKM_SDL_027.JPG,UMKM,DAY-2,SDL,1,Klaster B
DAY-2_UMKM_SDL_028.JPG,UMKM,DAY-2,SDL,1,Klaster B
DAY-2_UMKM_SDL_029.JPG,UMKM,DAY-2,SDL,1,Klaster B
DAY-2_UMKM_SDL_030.JPG,UMKM,DAY-2,SDL,1,Klaster B
DAY-2_UMKM_SDL_031.JPG,UMKM,DAY-2,SDL,1,Klaster B
DAY-2_UMKM_SDL_032.JPG,UMKM,DAY-2,SDL,1,Klaster B
DAY-2_UMKM_SDL_033.JPG,UMKM,DAY-2,SDL,1,Klaster B
DAY-2_UMKM_SDL_034.JPG,UMKM,DAY-2,SDL,1,Klaster B
DAY-2_UMKM_SDL_035.JPG,UMKM,DAY-2,SDL,1,Klaster B
DAY-2_UMKM_SDL_036.JPG,UMKM,DAY-2,SDL,1,Klaster B
DAY-2_UMKM_SDL_037.JPG,UMKM,DAY-2,SDL,1,Klaster B
DAY-2_UMKM_SDL_038.JPG,UMKM,DAY-2,SDL,1,Klaster B
DAY-2_UMKM_SDL_039.JPG,UMKM,DAY-2,SDL,1,Klaster B
DAY-2_UMKM_SDL_040.JPG,UMKM,DAY-2,SDL,1,Klaster B
DAY-2_UMKM_SDL_041.JPG,UMKM,DAY-2,SDL,1,Klaster B
DAY-2_UMKM_SDL_042.JPG,UMKM,DAY-2,SDL,1,Klaster B
DAY-2_UMKM_SDL_043.JPG,UMKM,DAY-2,SDL,1,Klaster B
DAY-2_UMKM_SDL_044.JPG,UMKM,DAY-2,SDL,1,Klaster B
DAY-2_UMKM_SDL_045.JPG,UMKM,DAY-2,SDL,1,Klaster B
DAY-2_UMKM_SDL_046.JPG,UMKM,DAY-2,SDL,1,Klaster B
DAY-2_UMKM_SDL_047.JPG,UMKM,DAY-2,SDL,1,Klaster B
DAY-2_UMKM_SDL_048.JPG,UMKM,DAY-2,SDL,1,Klaster B
DAY-2_UMKM_SDL_049.JPG,UMKM,DAY-2,SDL,1,Klaster B
DAY-2_UMKM_SDL_050.JPG,UMKM,DAY-2,SDL,1,Klaster B
DAY-2_UMKM_SDL_051.JPG,UMKM,DAY-2,SDL,0,Klaster A
DAY-2_UMKM_SDL_052.JPG,UMKM,DAY-2,SDL,1,Klaster B
DAY-2_UMKM_SDL_053.JPG,UMKM,DAY-2,SDL,1,Klaster B
DAY-2_UMKM_SDL_054.JPG,UMKM,DAY-2,SDL,0,Klaster A
DAY-2_UMKM_SDL_055.JPG,UMKM,DAY-2,SDL,1,Klaster B
DAY-2_UMKM_SDL_056.JPG,UMKM,DAY-2,SDL,1,Klaster B
DAY-2_UMKM_SDL_057.JPG,UMKM,DAY-2,SDL,1,Klaster B
DAY-2_UMKM_SDL_058.JPG,UMKM,DAY-2,SDL,1,Klaster B
DAY-2_UMKM_SDL_059.JPG,UMKM,DAY-2,SDL,1,Klaster B
DAY-2_UMKM_SDL_060.JPG,UMKM,DAY-2,SDL,0,Klaster A
DAY-2_UMKM_SDL_061.JPG,UMKM,DAY-2,SDL,1,Klaster B
DAY-2_UMKM_SDL_062.JPG,UMKM,DAY-2,SDL,1,Klaster B
DAY-2_UMKM_SDL_063.JPG,UMKM,DAY-2,SDL,1,Klaster B
DAY-2_UMKM_SDL_064.JPG,UMKM,DAY-2,SDL,0,Klaster A
DAY-2_UMKM_SDL_065.JPG,UMKM,DAY-2,SDL,1,Klaster B
DAY-2_UMKM_SDL_066.JPG,UMKM,DAY-2,SDL,0,Klaster A
DAY-2_UMKM_SDL_067.JPG,UMKM,DAY-2,SDL,1,Klaster B
DAY-2_UMKM_SDL_068.JPG,UMKM,DAY-2,SDL,0,Klaster A
DAY-2_UMKM_SDL_069.JPG,UMKM,DAY-2,SDL,1,Klaster B
DAY-2_UMKM_SDL_070.JPG,UMKM,DAY-2,SDL,1,Klaster B
DAY-2_UMKM_SDL_071.JPG,UMKM,DAY-2,SDL,1,Klaster B
DAY-2_UMKM_SDL_072.JPG,UMKM,DAY-2,SDL,1,Klaster B
DAY-2_UMKM_SDL_073.JPG,UMKM,DAY-2,SDL,1,Klaster B
DAY-2_UMKM_SDL_074.JPG,UMKM,DAY-2,SDL,1,Klaster B
DAY-2_UMKM_SDL_075.JPG,UMKM,DAY-2,SDL,1,Klaster B
DAY-2_UMKM_SDL_076.JPG,UMKM,DAY-2,SDL,1,Klaster B
DAY-2_UMKM_SDL_077.JPG,UMKM,DAY-2,SDL,1,Klaster B
DAY-2_UMKM_SDL_078.JPG,UMKM,DAY-2,SDL,0,Klaster A
DAY-2_UMKM_SDL_079.JPG,UMKM,DAY-2,SDL,0,Klaster A
DAY-2_UMKM_SDL_080.JPG,UMKM,DAY-2,SDL,0,Klaster A
DAY-2_UMKM_SDL_081.JPG,UMKM,DAY-2,SDL,1,Klaster B
DAY-2_UMKM_SDL_082.JPG,UMKM,DAY-2,SDL,0,Klaster A
DAY-2_UMKM_SDL_083.JPG,UMKM,DAY-2,SDL,1,Klaster B
DAY-2_UMKM_SDL_084.JPG,UMKM,DAY-2,SDL,1,Klaster B
DAY-2_UMKM_SDL_085.JPG,UMKM,DAY-2,SDL,1,Klaster B
DAY-2_UMKM_SDL_086.JPG,UMKM,DAY-2,SDL,0,Klaster A
DAY-2_UMKM_SDL_087.JPG,UMKM,DAY-2,SDL,0,Klaster A
DAY-2_UMKM_SDL_088.JPG,UMKM,DAY-2,SDL,0,Klaster A
DAY-2_UMKM_SDL_089.JPG,UMKM,DAY-2,SDL,1,Klaster B
DAY-2_UMKM_SDL_090.JPG,UMKM,DAY-2,SDL,1,Klaster B
DAY-2_UMKM_SDL_091.JPG,UMKM,DAY-2,SDL,1,Klaster B
DAY-2_UMKM_SDL_092.JPG,UMKM,DAY-2,SDL,1,Klaster B
DAY-2_UMKM_SDL_093.JPG,UMKM,DAY-2,SDL,1,Klaster B
DAY-2_UMKM_SDL_094.JPG,UMKM,DAY-2,SDL,1,Klaster B
DAY-2_UMKM_SDL_095.JPG,UMKM,DAY-2,SDL,1,Klaster B
DAY-2_UMKM_SDL_096.JPG,UMKM,DAY-2,SDL,1,Klaster B
DAY-2_UMKM_SDL_097.JPG,UMKM,DAY-2,SDL,1,Klaster B
DAY-2_UMKM_SDL_098.JPG,UMKM,DAY-2,SDL,1,Klaster B
DAY-2_UMKM_SDL_099.JPG,UMKM,DAY-2,SDL,1,Klaster B
DAY-2_UMKM_SDL_100.JPG,UMKM,DAY-2,SDL,1,Klaster B
DAY-2_UMKM_SDL_101.JPG,UMKM,DAY-2,SDL,1,Klaster B
DAY-2_UMKM_SDL_102.JPG,UMKM,DAY-2,SDL,0,Klaster A
DAY-2_UMKM_SDL_103.JPG,UMKM,DAY-2,SDL,1,Klaster B
DAY-2_UMKM_SDL_104.JPG,UMKM,DAY-2,SDL,1,Klaster B
DAY-2_UMKM_SDL_105.JPG,UMKM,DAY-2,SDL,1,Klaster B
DAY-2_UMKM_SDL_106.JPG,UMKM,DAY-2,SDL,1,Klaster B
DAY-2_UMKM_SDL_107.JPG,UMKM,DAY-2,SDL,0,Klaster A
DAY-2_UMKM_SDL_108.JPG,UMKM,DAY-2,SDL,1,Klaster B
DAY-2_UMKM_SDL_109.JPG,UMKM,DAY-2,SDL,1,Klaster B
DAY-2_UMKM_SDL_110.JPG,UMKM,DAY-2,SDL,1,Klaster B
DAY-2_UMKM_SDL_111.JPG,UMKM,DAY-2,SDL,1,Klaster B
DAY-2_UMKM_SDL_112.JPG,UMKM,DAY-2,SDL,1,Klaster B
DAY-2_UMKM_SDL_113.JPG,UMKM,DAY-2,SDL,1,Klaster B
DAY-2_UMKM_SDL_114.JPG,UMKM,DAY-2,SDL,1,Klaster B
DAY-2_UMKM_SDL_115.JPG,UMKM,DAY-2,SDL,1,Klaster B
DAY-2_UMKM_SDL_116.JPG,UMKM,DAY-2,SDL,0,Klaster A
DAY-2_UMKM_SDL_117.JPG,UMKM,DAY-2,SDL,1,Klaster B
DAY-2_UMKM_SDL_118.JPG,UMKM,DAY-2,SDL,1,Klaster B
DAY-2_UMKM_SDL_119.JPG,UMKM,DAY-2,SDL,1,Klaster B
DAY-2_UMKM_SDL_120.JPG,UMKM,DAY-2,SDL,1,Klaster B
DAY-2_UMKM_SDL_121.JPG,UMKM,DAY-2,SDL,1,Klaster B
DAY-2_UMKM_SDL_122.JPG,UMKM,DAY-2,SDL,1,Klaster B
DAY-2_UMKM_SDL_123.JPG,UMKM,DAY-2,SDL,0,Klaster A
DAY-2_UMKM_SDL_124.JPG,UMKM,DAY-2,SDL,0,Klaster A
DAY-2_UMKM_SDL_125.JPG,UMKM,DAY-2,SDL,1,Klaster B
DAY-2_UMKM_SDL_126.JPG,UMKM,DAY-2,SDL,1,Klaster B
DAY-2_UMKM_SDL_127.JPG,UMKM,DAY-2,SDL,1,Klaster B
DAY-2_UMKM_SDL_128.JPG,UMKM,DAY-2,SDL,1,Klaster B
DAY-2_UMKM_SDL_129.JPG,UMKM,DAY-2,SDL,1,Klaster B
DAY-2_UMKM_SDL_130.JPG,UMKM,DAY-2,SDL,0,Klaster A
DAY-2_UMKM_SDL_131.JPG,UMKM,DAY-2,SDL,1,Klaster B
DAY-2_UMKM_SDL_132.JPG,UMKM,DAY-2,SDL,0,Klaster A
DAY-2_UMKM_SDL_133.JPG,UMKM,DAY-2,SDL,1,Klaster B
DAY-2_UMKM_SDL_134.JPG,UMKM,DAY-2,SDL,0,Klaster A
DAY-2_UMKM_SDL_135.JPG,UMKM,DAY-2,SDL,1,Klaster B
DAY-2_UMKM_SDL_136.JPG,UMKM,DAY-2,SDL,1,Klaster B
DAY-2_UMKM_SDL_137.JPG,UMKM,DAY-2,SDL,1,Klaster B
DAY-2_UMKM_SDL_138.JPG,UMKM,DAY-2,SDL,1,Klaster B
DAY-2_UMKM_SDL_139.JPG,UMKM,DAY-2,SDL,0,Klaster A
DAY-2_UMKM_SDL_140.JPG,UMKM,DAY-2,SDL,1,Klaster B
DAY-2_UMKM_SKL_001.JPG,UMKM,DAY-2,SKL,1,Klaster B
DAY-2_UMKM_SKL_002.JPG,UMKM,DAY-2,SKL,0,Klaster A
DAY-2_UMKM_SKL_003.JPG,UMKM,DAY-2,SKL,1,Klaster B
DAY-2_UMKM_SKL_004.JPG,UMKM,DAY-2,SKL,0,Klaster A
DAY-2_UMKM_SKL_005.JPG,UMKM,DAY-2,SKL,1,Klaster B
DAY-2_UMKM_SKL_006.JPG,UMKM,DAY-2,SKL,1,Klaster B
DAY-2_UMKM_SKL_007.JPG,UMKM,DAY-2,SKL,1,Klaster B
DAY-2_UMKM_SKL_008.JPG,UMKM,DAY-2,SKL,1,Klaster B
DAY-2_UMKM_SKL_009.JPG,UMKM,DAY-2,SKL,1,Klaster B
DAY-2_UMKM_SKL_010.JPG,UMKM,DAY-2,SKL,0,Klaster A
DAY-2_UMKM_SKL_011.JPG,UMKM,DAY-2,SKL,1,Klaster B
DAY-2_UMKM_SKL_012.JPG,UMKM,DAY-2,SKL,1,Klaster B
DAY-2_UMKM_SKL_013.JPG,UMKM,DAY-2,SKL,1,Klaster B
DAY-2_UMKM_SKL_014.JPG,UMKM,DAY-2,SKL,1,Klaster B
DAY-2_UMKM_SKL_015.JPG,UMKM,DAY-2,SKL,1,Klaster B
DAY-2_UMKM_SKL_016.JPG,UMKM,DAY-2,SKL,1,Klaster B
DAY-2_UMKM_SKL_017.JPG,UMKM,DAY-2,SKL,1,Klaster B
DAY-2_UMKM_SKL_018.JPG,UMKM,DAY-2,SKL,1,Klaster B
DAY-2_UMKM_SKL_019.JPG,UMKM,DAY-2,SKL,1,Klaster B
DAY-2_UMKM_SKL_020.JPG,UMKM,DAY-2,SKL,1,Klaster B
DAY-2_UMKM_SKL_021.JPG,UMKM,DAY-2,SKL,1,Klaster B
DAY-2_UMKM_SKL_022.JPG,UMKM,DAY-2,SKL,1,Klaster B
DAY-2_UMKM_SKL_023.JPG,UMKM,DAY-2,SKL,1,Klaster B
DAY-2_UMKM_SKL_024.JPG,UMKM,DAY-2,SKL,1,Klaster B
DAY-2_UMKM_SKL_025.JPG,UMKM,DAY-2,SKL,1,Klaster B
DAY-2_UMKM_SKL_026.JPG,UMKM,DAY-2,SKL,0,Klaster A
DAY-2_UMKM_SKL_027.JPG,UMKM,DAY-2,SKL,1,Klaster B
DAY-2_UMKM_SKL_028.JPG,UMKM,DAY-2,SKL,1,Klaster B
DAY-2_UMKM_SKL_029.JPG,UMKM,DAY-2,SKL,1,Klaster B
DAY-2_UMKM_SKL_030.JPG,UMKM,DAY-2,SKL,0,Klaster A
DAY-2_UMKM_SKL_031.JPG,UMKM,DAY-2,SKL,1,Klaster B
DAY-2_UMKM_SKL_032.JPG,UMKM,DAY-2,SKL,1,Klaster B
DAY-2_UMKM_SKL_033.JPG,UMKM,DAY-2,SKL,1,Klaster B
DAY-2_UMKM_SKL_034.JPG,UMKM,DAY-2,SKL,0,Klaster A
DAY-2_UMKM_SKL_035.JPG,UMKM,DAY-2,SKL,1,Klaster B
DAY-2_UMKM_SKL_036.JPG,UMKM,DAY-2,SKL,1,Klaster B
DAY-2_UMKM_SKL_037.JPG,UMKM,DAY-2,SKL,1,Klaster B
DAY-2_UMKM_SKL_038.JPG,UMKM,DAY-2,SKL,1,Klaster B
DAY-2_UMKM_SKL_039.JPG,UMKM,DAY-2,SKL,1,Klaster B
DAY-2_UMKM_SKL_040.JPG,UMKM,DAY-2,SKL,1,Klaster B
DAY-2_UMKM_SKL_041.JPG,UMKM,DAY-2,SKL,1,Klaster B
DAY-2_UMKM_SKL_042.JPG,UMKM,DAY-2,SKL,0,Klaster A
DAY-2_UMKM_SKL_043.JPG,UMKM,DAY-2,SKL,1,Klaster B
DAY-2_UMKM_SKL_044.JPG,UMKM,DAY-2,SKL,1,Klaster B
DAY-2_UMKM_SKL_045.JPG,UMKM,DAY-2,SKL,1,Klaster B
DAY-2_UMKM_SKL_046.JPG,UMKM,DAY-2,SKL,1,Klaster B
DAY-2_UMKM_SKL_047.JPG,UMKM,DAY-2,SKL,1,Klaster B
DAY-2_UMKM_SKL_048.JPG,UMKM,DAY-2,SKL,0,Klaster A
DAY-2_UMKM_SKL_049.JPG,UMKM,DAY-2,SKL,1,Klaster B
DAY-2_UMKM_SKL_050.JPG,UMKM,DAY-2,SKL,1,Klaster B
DAY-2_UMKM_SKL_051.JPG,UMKM,DAY-2,SKL,1,Klaster B
DAY-2_UMKM_SKL_052.JPG,UMKM,DAY-2,SKL,1,Klaster B
DAY-2_UMKM_SKL_053.JPG,UMKM,DAY-2,SKL,1,Klaster B
DAY-2_UMKM_SKL_054.JPG,UMKM,DAY-2,SKL,1,Klaster B
DAY-2_UMKM_SKL_055.JPG,UMKM,DAY-2,SKL,1,Klaster B
DAY-2_UMKM_SKL_056.JPG,UMKM,DAY-2,SKL,1,Klaster B
DAY-2_UMKM_SKL_057.JPG,UMKM,DAY-2,SKL,1,Klaster B
DAY-2_UMKM_SKL_058.JPG,UMKM,DAY-2,SKL,1,Klaster B
DAY-2_UMKM_SKL_059.JPG,UMKM,DAY-2,SKL,1,Klaster B
DAY-2_UMKM_SKL_060.JPG,UMKM,DAY-2,SKL,1,Klaster B
DAY-2_UMKM_SKL_061.JPG,UMKM,DAY-2,SKL,1,Klaster B
DAY-2_UMKM_SKL_062.JPG,UMKM,DAY-2,SKL,1,Klaster B
DAY-2_UMKM_SKL_063.JPG,UMKM,DAY-2,SKL,1,Klaster B
DAY-2_UMKM_SKL_064.JPG,UMKM,DAY-2,SKL,0,Klaster A
DAY-2_UMKM_SKL_065.JPG,UMKM,DAY-2,SKL,1,Klaster B
DAY-2_UMKM_SKL_066.JPG,UMKM,DAY-2,SKL,1,Klaster B
DAY-2_UMKM_SKL_067.JPG,UMKM,DAY-2,SKL,1,Klaster B
DAY-2_UMKM_SKL_068.JPG,UMKM,DAY-2,SKL,1,Klaster B
DAY-2_UMKM_SKL_069.JPG,UMKM,DAY-2,SKL,1,Klaster B
DAY-2_UMKM_SKL_070.JPG,UMKM,DAY-2,SKL,1,Klaster B
DAY-2_UMKM_SKL_071.JPG,UMKM,DAY-2,SKL,1,Klaster B
DAY-2_UMKM_SKL_072.JPG,UMKM,DAY-2,SKL,0,Klaster A
DAY-2_UMKM_SKL_073.JPG,UMKM,DAY-2,SKL,1,Klaster B
DAY-2_UMKM_SKL_074.JPG,UMKM,DAY-2,SKL,1,Klaster B
DAY-2_UMKM_SKL_075.JPG,UMKM,DAY-2,SKL,1,Klaster B
DAY-2_UMKM_SKL_076.JPG,UMKM,DAY-2,SKL,1,Klaster B
DAY-2_UMKM_SKL_077.JPG,UMKM,DAY-2,SKL,1,Klaster B
DAY-2_UMKM_SKL_078.JPG,UMKM,DAY-2,SKL,1,Klaster B
DAY-2_UMKM_SKL_079.JPG,UMKM,DAY-2,SKL,1,Klaster B
DAY-2_UMKM_SKL_080.JPG,UMKM,DAY-2,SKL,1,Klaster B
DAY-2_UMKM_SKL_081.JPG,UMKM,DAY-2,SKL,1,Klaster B
DAY-2_UMKM_SKL_082.JPG,UMKM,DAY-2,SKL,1,Klaster B
DAY-2_UMKM_SKL_083.JPG,UMKM,DAY-2,SKL,1,Klaster B
DAY-2_UMKM_SKL_084.JPG,UMKM,DAY-2,SKL,1,Klaster B
DAY-2_UMKM_SKL_085.JPG,UMKM,DAY-2,SKL,1,Klaster B
DAY-2_UMKM_SKL_086.JPG,UMKM,DAY-2,SKL,1,Klaster B
DAY-2_UMKM_SKL_087.JPG,UMKM,DAY-2,SKL,1,Klaster B
DAY-2_UMKM_SKL_088.JPG,UMKM,DAY-2,SKL,1,Klaster B
DAY-2_UMKM_SKL_089.JPG,UMKM,DAY-2,SKL,0,Klaster A
DAY-2_UMKM_SKL_090.JPG,UMKM,DAY-2,SKL,1,Klaster B
DAY-2_UMKM_SKL_091.JPG,UMKM,DAY-2,SKL,1,Klaster B
DAY-2_UMKM_SKL_092.JPG,UMKM,DAY-2,SKL,1,Klaster B
DAY-2_UMKM_SKL_093.JPG,UMKM,DAY-2,SKL,1,Klaster B
DAY-2_UMKM_SKL_094.JPG,UMKM,DAY-2,SKL,1,Klaster B
DAY-2_UMKM_SKL_095.JPG,UMKM,DAY-2,SKL,1,Klaster B
DAY-2_UMKM_SKL_096.JPG,UMKM,DAY-2,SKL,1,Klaster B
DAY-2_UMKM_SKL_097.JPG,UMKM,DAY-2,SKL,1,Klaster B
DAY-2_UMKM_SKL_098.JPG,UMKM,DAY-2,SKL,1,Klaster B
DAY-2_UMKM_SKL_099.JPG,UMKM,DAY-2,SKL,1,Klaster B
DAY-2_UMKM_SKL_100.JPG,UMKM,DAY-2,SKL,1,Klaster B
DAY-2_UMKM_SKL_101.JPG,UMKM,DAY-2,SKL,1,Klaster B
DAY-2_UMKM_SKL_102.JPG,UMKM,DAY-2,SKL,1,Klaster B
DAY-2_UMKM_SKL_103.JPG,UMKM,DAY-2,SKL,1,Klaster B
DAY-2_UMKM_SKL_104.JPG,UMKM,DAY-2,SKL,1,Klaster B
DAY-2_UMKM_SKL_105.JPG,UMKM,DAY-2,SKL,1,Klaster B
DAY-2_UMKM_SKL_106.JPG,UMKM,DAY-2,SKL,1,Klaster B
DAY-2_UMKM_SKL_107.JPG,UMKM,DAY-2,SKL,1,Klaster B
DAY-2_UMKM_SKL_108.JPG,UMKM,DAY-2,SKL,1,Klaster B
DAY-2_UMKM_SKL_109.JPG,UMKM,DAY-2,SKL,1,Klaster B
DAY-2_UMKM_SKL_110.JPG,UMKM,DAY-2,SKL,1,Klaster B
DAY-2_UMKM_SKL_111.JPG,UMKM,DAY-2,SKL,1,Klaster B
DAY-2_UMKM_SKL_112.JPG,UMKM,DAY-2,SKL,0,Klaster A
DAY-2_UMKM_SKL_113.JPG,UMKM,DAY-2,SKL,1,Klaster B
DAY-2_UMKM_SKL_114.JPG,UMKM,DAY-2,SKL,1,Klaster B
DAY-2_UMKM_SKL_115.JPG,UMKM,DAY-2,SKL,1,Klaster B
DAY-2_UMKM_SKL_116.JPG,UMKM,DAY-2,SKL,1,Klaster B
DAY-2_UMKM_SKL_117.JPG,UMKM,DAY-2,SKL,1,Klaster B
DAY-2_UMKM_SKL_118.JPG,UMKM,DAY-2,SKL,1,Klaster B
DAY-2_UMKM_SKL_119.JPG,UMKM,DAY-2,SKL,1,Klaster B
DAY-2_UMKM_SKL_120.JPG,UMKM,DAY-2,SKL,0,Klaster A
DAY-2_UMKM_SKL_121.JPG,UMKM,DAY-2,SKL,1,Klaster B
DAY-2_UMKM_SKL_122.JPG,UMKM,DAY-2,SKL,1,Klaster B
DAY-2_UMKM_SKL_123.JPG,UMKM,DAY-2,SKL,1,Klaster B
DAY-2_UMKM_SKL_124.JPG,UMKM,DAY-2,SKL,1,Klaster B
DAY-2_UMKM_SKL_125.JPG,UMKM,DAY-2,SKL,1,Klaster B
DAY-2_UMKM_SKL_126.JPG,UMKM,DAY-2,SKL,1,Klaster B
DAY-2_UMKM_SKL_127.JPG,UMKM,DAY-2,SKL,1,Klaster B
DAY-2_UMKM_SKL_128.JPG,UMKM,DAY-2,SKL,1,Klaster B
DAY-2_UMKM_SKL_129.JPG,UMKM,DAY-2,SKL,1,Klaster B
DAY-2_UMKM_SKL_130.JPG,UMKM,DAY-2,SKL,1,Klaster B
DAY-2_UMKM_SKL_131.JPG,UMKM,DAY-2,SKL,1,Klaster B
DAY-2_UMKM_SKL_132.JPG,UMKM,DAY-2,SKL,1,Klaster B
DAY-2_UMKM_SKL_133.JPG,UMKM,DAY-2,SKL,1,Klaster B
DAY-2_UMKM_SKL_134.JPG,UMKM,DAY-2,SKL,1,Klaster B
DAY-2_UMKM_SKL_135.JPG,UMKM,DAY-2,SKL,1,Klaster B
DAY-2_UMKM_SKL_136.JPG,UMKM,DAY-2,SKL,0,Klaster A
DAY-2_UMKM_SKL_137.JPG,UMKM,DAY-2,SKL,1,Klaster B
DAY-2_UMKM_SKL_138.JPG,UMKM,DAY-2,SKL,0,Klaster A
DAY-2_UMKM_SKL_139.JPG,UMKM,DAY-2,SKL,1,Klaster B
DAY-2_UMKM_SKL_140.JPG,UMKM,DAY-2,SKL,1,Klaster B
DAY-2_UMKM_SMC_002.JPG,UMKM,DAY-2,SMC,0,Klaster A
DAY-2_UMKM_SMC_003.JPG,UMKM,DAY-2,SMC,1,Klaster B
DAY-2_UMKM_SMC_004.JPG,UMKM,DAY-2,SMC,1,Klaster B
DAY-2_UMKM_SMC_005.JPG,UMKM,DAY-2,SMC,1,Klaster B
DAY-2_UMKM_SMC_006.JPG,UMKM,DAY-2,SMC,1,Klaster B
DAY-2_UMKM_SMC_007.JPG,UMKM,DAY-2,SMC,1,Klaster B
DAY-2_UMKM_SMC_008.JPG,UMKM,DAY-2,SMC,1,Klaster B
DAY-2_UMKM_SMC_009.JPG,UMKM,DAY-2,SMC,1,Klaster B
DAY-2_UMKM_SMC_010.JPG,UMKM,DAY-2,SMC,1,Klaster B
DAY-2_UMKM_SMC_011.JPG,UMKM,DAY-2,SMC,1,Klaster B
DAY-2_UMKM_SMC_012.JPG,UMKM,DAY-2,SMC,1,Klaster B
DAY-2_UMKM_SMC_013.JPG,UMKM,DAY-2,SMC,1,Klaster B
DAY-2_UMKM_SMC_014.JPG,UMKM,DAY-2,SMC,0,Klaster A
DAY-2_UMKM_SMC_015.JPG,UMKM,DAY-2,SMC,1,Klaster B
DAY-2_UMKM_SMC_016.JPG,UMKM,DAY-2,SMC,1,Klaster B
DAY-2_UMKM_SMC_017.JPG,UMKM,DAY-2,SMC,1,Klaster B
DAY-2_UMKM_SMC_018.JPG,UMKM,DAY-2,SMC,1,Klaster B
DAY-2_UMKM_SMC_019.JPG,UMKM,DAY-2,SMC,1,Klaster B
DAY-2_UMKM_SMC_020.JPG,UMKM,DAY-2,SMC,1,Klaster B
DAY-2_UMKM_SMC_021.JPG,UMKM,DAY-2,SMC,1,Klaster B
DAY-2_UMKM_SMC_022.JPG,UMKM,DAY-2,SMC,1,Klaster B
DAY-2_UMKM_SMC_023.JPG,UMKM,DAY-2,SMC,1,Klaster B
DAY-2_UMKM_SMC_024.JPG,UMKM,DAY-2,SMC,1,Klaster B
DAY-2_UMKM_SMC_025.JPG,UMKM,DAY-2,SMC,1,Klaster B
DAY-2_UMKM_SMC_027.JPG,UMKM,DAY-2,SMC,1,Klaster B
DAY-2_UMKM_SMC_028.JPG,UMKM,DAY-2,SMC,1,Klaster B
DAY-2_UMKM_SMC_029.JPG,UMKM,DAY-2,SMC,1,Klaster B
DAY-2_UMKM_SMC_030.JPG,UMKM,DAY-2,SMC,1,Klaster B
DAY-2_UMKM_SMC_031.JPG,UMKM,DAY-2,SMC,1,Klaster B
DAY-2_UMKM_SMC_032.JPG,UMKM,DAY-2,SMC,1,Klaster B
DAY-2_UMKM_SMC_033.JPG,UMKM,DAY-2,SMC,1,Klaster B
DAY-2_UMKM_SMC_034.JPG,UMKM,DAY-2,SMC,1,Klaster B
DAY-2_UMKM_SMC_035.JPG,UMKM,DAY-2,SMC,1,Klaster B
DAY-2_UMKM_SMC_036.JPG,UMKM,DAY-2,SMC,1,Klaster B
DAY-2_UMKM_SMC_037.JPG,UMKM,DAY-2,SMC,1,Klaster B
DAY-2_UMKM_SMC_038.JPG,UMKM,DAY-2,SMC,1,Klaster B
DAY-2_UMKM_SMC_039.JPG,UMKM,DAY-2,SMC,1,Klaster B
DAY-2_UMKM_SMC_040.JPG,UMKM,DAY-2,SMC,1,Klaster B
DAY-2_UMKM_SMC_041.JPG,UMKM,DAY-2,SMC,1,Klaster B
DAY-2_UMKM_SMC_043.JPG,UMKM,DAY-2,SMC,1,Klaster B
DAY-2_UMKM_SMC_044.JPG,UMKM,DAY-2,SMC,1,Klaster B
DAY-2_UMKM_SMC_045.JPG,UMKM,DAY-2,SMC,1,Klaster B
DAY-2_UMKM_SMC_046.JPG,UMKM,DAY-2,SMC,1,Klaster B
DAY-2_UMKM_SMC_047.JPG,UMKM,DAY-2,SMC,1,Klaster B
DAY-2_UMKM_SMC_048.JPG,UMKM,DAY-2,SMC,1,Klaster B
DAY-2_UMKM_SMC_049.JPG,UMKM,DAY-2,SMC,1,Klaster B
DAY-2_UMKM_SMC_050.JPG,UMKM,DAY-2,SMC,1,Klaster B
DAY-2_UMKM_SMC_051.JPG,UMKM,DAY-2,SMC,1,Klaster B
DAY-2_UMKM_SMC_052.JPG,UMKM,DAY-2,SMC,0,Klaster A
DAY-2_UMKM_SMC_053.JPG,UMKM,DAY-2,SMC,1,Klaster B
DAY-2_UMKM_SMC_054.JPG,UMKM,DAY-2,SMC,0,Klaster A
DAY-2_UMKM_SMC_055.JPG,UMKM,DAY-2,SMC,1,Klaster B
DAY-2_UMKM_SMC_056.JPG,UMKM,DAY-2,SMC,1,Klaster B
DAY-2_UMKM_SMC_057.JPG,UMKM,DAY-2,SMC,1,Klaster B
DAY-2_UMKM_SMC_058.JPG,UMKM,DAY-2,SMC,1,Klaster B
DAY-2_UMKM_SMC_059.JPG,UMKM,DAY-2,SMC,1,Klaster B
DAY-2_UMKM_SMC_060.JPG,UMKM,DAY-2,SMC,1,Klaster B
DAY-2_UMKM_SMC_061.JPG,UMKM,DAY-2,SMC,1,Klaster B
DAY-2_UMKM_SMC_062.JPG,UMKM,DAY-2,SMC,1,Klaster B
DAY-2_UMKM_SMC_063.JPG,UMKM,DAY-2,SMC,1,Klaster B
DAY-2_UMKM_SMC_064.JPG,UMKM,DAY-2,SMC,1,Klaster B
DAY-2_UMKM_SMC_065.JPG,UMKM,DAY-2,SMC,1,Klaster B
DAY-2_UMKM_SMC_066.JPG,UMKM,DAY-2,SMC,1,Klaster B
DAY-2_UMKM_SMC_067.JPG,UMKM,DAY-2,SMC,1,Klaster B
DAY-2_UMKM_SMC_068.JPG,UMKM,DAY-2,SMC,1,Klaster B
DAY-2_UMKM_SMC_069.JPG,UMKM,DAY-2,SMC,1,Klaster B
DAY-2_UMKM_SMC_070.JPG,UMKM,DAY-2,SMC,1,Klaster B
DAY-2_UMKM_SMC_071.JPG,UMKM,DAY-2,SMC,1,Klaster B
DAY-2_UMKM_SMC_072.JPG,UMKM,DAY-2,SMC,1,Klaster B
DAY-2_UMKM_SMC_073.JPG,UMKM,DAY-2,SMC,1,Klaster B
DAY-2_UMKM_SMC_074.JPG,UMKM,DAY-2,SMC,1,Klaster B
DAY-2_UMKM_SMC_075.JPG,UMKM,DAY-2,SMC,1,Klaster B
DAY-2_UMKM_SMC_076.JPG,UMKM,DAY-2,SMC,1,Klaster B
DAY-2_UMKM_SMC_077.JPG,UMKM,DAY-2,SMC,1,Klaster B
DAY-2_UMKM_SMC_078.JPG,UMKM,DAY-2,SMC,1,Klaster B
DAY-2_UMKM_SMC_079.JPG,UMKM,DAY-2,SMC,1,Klaster B
DAY-2_UMKM_SMC_080.JPG,UMKM,DAY-2,SMC,1,Klaster B
DAY-2_UMKM_SMC_081.JPG,UMKM,DAY-2,SMC,1,Klaster B
DAY-2_UMKM_SMC_082.JPG,UMKM,DAY-2,SMC,1,Klaster B
DAY-2_UMKM_SMC_083.JPG,UMKM,DAY-2,SMC,1,Klaster B
DAY-2_UMKM_SMC_084.JPG,UMKM,DAY-2,SMC,0,Klaster A
DAY-2_UMKM_SMC_085.JPG,UMKM,DAY-2,SMC,1,Klaster B
DAY-2_UMKM_SMC_086.JPG,UMKM,DAY-2,SMC,0,Klaster A
DAY-2_UMKM_SMC_087.JPG,UMKM,DAY-2,SMC,1,Klaster B
DAY-2_UMKM_SMC_088.JPG,UMKM,DAY-2,SMC,1,Klaster B
DAY-2_UMKM_SMC_089.JPG,UMKM,DAY-2,SMC,1,Klaster B
DAY-2_UMKM_SMC_090.JPG,UMKM,DAY-2,SMC,1,Klaster B
DAY-2_UMKM_SMC_091.JPG,UMKM,DAY-2,SMC,0,Klaster A
DAY-2_UMKM_SMC_092.JPG,UMKM,DAY-2,SMC,1,Klaster B
DAY-2_UMKM_SMC_093.JPG,UMKM,DAY-2,SMC,1,Klaster B
DAY-2_UMKM_SMC_094.JPG,UMKM,DAY-2,SMC,1,Klaster B
DAY-2_UMKM_SMC_095.JPG,UMKM,DAY-2,SMC,1,Klaster B
DAY-2_UMKM_SMC_096.JPG,UMKM,DAY-2,SMC,1,Klaster B
DAY-2_UMKM_SMC_097.JPG,UMKM,DAY-2,SMC,0,Klaster A
DAY-2_UMKM_SMC_098.JPG,UMKM,DAY-2,SMC,1,Klaster B
DAY-2_UMKM_SMC_099.JPG,UMKM,DAY-2,SMC,1,Klaster B
DAY-2_UMKM_SMC_100.JPG,UMKM,DAY-2,SMC,0,Klaster A
DAY-2_UMKM_SMC_101.JPG,UMKM,DAY-2,SMC,0,Klaster A
DAY-2_UMKM_SMC_102.JPG,UMKM,DAY-2,SMC,0,Klaster A
DAY-2_UMKM_SMC_103.JPG,UMKM,DAY-2,SMC,0,Klaster A
DAY-2_UMKM_SMC_104.JPG,UMKM,DAY-2,SMC,1,Klaster B
DAY-2_UMKM_SMC_105.JPG,UMKM,DAY-2,SMC,1,Klaster B
DAY-2_UMKM_SMC_106.JPG,UMKM,DAY-2,SMC,1,Klaster B
DAY-2_UMKM_SMC_107.JPG,UMKM,DAY-2,SMC,1,Klaster B
DAY-2_UMKM_SMC_108.JPG,UMKM,DAY-2,SMC,1,Klaster B
DAY-2_UMKM_SMC_109.JPG,UMKM,DAY-2,SMC,1,Klaster B
DAY-2_UMKM_SMC_110.JPG,UMKM,DAY-2,SMC,1,Klaster B
DAY-2_UMKM_SMC_111.JPG,UMKM,DAY-2,SMC,1,Klaster B
DAY-2_UMKM_SMC_112.JPG,UMKM,DAY-2,SMC,0,Klaster A
DAY-2_UMKM_SMC_113.JPG,UMKM,DAY-2,SMC,1,Klaster B
DAY-2_UMKM_SMC_114.JPG,UMKM,DAY-2,SMC,1,Klaster B
DAY-2_UMKM_SMC_115.JPG,UMKM,DAY-2,SMC,1,Klaster B
DAY-2_UMKM_SMC_116.JPG,UMKM,DAY-2,SMC,1,Klaster B
DAY-2_UMKM_SMC_117.JPG,UMKM,DAY-2,SMC,1,Klaster B
DAY-2_UMKM_SMC_118.JPG,UMKM,DAY-2,SMC,1,Klaster B
DAY-2_UMKM_SMC_119.JPG,UMKM,DAY-2,SMC,0,Klaster A
DAY-2_UMKM_SMC_120.JPG,UMKM,DAY-2,SMC,1,Klaster B
DAY-2_UMKM_SMC_121.JPG,UMKM,DAY-2,SMC,1,Klaster B
DAY-2_UMKM_SMC_122.JPG,UMKM,DAY-2,SMC,1,Klaster B
DAY-2_UMKM_SMC_123.JPG,UMKM,DAY-2,SMC,1,Klaster B
DAY-2_UMKM_SMC_124.JPG,UMKM,DAY-2,SMC,0,Klaster A
DAY-2_UMKM_SMC_125.JPG,UMKM,DAY-2,SMC,1,Klaster B
DAY-2_UMKM_SMC_126.JPG,UMKM,DAY-2,SMC,1,Klaster B
DAY-2_UMKM_SMC_127.JPG,UMKM,DAY-2,SMC,1,Klaster B
DAY-2_UMKM_SMC_128.JPG,UMKM,DAY-2,SMC,1,Klaster B
DAY-2_UMKM_SMC_129.JPG,UMKM,DAY-2,SMC,1,Klaster B
DAY-2_UMKM_SMC_130.JPG,UMKM,DAY-2,SMC,1,Klaster B
DAY-2_UMKM_SMC_131.JPG,UMKM,DAY-2,SMC,1,Klaster B
DAY-2_UMKM_SMC_132.JPG,UMKM,DAY-2,SMC,1,Klaster B
DAY-2_UMKM_SMC_133.JPG,UMKM,DAY-2,SMC,1,Klaster B
DAY-2_UMKM_SMC_134.JPG,UMKM,DAY-2,SMC,1,Klaster B
DAY-2_UMKM_SMC_135.JPG,UMKM,DAY-2,SMC,1,Klaster B
DAY-2_UMKM_SMC_136.JPG,UMKM,DAY-2,SMC,1,Klaster B
DAY-2_UMKM_SMC_137.JPG,UMKM,DAY-2,SMC,1,Klaster B
DAY-2_UMKM_SMC_138.JPG,UMKM,DAY-2,SMC,0,Klaster A
DAY-2_UMKM_SMC_139.JPG,UMKM,DAY-2,SMC,1,Klaster B
DAY-2_UMKM_SMC_140.JPG,UMKM,DAY-2,SMC,1,Klaster B
