filename,filepath,day,domain,cut_code,seq_number,parsed_ok,label,foreground_ratio,segmentation_fallback,image_shape
DAY-1_RPH_HDM_001.JPG,/home/tsaga/projects/beefresearch-bima/data/dataset_root/DAY-1/DAY-1_RPH_HDM_001.JPG,DAY-1,RPH,HDM,1,True,,0.06721666666666666,False,"(212, 225)"
DAY-1_RPH_HDM_003.JPG,/home/tsaga/projects/beefresearch-bima/data/dataset_root/DAY-1/DAY-1_RPH_HDM_003.JPG,DAY-1,RPH,HDM,3,True,,0.0600375,False,"(195, 217)"
DAY-1_RPH_HDM_004.JPG,/home/tsaga/projects/beefresearch-bima/data/dataset_root/DAY-1/DAY-1_RPH_HDM_004.JPG,DAY-1,RPH,HDM,4,True,,0.06025833333333333,False,"(196, 219)"
DAY-1_RPH_HDM_005.JPG,/home/tsaga/projects/beefresearch-bima/data/dataset_root/DAY-1/DAY-1_RPH_HDM_005.JPG,DAY-1,RPH,HDM,5,True,,0.06902708333333334,False,"(172, 259)"
DAY-1_RPH_HDM_006.JPG,/home/tsaga/projects/beefresearch-bima/data/dataset_root/DAY-1/DAY-1_RPH_HDM_006.JPG,DAY-1,RPH,HDM,6,True,,0.07232916666666667,False,"(173, 260)"
DAY-1_RPH_HDM_007.JPG,/home/tsaga/projects/beefresearch-bima/data/dataset_root/DAY-1/DAY-1_RPH_HDM_007.JPG,DAY-1,RPH,HDM,7,True,,0.0702,False,"(175, 272)"
DAY-1_RPH_HDM_008.JPG,/home/tsaga/projects/beefresearch-bima/data/dataset_root/DAY-1/DAY-1_RPH_HDM_008.JPG,DAY-1,RPH,HDM,8,True,,0.071275,False,"(177, 263)"
DAY-1_RPH_HDM_009.JPG,/home/tsaga/projects/beefresearch-bima/data/dataset_root/DAY-1/DAY-1_RPH_HDM_009.JPG,DAY-1,RPH,HDM,9,True,,0.07645208333333334,False,"(192, 254)"
DAY-1_RPH_HDM_010.JPG,/home/tsaga/projects/beefresearch-bima/data/dataset_root/DAY-1/DAY-1_RPH_HDM_010.JPG,DAY-1,RPH,HDM,10,True,,0.07653958333333333,False,"(193, 251)"
DAY-1_RPH_HDM_011.JPG,/home/tsaga/projects/beefresearch-bima/data/dataset_root/DAY-1/DAY-1_RPH_HDM_011.JPG,DAY-1,RPH,HDM,11,True,,0.053635416666666665,False,"(167, 194)"
DAY-1_RPH_HDM_012.JPG,/home/tsaga/projects/beefresearch-bima/data/dataset_root/DAY-1/DAY-1_RPH_HDM_012.JPG,DAY-1,RPH,HDM,12,True,,0.05801875,False,"(179, 213)"
DAY-1_RPH_HDM_013.JPG,/home/tsaga/projects/beefresearch-bima/data/dataset_root/DAY-1/DAY-1_RPH_HDM_013.JPG,DAY-1,RPH,HDM,13,True,,0.076075,False,"(209, 258)"
DAY-1_RPH_HDM_014.JPG,/home/tsaga/projects/beefresearch-bima/data/dataset_root/DAY-1/DAY-1_RPH_HDM_014.JPG,DAY-1,RPH,HDM,14,True,,0.07596875,False,"(204, 264)"
DAY-1_RPH_HDM_015.JPG,/home/tsaga/projects/beefresearch-bima/data/dataset_root/DAY-1/DAY-1_RPH_HDM_015.JPG,DAY-1,RPH,HDM,15,True,,0.058077083333333335,False,"(188, 210)"
DAY-1_RPH_HDM_016.JPG,/home/tsaga/projects/beefresearch-bima/data/dataset_root/DAY-1/DAY-1_RPH_HDM_016.JPG,DAY-1,RPH,HDM,16,True,,0.059504166666666664,False,"(181, 223)"
DAY-1_RPH_HDM_017.JPG,/home/tsaga/projects/beefresearch-bima/data/dataset_root/DAY-1/DAY-1_RPH_HDM_017.JPG,DAY-1,RPH,HDM,17,True,,0.06647291666666667,False,"(183, 223)"
DAY-1_RPH_HDM_018.JPG,/home/tsaga/projects/beefresearch-bima/data/dataset_root/DAY-1/DAY-1_RPH_HDM_018.JPG,DAY-1,RPH,HDM,18,True,,0.06970416666666666,False,"(180, 235)"
DAY-1_RPH_HDM_019.JPG,/home/tsaga/projects/beefresearch-bima/data/dataset_root/DAY-1/DAY-1_RPH_HDM_019.JPG,DAY-1,RPH,HDM,19,True,,0.04888541666666667,False,"(191, 166)"
DAY-1_RPH_HDM_020.JPG,/home/tsaga/projects/beefresearch-bima/data/dataset_root/DAY-1/DAY-1_RPH_HDM_020.JPG,DAY-1,RPH,HDM,20,True,,0.049833333333333334,False,"(189, 212)"
DAY-1_RPH_HDM_021.JPG,/home/tsaga/projects/beefresearch-bima/data/dataset_root/DAY-1/DAY-1_RPH_HDM_021.JPG,DAY-1,RPH,HDM,21,True,,0.055877083333333334,False,"(178, 183)"
DAY-1_RPH_HDM_023.JPG,/home/tsaga/projects/beefresearch-bima/data/dataset_root/DAY-1/DAY-1_RPH_HDM_023.JPG,DAY-1,RPH,HDM,23,True,,0.05058541666666667,False,"(178, 170)"
DAY-1_RPH_HDM_024.JPG,/home/tsaga/projects/beefresearch-bima/data/dataset_root/DAY-1/DAY-1_RPH_HDM_024.JPG,DAY-1,RPH,HDM,24,True,,0.053197916666666664,False,"(188, 167)"
DAY-1_RPH_HDM_025.JPG,/home/tsaga/projects/beefresearch-bima/data/dataset_root/DAY-1/DAY-1_RPH_HDM_025.JPG,DAY-1,RPH,HDM,25,True,,0.06109166666666667,False,"(178, 208)"
DAY-1_RPH_HDM_027.JPG,/home/tsaga/projects/beefresearch-bima/data/dataset_root/DAY-1/DAY-1_RPH_HDM_027.JPG,DAY-1,RPH,HDM,27,True,,0.06706666666666666,False,"(183, 223)"
DAY-1_RPH_HDM_028.JPG,/home/tsaga/projects/beefresearch-bima/data/dataset_root/DAY-1/DAY-1_RPH_HDM_028.JPG,DAY-1,RPH,HDM,28,True,,0.062375,False,"(174, 210)"
DAY-1_RPH_HDM_029.JPG,/home/tsaga/projects/beefresearch-bima/data/dataset_root/DAY-1/DAY-1_RPH_HDM_029.JPG,DAY-1,RPH,HDM,29,True,,0.0787125,False,"(199, 230)"
DAY-1_RPH_HDM_030.JPG,/home/tsaga/projects/beefresearch-bima/data/dataset_root/DAY-1/DAY-1_RPH_HDM_030.JPG,DAY-1,RPH,HDM,30,True,,0.08121458333333334,False,"(212, 266)"
DAY-1_RPH_HDM_031.JPG,/home/tsaga/projects/beefresearch-bima/data/dataset_root/DAY-1/DAY-1_RPH_HDM_031.JPG,DAY-1,RPH,HDM,31,True,,0.07007291666666667,False,"(186, 226)"
DAY-1_RPH_HDM_032.JPG,/home/tsaga/projects/beefresearch-bima/data/dataset_root/DAY-1/DAY-1_RPH_HDM_032.JPG,DAY-1,RPH,HDM,32,True,,0.06964583333333334,False,"(190, 221)"
DAY-1_RPH_HDM_033.JPG,/home/tsaga/projects/beefresearch-bima/data/dataset_root/DAY-1/DAY-1_RPH_HDM_033.JPG,DAY-1,RPH,HDM,33,True,,0.06897083333333333,False,"(211, 197)"
DAY-1_RPH_HDM_034.JPG,/home/tsaga/projects/beefresearch-bima/data/dataset_root/DAY-1/DAY-1_RPH_HDM_034.JPG,DAY-1,RPH,HDM,34,True,,0.07296875,False,"(200, 208)"
DAY-1_RPH_HDM_035.JPG,/home/tsaga/projects/beefresearch-bima/data/dataset_root/DAY-1/DAY-1_RPH_HDM_035.JPG,DAY-1,RPH,HDM,35,True,,0.07746666666666667,False,"(207, 222)"
DAY-1_RPH_HDM_036.JPG,/home/tsaga/projects/beefresearch-bima/data/dataset_root/DAY-1/DAY-1_RPH_HDM_036.JPG,DAY-1,RPH,HDM,36,True,,0.07885416666666667,False,"(212, 227)"
DAY-1_RPH_HDM_037.JPG,/home/tsaga/projects/beefresearch-bima/data/dataset_root/DAY-1/DAY-1_RPH_HDM_037.JPG,DAY-1,RPH,HDM,37,True,,0.0793125,False,"(177, 265)"
DAY-1_RPH_HDM_038.JPG,/home/tsaga/projects/beefresearch-bima/data/dataset_root/DAY-1/DAY-1_RPH_HDM_038.JPG,DAY-1,RPH,HDM,38,True,,0.08003333333333333,False,"(181, 260)"
DAY-1_RPH_HDM_039.JPG,/home/tsaga/projects/beefresearch-bima/data/dataset_root/DAY-1/DAY-1_RPH_HDM_039.JPG,DAY-1,RPH,HDM,39,True,,0.062114583333333334,False,"(182, 213)"
DAY-1_RPH_HDM_040.JPG,/home/tsaga/projects/beefresearch-bima/data/dataset_root/DAY-1/DAY-1_RPH_HDM_040.JPG,DAY-1,RPH,HDM,40,True,,0.059652083333333335,False,"(184, 191)"
DAY-1_RPH_HDM_041.JPG,/home/tsaga/projects/beefresearch-bima/data/dataset_root/DAY-1/DAY-1_RPH_HDM_041.JPG,DAY-1,RPH,HDM,41,True,,0.0714,False,"(195, 216)"
DAY-1_RPH_HDM_042.JPG,/home/tsaga/projects/beefresearch-bima/data/dataset_root/DAY-1/DAY-1_RPH_HDM_042.JPG,DAY-1,RPH,HDM,42,True,,0.07215416666666667,False,"(221, 223)"
DAY-1_RPH_HDM_043.JPG,/home/tsaga/projects/beefresearch-bima/data/dataset_root/DAY-1/DAY-1_RPH_HDM_043.JPG,DAY-1,RPH,HDM,43,True,,0.06541041666666667,False,"(186, 217)"
DAY-1_RPH_HDM_044.JPG,/home/tsaga/projects/beefresearch-bima/data/dataset_root/DAY-1/DAY-1_RPH_HDM_044.JPG,DAY-1,RPH,HDM,44,True,,0.07144166666666667,False,"(190, 238)"
DAY-1_RPH_HDM_045.JPG,/home/tsaga/projects/beefresearch-bima/data/dataset_root/DAY-1/DAY-1_RPH_HDM_045.JPG,DAY-1,RPH,HDM,45,True,,0.07909166666666667,False,"(199, 237)"
DAY-1_RPH_HDM_046.JPG,/home/tsaga/projects/beefresearch-bima/data/dataset_root/DAY-1/DAY-1_RPH_HDM_046.JPG,DAY-1,RPH,HDM,46,True,,0.08337916666666667,False,"(216, 246)"
DAY-1_RPH_HDM_047.JPG,/home/tsaga/projects/beefresearch-bima/data/dataset_root/DAY-1/DAY-1_RPH_HDM_047.JPG,DAY-1,RPH,HDM,47,True,,0.08281666666666666,False,"(210, 254)"
DAY-1_RPH_HDM_048.JPG,/home/tsaga/projects/beefresearch-bima/data/dataset_root/DAY-1/DAY-1_RPH_HDM_048.JPG,DAY-1,RPH,HDM,48,True,,0.07812291666666667,False,"(187, 264)"
DAY-1_RPH_HDM_049.JPG,/home/tsaga/projects/beefresearch-bima/data/dataset_root/DAY-1/DAY-1_RPH_HDM_049.JPG,DAY-1,RPH,HDM,49,True,,0.08567708333333333,False,"(233, 238)"
DAY-1_RPH_HDM_050.JPG,/home/tsaga/projects/beefresearch-bima/data/dataset_root/DAY-1/DAY-1_RPH_HDM_050.JPG,DAY-1,RPH,HDM,50,True,,0.08291041666666667,False,"(241, 238)"
DAY-1_RPH_HDM_051.JPG,/home/tsaga/projects/beefresearch-bima/data/dataset_root/DAY-1/DAY-1_RPH_HDM_051.JPG,DAY-1,RPH,HDM,51,True,,0.06746458333333333,False,"(174, 241)"
DAY-1_RPH_HDM_053.JPG,/home/tsaga/projects/beefresearch-bima/data/dataset_root/DAY-1/DAY-1_RPH_HDM_053.JPG,DAY-1,RPH,HDM,53,True,,0.07055,False,"(188, 232)"
DAY-1_RPH_HDM_054.JPG,/home/tsaga/projects/beefresearch-bima/data/dataset_root/DAY-1/DAY-1_RPH_HDM_054.JPG,DAY-1,RPH,HDM,54,True,,0.07422708333333333,False,"(184, 248)"
DAY-1_RPH_HDM_055.JPG,/home/tsaga/projects/beefresearch-bima/data/dataset_root/DAY-1/DAY-1_RPH_HDM_055.JPG,DAY-1,RPH,HDM,55,True,,0.07860625,False,"(199, 242)"
DAY-1_RPH_HDM_056.JPG,/home/tsaga/projects/beefresearch-bima/data/dataset_root/DAY-1/DAY-1_RPH_HDM_056.JPG,DAY-1,RPH,HDM,56,True,,0.07708333333333334,False,"(198, 235)"
DAY-1_RPH_HDM_057.JPG,/home/tsaga/projects/beefresearch-bima/data/dataset_root/DAY-1/DAY-1_RPH_HDM_057.JPG,DAY-1,RPH,HDM,57,True,,0.057172916666666664,False,"(162, 221)"
DAY-1_RPH_HDM_058.JPG,/home/tsaga/projects/beefresearch-bima/data/dataset_root/DAY-1/DAY-1_RPH_HDM_058.JPG,DAY-1,RPH,HDM,58,True,,0.05561875,False,"(157, 224)"
DAY-1_RPH_HDM_059.JPG,/home/tsaga/projects/beefresearch-bima/data/dataset_root/DAY-1/DAY-1_RPH_HDM_059.JPG,DAY-1,RPH,HDM,59,True,,0.07650833333333333,False,"(209, 225)"
DAY-1_RPH_HDM_060.JPG,/home/tsaga/projects/beefresearch-bima/data/dataset_root/DAY-1/DAY-1_RPH_HDM_060.JPG,DAY-1,RPH,HDM,60,True,,0.07837083333333333,False,"(223, 234)"
DAY-1_RPH_HDM_061.JPG,/home/tsaga/projects/beefresearch-bima/data/dataset_root/DAY-1/DAY-1_RPH_HDM_061.JPG,DAY-1,RPH,HDM,61,True,,0.05346041666666667,False,"(166, 196)"
DAY-1_RPH_HDM_062.JPG,/home/tsaga/projects/beefresearch-bima/data/dataset_root/DAY-1/DAY-1_RPH_HDM_062.JPG,DAY-1,RPH,HDM,62,True,,0.054483333333333335,False,"(165, 194)"
DAY-1_RPH_HDM_063.JPG,/home/tsaga/projects/beefresearch-bima/data/dataset_root/DAY-1/DAY-1_RPH_HDM_063.JPG,DAY-1,RPH,HDM,63,True,,0.0557,False,"(176, 185)"
DAY-1_RPH_HDM_064.JPG,/home/tsaga/projects/beefresearch-bima/data/dataset_root/DAY-1/DAY-1_RPH_HDM_064.JPG,DAY-1,RPH,HDM,64,True,,0.05684583333333333,False,"(170, 187)"
DAY-1_RPH_HDM_065.JPG,/home/tsaga/projects/beefresearch-bima/data/dataset_root/DAY-1/DAY-1_RPH_HDM_065.JPG,DAY-1,RPH,HDM,65,True,,0.059464583333333335,False,"(182, 205)"
DAY-1_RPH_HDM_066.JPG,/home/tsaga/projects/beefresearch-bima/data/dataset_root/DAY-1/DAY-1_RPH_HDM_066.JPG,DAY-1,RPH,HDM,66,True,,0.0622125,False,"(189, 209)"
DAY-1_RPH_HDM_067.JPG,/home/tsaga/projects/beefresearch-bima/data/dataset_root/DAY-1/DAY-1_RPH_HDM_067.JPG,DAY-1,RPH,HDM,67,True,,0.087875,False,"(199, 259)"
DAY-1_RPH_HDM_068.JPG,/home/tsaga/projects/beefresearch-bima/data/dataset_root/DAY-1/DAY-1_RPH_HDM_068.JPG,DAY-1,RPH,HDM,68,True,,0.08704375,False,"(222, 248)"
DAY-1_RPH_HDM_069.JPG,/home/tsaga/projects/beefresearch-bima/data/dataset_root/DAY-1/DAY-1_RPH_HDM_069.JPG,DAY-1,RPH,HDM,69,True,,0.06252708333333333,False,"(181, 201)"
DAY-1_RPH_HDM_070.JPG,/home/tsaga/projects/beefresearch-bima/data/dataset_root/DAY-1/DAY-1_RPH_HDM_070.JPG,DAY-1,RPH,HDM,70,True,,0.06360625,False,"(180, 205)"
DAY-1_RPH_HDM_071.JPG,/home/tsaga/projects/beefresearch-bima/data/dataset_root/DAY-1/DAY-1_RPH_HDM_071.JPG,DAY-1,RPH,HDM,71,True,,0.07278333333333334,False,"(188, 221)"
DAY-1_RPH_HDM_072.JPG,/home/tsaga/projects/beefresearch-bima/data/dataset_root/DAY-1/DAY-1_RPH_HDM_072.JPG,DAY-1,RPH,HDM,72,True,,0.07533541666666667,False,"(185, 236)"
DAY-1_RPH_HDM_073.JPG,/home/tsaga/projects/beefresearch-bima/data/dataset_root/DAY-1/DAY-1_RPH_HDM_073.JPG,DAY-1,RPH,HDM,73,True,,0.054254166666666666,False,"(184, 173)"
DAY-1_RPH_HDM_074.JPG,/home/tsaga/projects/beefresearch-bima/data/dataset_root/DAY-1/DAY-1_RPH_HDM_074.JPG,DAY-1,RPH,HDM,74,True,,0.05204583333333333,False,"(179, 188)"
DAY-1_RPH_HDM_075.JPG,/home/tsaga/projects/beefresearch-bima/data/dataset_root/DAY-1/DAY-1_RPH_HDM_075.JPG,DAY-1,RPH,HDM,75,True,,0.055414583333333337,False,"(162, 200)"
DAY-1_RPH_HDM_076.JPG,/home/tsaga/projects/beefresearch-bima/data/dataset_root/DAY-1/DAY-1_RPH_HDM_076.JPG,DAY-1,RPH,HDM,76,True,,0.057120833333333336,False,"(160, 208)"
DAY-1_RPH_HDM_077.JPG,/home/tsaga/projects/beefresearch-bima/data/dataset_root/DAY-1/DAY-1_RPH_HDM_077.JPG,DAY-1,RPH,HDM,77,True,,0.07015625,False,"(194, 237)"
DAY-1_RPH_HDM_078.JPG,/home/tsaga/projects/beefresearch-bima/data/dataset_root/DAY-1/DAY-1_RPH_HDM_078.JPG,DAY-1,RPH,HDM,78,True,,0.07295416666666667,False,"(213, 237)"
DAY-1_RPH_HDM_080.JPG,/home/tsaga/projects/beefresearch-bima/data/dataset_root/DAY-1/DAY-1_RPH_HDM_080.JPG,DAY-1,RPH,HDM,80,True,,0.049077083333333334,False,"(155, 185)"
DAY-1_RPH_HDM_081.JPG,/home/tsaga/projects/beefresearch-bima/data/dataset_root/DAY-1/DAY-1_RPH_HDM_081.JPG,DAY-1,RPH,HDM,81,True,,0.07182083333333333,False,"(194, 208)"
DAY-1_RPH_HDM_082.JPG,/home/tsaga/projects/beefresearch-bima/data/dataset_root/DAY-1/DAY-1_RPH_HDM_082.JPG,DAY-1,RPH,HDM,82,True,,0.06969375,False,"(201, 212)"
DAY-1_RPH_HDM_083.JPG,/home/tsaga/projects/beefresearch-bima/data/dataset_root/DAY-1/DAY-1_RPH_HDM_083.JPG,DAY-1,RPH,HDM,83,True,,0.07453541666666667,False,"(214, 213)"
DAY-1_RPH_HDM_086.JPG,/home/tsaga/projects/beefresearch-bima/data/dataset_root/DAY-1/DAY-1_RPH_HDM_086.JPG,DAY-1,RPH,HDM,86,True,,0.053247916666666666,False,"(182, 176)"
DAY-1_RPH_HDM_087.JPG,/home/tsaga/projects/beefresearch-bima/data/dataset_root/DAY-1/DAY-1_RPH_HDM_087.JPG,DAY-1,RPH,HDM,87,True,,0.06644375,False,"(196, 197)"
DAY-1_RPH_HDM_088.JPG,/home/tsaga/projects/beefresearch-bima/data/dataset_root/DAY-1/DAY-1_RPH_HDM_088.JPG,DAY-1,RPH,HDM,88,True,,0.06604791666666666,False,"(206, 205)"
DAY-1_RPH_HDM_089.JPG,/home/tsaga/projects/beefresearch-bima/data/dataset_root/DAY-1/DAY-1_RPH_HDM_089.JPG,DAY-1,RPH,HDM,89,True,,0.06434375,False,"(172, 222)"
DAY-1_RPH_HDM_090.JPG,/home/tsaga/projects/beefresearch-bima/data/dataset_root/DAY-1/DAY-1_RPH_HDM_090.JPG,DAY-1,RPH,HDM,90,True,,0.06071666666666667,False,"(175, 208)"
DAY-1_RPH_HDM_091.JPG,/home/tsaga/projects/beefresearch-bima/data/dataset_root/DAY-1/DAY-1_RPH_HDM_091.JPG,DAY-1,RPH,HDM,91,True,,0.06848333333333333,False,"(189, 235)"
DAY-1_RPH_HDM_092.JPG,/home/tsaga/projects/beefresearch-bima/data/dataset_root/DAY-1/DAY-1_RPH_HDM_092.JPG,DAY-1,RPH,HDM,92,True,,0.06685416666666667,False,"(185, 213)"
DAY-1_RPH_HDM_093.JPG,/home/tsaga/projects/beefresearch-bima/data/dataset_root/DAY-1/DAY-1_RPH_HDM_093.JPG,DAY-1,RPH,HDM,93,True,,0.06374166666666667,False,"(195, 188)"
DAY-1_RPH_HDM_094.JPG,/home/tsaga/projects/beefresearch-bima/data/dataset_root/DAY-1/DAY-1_RPH_HDM_094.JPG,DAY-1,RPH,HDM,94,True,,0.06174375,False,"(197, 192)"
DAY-1_RPH_HDM_095.JPG,/home/tsaga/projects/beefresearch-bima/data/dataset_root/DAY-1/DAY-1_RPH_HDM_095.JPG,DAY-1,RPH,HDM,95,True,,0.07791458333333333,False,"(180, 282)"
DAY-1_RPH_HDM_096.JPG,/home/tsaga/projects/beefresearch-bima/data/dataset_root/DAY-1/DAY-1_RPH_HDM_096.JPG,DAY-1,RPH,HDM,96,True,,0.07698125,False,"(196, 291)"
DAY-1_RPH_HDM_097.JPG,/home/tsaga/projects/beefresearch-bima/data/dataset_root/DAY-1/DAY-1_RPH_HDM_097.JPG,DAY-1,RPH,HDM,97,True,,0.07138125,False,"(185, 228)"
DAY-1_RPH_HDM_098.JPG,/home/tsaga/projects/beefresearch-bima/data/dataset_root/DAY-1/DAY-1_RPH_HDM_098.JPG,DAY-1,RPH,HDM,98,True,,0.06811458333333334,False,"(182, 226)"
DAY-1_RPH_HDM_099.JPG,/home/tsaga/projects/beefresearch-bima/data/dataset_root/DAY-1/DAY-1_RPH_HDM_099.JPG,DAY-1,RPH,HDM,99,True,,0.051925,False,"(163, 206)"
DAY-1_RPH_HDM_100.JPG,/home/tsaga/projects/beefresearch-bima/data/dataset_root/DAY-1/DAY-1_RPH_HDM_100.JPG,DAY-1,RPH,HDM,100,True,,0.052560416666666665,False,"(151, 228)"
DAY-1_RPH_HDM_101.JPG,/home/tsaga/projects/beefresearch-bima/data/dataset_root/DAY-1/DAY-1_RPH_HDM_101.JPG,DAY-1,RPH,HDM,101,True,,0.07469375,False,"(213, 215)"
DAY-1_RPH_HDM_102.JPG,/home/tsaga/projects/beefresearch-bima/data/dataset_root/DAY-1/DAY-1_RPH_HDM_102.JPG,DAY-1,RPH,HDM,102,True,,0.077075,False,"(208, 220)"
DAY-1_RPH_HDM_103.JPG,/home/tsaga/projects/beefresearch-bima/data/dataset_root/DAY-1/DAY-1_RPH_HDM_103.JPG,DAY-1,RPH,HDM,103,True,,0.050708333333333334,False,"(182, 174)"
DAY-1_RPH_HDM_104.JPG,/home/tsaga/projects/beefresearch-bima/data/dataset_root/DAY-1/DAY-1_RPH_HDM_104.JPG,DAY-1,RPH,HDM,104,True,,0.05114791666666667,False,"(175, 179)"
DAY-1_RPH_HDM_105.JPG,/home/tsaga/projects/beefresearch-bima/data/dataset_root/DAY-1/DAY-1_RPH_HDM_105.JPG,DAY-1,RPH,HDM,105,True,,0.06993541666666667,False,"(186, 216)"
DAY-1_RPH_HDM_106.JPG,/home/tsaga/projects/beefresearch-bima/data/dataset_root/DAY-1/DAY-1_RPH_HDM_106.JPG,DAY-1,RPH,HDM,106,True,,0.07045625,False,"(184, 221)"
DAY-1_RPH_HDM_107.JPG,/home/tsaga/projects/beefresearch-bima/data/dataset_root/DAY-1/DAY-1_RPH_HDM_107.JPG,DAY-1,RPH,HDM,107,True,,0.07946041666666667,False,"(200, 236)"
DAY-1_RPH_HDM_108.JPG,/home/tsaga/projects/beefresearch-bima/data/dataset_root/DAY-1/DAY-1_RPH_HDM_108.JPG,DAY-1,RPH,HDM,108,True,,0.0768,False,"(197, 238)"
DAY-1_RPH_HDM_110.JPG,/home/tsaga/projects/beefresearch-bima/data/dataset_root/DAY-1/DAY-1_RPH_HDM_110.JPG,DAY-1,RPH,HDM,110,True,,0.061527083333333336,False,"(167, 214)"
DAY-1_RPH_HDM_111.JPG,/home/tsaga/projects/beefresearch-bima/data/dataset_root/DAY-1/DAY-1_RPH_HDM_111.JPG,DAY-1,RPH,HDM,111,True,,0.06657291666666666,False,"(185, 210)"
DAY-1_RPH_HDM_112.JPG,/home/tsaga/projects/beefresearch-bima/data/dataset_root/DAY-1/DAY-1_RPH_HDM_112.JPG,DAY-1,RPH,HDM,112,True,,0.06512083333333334,False,"(179, 209)"
DAY-1_RPH_HDM_113.JPG,/home/tsaga/projects/beefresearch-bima/data/dataset_root/DAY-1/DAY-1_RPH_HDM_113.JPG,DAY-1,RPH,HDM,113,True,,0.06288333333333333,False,"(174, 216)"
DAY-1_RPH_HDM_114.JPG,/home/tsaga/projects/beefresearch-bima/data/dataset_root/DAY-1/DAY-1_RPH_HDM_114.JPG,DAY-1,RPH,HDM,114,True,,0.06632708333333333,False,"(186, 210)"
DAY-1_RPH_HDM_115.JPG,/home/tsaga/projects/beefresearch-bima/data/dataset_root/DAY-1/DAY-1_RPH_HDM_115.JPG,DAY-1,RPH,HDM,115,True,,0.058277083333333334,False,"(171, 193)"
DAY-1_RPH_HDM_116.JPG,/home/tsaga/projects/beefresearch-bima/data/dataset_root/DAY-1/DAY-1_RPH_HDM_116.JPG,DAY-1,RPH,HDM,116,True,,0.054989583333333335,False,"(158, 193)"
DAY-1_RPH_HDM_117.JPG,/home/tsaga/projects/beefresearch-bima/data/dataset_root/DAY-1/DAY-1_RPH_HDM_117.JPG,DAY-1,RPH,HDM,117,True,,0.05964166666666667,False,"(172, 211)"
DAY-1_RPH_HDM_118.JPG,/home/tsaga/projects/beefresearch-bima/data/dataset_root/DAY-1/DAY-1_RPH_HDM_118.JPG,DAY-1,RPH,HDM,118,True,,0.06580625,False,"(178, 222)"
DAY-1_RPH_HDM_119.JPG,/home/tsaga/projects/beefresearch-bima/data/dataset_root/DAY-1/DAY-1_RPH_HDM_119.JPG,DAY-1,RPH,HDM,119,True,,0.056552083333333336,False,"(182, 189)"
DAY-1_RPH_HDM_120.JPG,/home/tsaga/projects/beefresearch-bima/data/dataset_root/DAY-1/DAY-1_RPH_HDM_120.JPG,DAY-1,RPH,HDM,120,True,,0.06122916666666667,False,"(183, 192)"
DAY-1_RPH_HDM_121.JPG,/home/tsaga/projects/beefresearch-bima/data/dataset_root/DAY-1/DAY-1_RPH_HDM_121.JPG,DAY-1,RPH,HDM,121,True,,0.07269583333333333,False,"(196, 226)"
DAY-1_RPH_HDM_122.JPG,/home/tsaga/projects/beefresearch-bima/data/dataset_root/DAY-1/DAY-1_RPH_HDM_122.JPG,DAY-1,RPH,HDM,122,True,,0.06920833333333333,False,"(191, 213)"
DAY-1_RPH_HDM_123.JPG,/home/tsaga/projects/beefresearch-bima/data/dataset_root/DAY-1/DAY-1_RPH_HDM_123.JPG,DAY-1,RPH,HDM,123,True,,0.05557708333333333,False,"(174, 181)"
DAY-1_RPH_HDM_124.JPG,/home/tsaga/projects/beefresearch-bima/data/dataset_root/DAY-1/DAY-1_RPH_HDM_124.JPG,DAY-1,RPH,HDM,124,True,,0.05703125,False,"(168, 192)"
DAY-1_RPH_HDM_125.JPG,/home/tsaga/projects/beefresearch-bima/data/dataset_root/DAY-1/DAY-1_RPH_HDM_125.JPG,DAY-1,RPH,HDM,125,True,,0.06298541666666667,False,"(212, 176)"
DAY-1_RPH_HDM_126.JPG,/home/tsaga/projects/beefresearch-bima/data/dataset_root/DAY-1/DAY-1_RPH_HDM_126.JPG,DAY-1,RPH,HDM,126,True,,0.06249375,False,"(206, 175)"
DAY-1_RPH_HDM_127.JPG,/home/tsaga/projects/beefresearch-bima/data/dataset_root/DAY-1/DAY-1_RPH_HDM_127.JPG,DAY-1,RPH,HDM,127,True,,0.05635,False,"(164, 216)"
DAY-1_RPH_HDM_128.JPG,/home/tsaga/projects/beefresearch-bima/data/dataset_root/DAY-1/DAY-1_RPH_HDM_128.JPG,DAY-1,RPH,HDM,128,True,,0.05651875,False,"(165, 207)"
DAY-1_RPH_HDM_129.JPG,/home/tsaga/projects/beefresearch-bima/data/dataset_root/DAY-1/DAY-1_RPH_HDM_129.JPG,DAY-1,RPH,HDM,129,True,,0.05738541666666667,False,"(184, 206)"
DAY-1_RPH_HDM_130.JPG,/home/tsaga/projects/beefresearch-bima/data/dataset_root/DAY-1/DAY-1_RPH_HDM_130.JPG,DAY-1,RPH,HDM,130,True,,0.06175208333333333,False,"(201, 186)"
DAY-1_RPH_HDM_131.JPG,/home/tsaga/projects/beefresearch-bima/data/dataset_root/DAY-1/DAY-1_RPH_HDM_131.JPG,DAY-1,RPH,HDM,131,True,,0.06125,False,"(173, 200)"
DAY-1_RPH_HDM_132.JPG,/home/tsaga/projects/beefresearch-bima/data/dataset_root/DAY-1/DAY-1_RPH_HDM_132.JPG,DAY-1,RPH,HDM,132,True,,0.06170833333333333,False,"(169, 208)"
DAY-1_RPH_HDM_133.JPG,/home/tsaga/projects/beefresearch-bima/data/dataset_root/DAY-1/DAY-1_RPH_HDM_133.JPG,DAY-1,RPH,HDM,133,True,,0.061822916666666665,False,"(179, 232)"
DAY-1_RPH_HDM_134.JPG,/home/tsaga/projects/beefresearch-bima/data/dataset_root/DAY-1/DAY-1_RPH_HDM_134.JPG,DAY-1,RPH,HDM,134,True,,0.06429791666666666,False,"(189, 223)"
DAY-1_RPH_HDM_135.JPG,/home/tsaga/projects/beefresearch-bima/data/dataset_root/DAY-1/DAY-1_RPH_HDM_135.JPG,DAY-1,RPH,HDM,135,True,,0.06743958333333333,False,"(200, 208)"
DAY-1_RPH_HDM_136.JPG,/home/tsaga/projects/beefresearch-bima/data/dataset_root/DAY-1/DAY-1_RPH_HDM_136.JPG,DAY-1,RPH,HDM,136,True,,0.06515833333333333,False,"(206, 195)"
DAY-1_RPH_HDM_137.JPG,/home/tsaga/projects/beefresearch-bima/data/dataset_root/DAY-1/DAY-1_RPH_HDM_137.JPG,DAY-1,RPH,HDM,137,True,,0.054739583333333335,False,"(164, 190)"
DAY-1_RPH_HDM_138.JPG,/home/tsaga/projects/beefresearch-bima/data/dataset_root/DAY-1/DAY-1_RPH_HDM_138.JPG,DAY-1,RPH,HDM,138,True,,0.05508333333333333,False,"(163, 185)"
DAY-1_RPH_HDM_139.JPG,/home/tsaga/projects/beefresearch-bima/data/dataset_root/DAY-1/DAY-1_RPH_HDM_139.JPG,DAY-1,RPH,HDM,139,True,,0.08639166666666667,False,"(185, 272)"
DAY-1_RPH_HDM_140.JPG,/home/tsaga/projects/beefresearch-bima/data/dataset_root/DAY-1/DAY-1_RPH_HDM_140.JPG,DAY-1,RPH,HDM,140,True,,0.08771875,False,"(180, 274)"
DAY-1_RPH_HLR_001.JPG,/home/tsaga/projects/beefresearch-bima/data/dataset_root/DAY-1/DAY-1_RPH_HLR_001.JPG,DAY-1,RPH,HLR,1,True,,0.0495,False,"(166, 184)"
DAY-1_RPH_HLR_002.JPG,/home/tsaga/projects/beefresearch-bima/data/dataset_root/DAY-1/DAY-1_RPH_HLR_002.JPG,DAY-1,RPH,HLR,2,True,,0.04982916666666667,False,"(161, 192)"
DAY-1_RPH_HLR_003.JPG,/home/tsaga/projects/beefresearch-bima/data/dataset_root/DAY-1/DAY-1_RPH_HLR_003.JPG,DAY-1,RPH,HLR,3,True,,0.052475,False,"(163, 199)"
DAY-1_RPH_HLR_004.JPG,/home/tsaga/projects/beefresearch-bima/data/dataset_root/DAY-1/DAY-1_RPH_HLR_004.JPG,DAY-1,RPH,HLR,4,True,,0.058077083333333335,False,"(171, 225)"
DAY-1_RPH_HLR_005.JPG,/home/tsaga/projects/beefresearch-bima/data/dataset_root/DAY-1/DAY-1_RPH_HLR_005.JPG,DAY-1,RPH,HLR,5,True,,0.05142708333333333,False,"(163, 193)"
DAY-1_RPH_HLR_006.JPG,/home/tsaga/projects/beefresearch-bima/data/dataset_root/DAY-1/DAY-1_RPH_HLR_006.JPG,DAY-1,RPH,HLR,6,True,,0.05304166666666667,False,"(163, 197)"
DAY-1_RPH_HLR_007.JPG,/home/tsaga/projects/beefresearch-bima/data/dataset_root/DAY-1/DAY-1_RPH_HLR_007.JPG,DAY-1,RPH,HLR,7,True,,0.04358541666666667,False,"(154, 177)"
DAY-1_RPH_HLR_008.JPG,/home/tsaga/projects/beefresearch-bima/data/dataset_root/DAY-1/DAY-1_RPH_HLR_008.JPG,DAY-1,RPH,HLR,8,True,,0.04314375,False,"(155, 169)"
DAY-1_RPH_HLR_009.JPG,/home/tsaga/projects/beefresearch-bima/data/dataset_root/DAY-1/DAY-1_RPH_HLR_009.JPG,DAY-1,RPH,HLR,9,True,,0.049341666666666666,False,"(172, 181)"
DAY-1_RPH_HLR_010.JPG,/home/tsaga/projects/beefresearch-bima/data/dataset_root/DAY-1/DAY-1_RPH_HLR_010.JPG,DAY-1,RPH,HLR,10,True,,0.04850416666666667,False,"(168, 172)"
DAY-1_RPH_HLR_011.JPG,/home/tsaga/projects/beefresearch-bima/data/dataset_root/DAY-1/DAY-1_RPH_HLR_011.JPG,DAY-1,RPH,HLR,11,True,,0.0447125,False,"(156, 175)"
DAY-1_RPH_HLR_012.JPG,/home/tsaga/projects/beefresearch-bima/data/dataset_root/DAY-1/DAY-1_RPH_HLR_012.JPG,DAY-1,RPH,HLR,12,True,,0.041,False,"(147, 177)"
DAY-1_RPH_HLR_013.JPG,/home/tsaga/projects/beefresearch-bima/data/dataset_root/DAY-1/DAY-1_RPH_HLR_013.JPG,DAY-1,RPH,HLR,13,True,,0.04700208333333333,False,"(171, 170)"
DAY-1_RPH_HLR_014.JPG,/home/tsaga/projects/beefresearch-bima/data/dataset_root/DAY-1/DAY-1_RPH_HLR_014.JPG,DAY-1,RPH,HLR,14,True,,0.04595,False,"(157, 206)"
DAY-1_RPH_HLR_015.JPG,/home/tsaga/projects/beefresearch-bima/data/dataset_root/DAY-1/DAY-1_RPH_HLR_015.JPG,DAY-1,RPH,HLR,15,True,,0.057091666666666666,False,"(173, 197)"
DAY-1_RPH_HLR_016.JPG,/home/tsaga/projects/beefresearch-bima/data/dataset_root/DAY-1/DAY-1_RPH_HLR_016.JPG,DAY-1,RPH,HLR,16,True,,0.05331875,False,"(179, 186)"
DAY-1_RPH_HLR_017.JPG,/home/tsaga/projects/beefresearch-bima/data/dataset_root/DAY-1/DAY-1_RPH_HLR_017.JPG,DAY-1,RPH,HLR,17,True,,0.057702083333333334,False,"(187, 176)"
DAY-1_RPH_HLR_018.JPG,/home/tsaga/projects/beefresearch-bima/data/dataset_root/DAY-1/DAY-1_RPH_HLR_018.JPG,DAY-1,RPH,HLR,18,True,,0.049925,False,"(172, 179)"
DAY-1_RPH_HLR_019.JPG,/home/tsaga/projects/beefresearch-bima/data/dataset_root/DAY-1/DAY-1_RPH_HLR_019.JPG,DAY-1,RPH,HLR,19,True,,0.0484125,False,"(141, 201)"
DAY-1_RPH_HLR_020.JPG,/home/tsaga/projects/beefresearch-bima/data/dataset_root/DAY-1/DAY-1_RPH_HLR_020.JPG,DAY-1,RPH,HLR,20,True,,0.0476125,False,"(140, 213)"
DAY-1_RPH_HLR_021.JPG,/home/tsaga/projects/beefresearch-bima/data/dataset_root/DAY-1/DAY-1_RPH_HLR_021.JPG,DAY-1,RPH,HLR,21,True,,0.0559625,False,"(188, 184)"
DAY-1_RPH_HLR_022.JPG,/home/tsaga/projects/beefresearch-bima/data/dataset_root/DAY-1/DAY-1_RPH_HLR_022.JPG,DAY-1,RPH,HLR,22,True,,0.054789583333333336,False,"(186, 180)"
DAY-1_RPH_HLR_023.JPG,/home/tsaga/projects/beefresearch-bima/data/dataset_root/DAY-1/DAY-1_RPH_HLR_023.JPG,DAY-1,RPH,HLR,23,True,,0.056739583333333336,False,"(170, 210)"
DAY-1_RPH_HLR_024.JPG,/home/tsaga/projects/beefresearch-bima/data/dataset_root/DAY-1/DAY-1_RPH_HLR_024.JPG,DAY-1,RPH,HLR,24,True,,0.061364583333333333,False,"(208, 207)"
DAY-1_RPH_HLR_025.JPG,/home/tsaga/projects/beefresearch-bima/data/dataset_root/DAY-1/DAY-1_RPH_HLR_025.JPG,DAY-1,RPH,HLR,25,True,,0.055954166666666666,False,"(167, 205)"
DAY-1_RPH_HLR_026.JPG,/home/tsaga/projects/beefresearch-bima/data/dataset_root/DAY-1/DAY-1_RPH_HLR_026.JPG,DAY-1,RPH,HLR,26,True,,0.0531125,False,"(164, 196)"
DAY-1_RPH_HLR_027.JPG,/home/tsaga/projects/beefresearch-bima/data/dataset_root/DAY-1/DAY-1_RPH_HLR_027.JPG,DAY-1,RPH,HLR,27,True,,0.0441375,False,"(149, 193)"
DAY-1_RPH_HLR_028.JPG,/home/tsaga/projects/beefresearch-bima/data/dataset_root/DAY-1/DAY-1_RPH_HLR_028.JPG,DAY-1,RPH,HLR,28,True,,0.045510416666666664,False,"(149, 196)"
DAY-1_RPH_HLR_029.JPG,/home/tsaga/projects/beefresearch-bima/data/dataset_root/DAY-1/DAY-1_RPH_HLR_029.JPG,DAY-1,RPH,HLR,29,True,,0.05585208333333333,False,"(171, 199)"
DAY-1_RPH_HLR_030.JPG,/home/tsaga/projects/beefresearch-bima/data/dataset_root/DAY-1/DAY-1_RPH_HLR_030.JPG,DAY-1,RPH,HLR,30,True,,0.05458333333333333,False,"(183, 177)"
DAY-1_RPH_HLR_031.JPG,/home/tsaga/projects/beefresearch-bima/data/dataset_root/DAY-1/DAY-1_RPH_HLR_031.JPG,DAY-1,RPH,HLR,31,True,,0.04038958333333333,False,"(154, 166)"
DAY-1_RPH_HLR_032.JPG,/home/tsaga/projects/beefresearch-bima/data/dataset_root/DAY-1/DAY-1_RPH_HLR_032.JPG,DAY-1,RPH,HLR,32,True,,0.038995833333333334,False,"(135, 163)"
DAY-1_RPH_HLR_033.JPG,/home/tsaga/projects/beefresearch-bima/data/dataset_root/DAY-1/DAY-1_RPH_HLR_033.JPG,DAY-1,RPH,HLR,33,True,,0.052158333333333334,False,"(174, 176)"
DAY-1_RPH_HLR_034.JPG,/home/tsaga/projects/beefresearch-bima/data/dataset_root/DAY-1/DAY-1_RPH_HLR_034.JPG,DAY-1,RPH,HLR,34,True,,0.052033333333333334,False,"(164, 190)"
DAY-1_RPH_HLR_035.JPG,/home/tsaga/projects/beefresearch-bima/data/dataset_root/DAY-1/DAY-1_RPH_HLR_035.JPG,DAY-1,RPH,HLR,35,True,,0.04414375,False,"(159, 163)"
DAY-1_RPH_HLR_037.JPG,/home/tsaga/projects/beefresearch-bima/data/dataset_root/DAY-1/DAY-1_RPH_HLR_037.JPG,DAY-1,RPH,HLR,37,True,,0.05126666666666667,False,"(182, 180)"
DAY-1_RPH_HLR_038.JPG,/home/tsaga/projects/beefresearch-bima/data/dataset_root/DAY-1/DAY-1_RPH_HLR_038.JPG,DAY-1,RPH,HLR,38,True,,0.0457,False,"(173, 169)"
DAY-1_RPH_HLR_039.JPG,/home/tsaga/projects/beefresearch-bima/data/dataset_root/DAY-1/DAY-1_RPH_HLR_039.JPG,DAY-1,RPH,HLR,39,True,,0.04718125,False,"(153, 183)"
DAY-1_RPH_HLR_040.JPG,/home/tsaga/projects/beefresearch-bima/data/dataset_root/DAY-1/DAY-1_RPH_HLR_040.JPG,DAY-1,RPH,HLR,40,True,,0.04325625,False,"(164, 168)"
DAY-1_RPH_HLR_041.JPG,/home/tsaga/projects/beefresearch-bima/data/dataset_root/DAY-1/DAY-1_RPH_HLR_041.JPG,DAY-1,RPH,HLR,41,True,,0.045185416666666665,False,"(159, 171)"
DAY-1_RPH_HLR_043.JPG,/home/tsaga/projects/beefresearch-bima/data/dataset_root/DAY-1/DAY-1_RPH_HLR_043.JPG,DAY-1,RPH,HLR,43,True,,0.03367708333333334,False,"(144, 136)"
DAY-1_RPH_HLR_045.JPG,/home/tsaga/projects/beefresearch-bima/data/dataset_root/DAY-1/DAY-1_RPH_HLR_045.JPG,DAY-1,RPH,HLR,45,True,,0.041097916666666665,False,"(148, 170)"
DAY-1_RPH_HLR_047.JPG,/home/tsaga/projects/beefresearch-bima/data/dataset_root/DAY-1/DAY-1_RPH_HLR_047.JPG,DAY-1,RPH,HLR,47,True,,0.05311041666666667,False,"(165, 205)"
DAY-1_RPH_HLR_048.JPG,/home/tsaga/projects/beefresearch-bima/data/dataset_root/DAY-1/DAY-1_RPH_HLR_048.JPG,DAY-1,RPH,HLR,48,True,,0.0511625,False,"(166, 190)"
DAY-1_RPH_HLR_049.JPG,/home/tsaga/projects/beefresearch-bima/data/dataset_root/DAY-1/DAY-1_RPH_HLR_049.JPG,DAY-1,RPH,HLR,49,True,,0.055483333333333336,False,"(211, 186)"
DAY-1_RPH_HLR_050.JPG,/home/tsaga/projects/beefresearch-bima/data/dataset_root/DAY-1/DAY-1_RPH_HLR_050.JPG,DAY-1,RPH,HLR,50,True,,0.058304166666666664,False,"(177, 210)"
DAY-1_RPH_HLR_051.JPG,/home/tsaga/projects/beefresearch-bima/data/dataset_root/DAY-1/DAY-1_RPH_HLR_051.JPG,DAY-1,RPH,HLR,51,True,,0.038122916666666666,False,"(160, 147)"
DAY-1_RPH_HLR_052.JPG,/home/tsaga/projects/beefresearch-bima/data/dataset_root/DAY-1/DAY-1_RPH_HLR_052.JPG,DAY-1,RPH,HLR,52,True,,0.037925,False,"(144, 168)"
DAY-1_RPH_HLR_053.JPG,/home/tsaga/projects/beefresearch-bima/data/dataset_root/DAY-1/DAY-1_RPH_HLR_053.JPG,DAY-1,RPH,HLR,53,True,,0.04700625,False,"(159, 173)"
DAY-1_RPH_HLR_054.JPG,/home/tsaga/projects/beefresearch-bima/data/dataset_root/DAY-1/DAY-1_RPH_HLR_054.JPG,DAY-1,RPH,HLR,54,True,,0.04852708333333333,False,"(161, 200)"
DAY-1_RPH_HLR_055.JPG,/home/tsaga/projects/beefresearch-bima/data/dataset_root/DAY-1/DAY-1_RPH_HLR_055.JPG,DAY-1,RPH,HLR,55,True,,0.0322875,False,"(143, 146)"
DAY-1_RPH_HLR_056.JPG,/home/tsaga/projects/beefresearch-bima/data/dataset_root/DAY-1/DAY-1_RPH_HLR_056.JPG,DAY-1,RPH,HLR,56,True,,0.03617083333333333,False,"(141, 164)"
DAY-1_RPH_HLR_057.JPG,/home/tsaga/projects/beefresearch-bima/data/dataset_root/DAY-1/DAY-1_RPH_HLR_057.JPG,DAY-1,RPH,HLR,57,True,,0.04528541666666667,False,"(166, 179)"
DAY-1_RPH_HLR_058.JPG,/home/tsaga/projects/beefresearch-bima/data/dataset_root/DAY-1/DAY-1_RPH_HLR_058.JPG,DAY-1,RPH,HLR,58,True,,0.04403125,False,"(153, 174)"
DAY-1_RPH_HLR_059.JPG,/home/tsaga/projects/beefresearch-bima/data/dataset_root/DAY-1/DAY-1_RPH_HLR_059.JPG,DAY-1,RPH,HLR,59,True,,0.041547916666666664,False,"(141, 177)"
DAY-1_RPH_HLR_060.JPG,/home/tsaga/projects/beefresearch-bima/data/dataset_root/DAY-1/DAY-1_RPH_HLR_060.JPG,DAY-1,RPH,HLR,60,True,,0.040575,False,"(155, 176)"
DAY-1_RPH_HLR_061.JPG,/home/tsaga/projects/beefresearch-bima/data/dataset_root/DAY-1/DAY-1_RPH_HLR_061.JPG,DAY-1,RPH,HLR,61,True,,0.042570833333333336,False,"(171, 174)"
DAY-1_RPH_HLR_062.JPG,/home/tsaga/projects/beefresearch-bima/data/dataset_root/DAY-1/DAY-1_RPH_HLR_062.JPG,DAY-1,RPH,HLR,62,True,,0.04122708333333333,False,"(173, 149)"
DAY-1_RPH_HLR_063.JPG,/home/tsaga/projects/beefresearch-bima/data/dataset_root/DAY-1/DAY-1_RPH_HLR_063.JPG,DAY-1,RPH,HLR,63,True,,0.04330208333333333,False,"(145, 182)"
DAY-1_RPH_HLR_064.JPG,/home/tsaga/projects/beefresearch-bima/data/dataset_root/DAY-1/DAY-1_RPH_HLR_064.JPG,DAY-1,RPH,HLR,64,True,,0.045725,False,"(151, 181)"
DAY-1_RPH_HLR_065.JPG,/home/tsaga/projects/beefresearch-bima/data/dataset_root/DAY-1/DAY-1_RPH_HLR_065.JPG,DAY-1,RPH,HLR,65,True,,0.05016458333333333,False,"(172, 173)"
DAY-1_RPH_HLR_066.JPG,/home/tsaga/projects/beefresearch-bima/data/dataset_root/DAY-1/DAY-1_RPH_HLR_066.JPG,DAY-1,RPH,HLR,66,True,,0.049279166666666666,False,"(173, 171)"
DAY-1_RPH_HLR_067.JPG,/home/tsaga/projects/beefresearch-bima/data/dataset_root/DAY-1/DAY-1_RPH_HLR_067.JPG,DAY-1,RPH,HLR,67,True,,0.046470833333333336,False,"(155, 177)"
DAY-1_RPH_HLR_068.JPG,/home/tsaga/projects/beefresearch-bima/data/dataset_root/DAY-1/DAY-1_RPH_HLR_068.JPG,DAY-1,RPH,HLR,68,True,,0.04621458333333334,False,"(154, 201)"
DAY-1_RPH_HLR_069.JPG,/home/tsaga/projects/beefresearch-bima/data/dataset_root/DAY-1/DAY-1_RPH_HLR_069.JPG,DAY-1,RPH,HLR,69,True,,0.04650208333333333,False,"(174, 194)"
DAY-1_RPH_HLR_071.JPG,/home/tsaga/projects/beefresearch-bima/data/dataset_root/DAY-1/DAY-1_RPH_HLR_071.JPG,DAY-1,RPH,HLR,71,True,,0.05399166666666667,False,"(193, 179)"
DAY-1_RPH_HLR_072.JPG,/home/tsaga/projects/beefresearch-bima/data/dataset_root/DAY-1/DAY-1_RPH_HLR_072.JPG,DAY-1,RPH,HLR,72,True,,0.05156666666666666,False,"(167, 187)"
DAY-1_RPH_HLR_073.JPG,/home/tsaga/projects/beefresearch-bima/data/dataset_root/DAY-1/DAY-1_RPH_HLR_073.JPG,DAY-1,RPH,HLR,73,True,,0.04244166666666667,False,"(162, 168)"
DAY-1_RPH_HLR_074.JPG,/home/tsaga/projects/beefresearch-bima/data/dataset_root/DAY-1/DAY-1_RPH_HLR_074.JPG,DAY-1,RPH,HLR,74,True,,0.0429875,False,"(147, 170)"
DAY-1_RPH_HLR_075.JPG,/home/tsaga/projects/beefresearch-bima/data/dataset_root/DAY-1/DAY-1_RPH_HLR_075.JPG,DAY-1,RPH,HLR,75,True,,0.057847916666666666,False,"(186, 195)"
DAY-1_RPH_HLR_076.JPG,/home/tsaga/projects/beefresearch-bima/data/dataset_root/DAY-1/DAY-1_RPH_HLR_076.JPG,DAY-1,RPH,HLR,76,True,,0.05422916666666667,False,"(183, 188)"
DAY-1_RPH_HLR_077.JPG,/home/tsaga/projects/beefresearch-bima/data/dataset_root/DAY-1/DAY-1_RPH_HLR_077.JPG,DAY-1,RPH,HLR,77,True,,0.04418333333333333,False,"(141, 198)"
DAY-1_RPH_HLR_078.JPG,/home/tsaga/projects/beefresearch-bima/data/dataset_root/DAY-1/DAY-1_RPH_HLR_078.JPG,DAY-1,RPH,HLR,78,True,,0.04378125,False,"(146, 205)"
DAY-1_RPH_HLR_079.JPG,/home/tsaga/projects/beefresearch-bima/data/dataset_root/DAY-1/DAY-1_RPH_HLR_079.JPG,DAY-1,RPH,HLR,79,True,,0.04782083333333333,False,"(162, 194)"
DAY-1_RPH_HLR_080.JPG,/home/tsaga/projects/beefresearch-bima/data/dataset_root/DAY-1/DAY-1_RPH_HLR_080.JPG,DAY-1,RPH,HLR,80,True,,0.04591666666666667,False,"(158, 179)"
DAY-1_RPH_HLR_081.JPG,/home/tsaga/projects/beefresearch-bima/data/dataset_root/DAY-1/DAY-1_RPH_HLR_081.JPG,DAY-1,RPH,HLR,81,True,,0.0518,False,"(165, 194)"
DAY-1_RPH_HLR_082.JPG,/home/tsaga/projects/beefresearch-bima/data/dataset_root/DAY-1/DAY-1_RPH_HLR_082.JPG,DAY-1,RPH,HLR,82,True,,0.0499,False,"(154, 200)"
DAY-1_RPH_HLR_083.JPG,/home/tsaga/projects/beefresearch-bima/data/dataset_root/DAY-1/DAY-1_RPH_HLR_083.JPG,DAY-1,RPH,HLR,83,True,,0.039575,False,"(146, 163)"
DAY-1_RPH_HLR_084.JPG,/home/tsaga/projects/beefresearch-bima/data/dataset_root/DAY-1/DAY-1_RPH_HLR_084.JPG,DAY-1,RPH,HLR,84,True,,0.03786041666666667,False,"(130, 168)"
DAY-1_RPH_HLR_085.JPG,/home/tsaga/projects/beefresearch-bima/data/dataset_root/DAY-1/DAY-1_RPH_HLR_085.JPG,DAY-1,RPH,HLR,85,True,,0.04213541666666667,False,"(159, 162)"
DAY-1_RPH_HLR_086.JPG,/home/tsaga/projects/beefresearch-bima/data/dataset_root/DAY-1/DAY-1_RPH_HLR_086.JPG,DAY-1,RPH,HLR,86,True,,0.04031041666666667,False,"(148, 182)"
DAY-1_RPH_HLR_087.JPG,/home/tsaga/projects/beefresearch-bima/data/dataset_root/DAY-1/DAY-1_RPH_HLR_087.JPG,DAY-1,RPH,HLR,87,True,,0.05831666666666667,False,"(167, 222)"
DAY-1_RPH_HLR_088.JPG,/home/tsaga/projects/beefresearch-bima/data/dataset_root/DAY-1/DAY-1_RPH_HLR_088.JPG,DAY-1,RPH,HLR,88,True,,0.058895833333333335,False,"(180, 212)"
DAY-1_RPH_HLR_089.JPG,/home/tsaga/projects/beefresearch-bima/data/dataset_root/DAY-1/DAY-1_RPH_HLR_089.JPG,DAY-1,RPH,HLR,89,True,,0.0612875,False,"(189, 194)"
DAY-1_RPH_HLR_090.JPG,/home/tsaga/projects/beefresearch-bima/data/dataset_root/DAY-1/DAY-1_RPH_HLR_090.JPG,DAY-1,RPH,HLR,90,True,,0.054266666666666664,False,"(169, 193)"
DAY-1_RPH_HLR_091.JPG,/home/tsaga/projects/beefresearch-bima/data/dataset_root/DAY-1/DAY-1_RPH_HLR_091.JPG,DAY-1,RPH,HLR,91,True,,0.05621875,False,"(175, 189)"
DAY-1_RPH_HLR_092.JPG,/home/tsaga/projects/beefresearch-bima/data/dataset_root/DAY-1/DAY-1_RPH_HLR_092.JPG,DAY-1,RPH,HLR,92,True,,0.055545833333333336,False,"(207, 184)"
DAY-1_RPH_HLR_093.JPG,/home/tsaga/projects/beefresearch-bima/data/dataset_root/DAY-1/DAY-1_RPH_HLR_093.JPG,DAY-1,RPH,HLR,93,True,,0.049514583333333334,False,"(170, 174)"
DAY-1_RPH_HLR_094.JPG,/home/tsaga/projects/beefresearch-bima/data/dataset_root/DAY-1/DAY-1_RPH_HLR_094.JPG,DAY-1,RPH,HLR,94,True,,0.051514583333333336,False,"(185, 184)"
DAY-1_RPH_HLR_095.JPG,/home/tsaga/projects/beefresearch-bima/data/dataset_root/DAY-1/DAY-1_RPH_HLR_095.JPG,DAY-1,RPH,HLR,95,True,,0.0877875,False,"(199, 266)"
DAY-1_RPH_HLR_097.JPG,/home/tsaga/projects/beefresearch-bima/data/dataset_root/DAY-1/DAY-1_RPH_HLR_097.JPG,DAY-1,RPH,HLR,97,True,,0.06084791666666667,False,"(172, 197)"
DAY-1_RPH_HLR_098.JPG,/home/tsaga/projects/beefresearch-bima/data/dataset_root/DAY-1/DAY-1_RPH_HLR_098.JPG,DAY-1,RPH,HLR,98,True,,0.06165625,False,"(178, 204)"
DAY-1_RPH_HLR_099.JPG,/home/tsaga/projects/beefresearch-bima/data/dataset_root/DAY-1/DAY-1_RPH_HLR_099.JPG,DAY-1,RPH,HLR,99,True,,0.05989375,False,"(165, 238)"
DAY-1_RPH_HLR_100.JPG,/home/tsaga/projects/beefresearch-bima/data/dataset_root/DAY-1/DAY-1_RPH_HLR_100.JPG,DAY-1,RPH,HLR,100,True,,0.06358333333333334,False,"(174, 219)"
DAY-1_RPH_HLR_101.JPG,/home/tsaga/projects/beefresearch-bima/data/dataset_root/DAY-1/DAY-1_RPH_HLR_101.JPG,DAY-1,RPH,HLR,101,True,,0.07565208333333333,False,"(193, 242)"
DAY-1_RPH_HLR_102.JPG,/home/tsaga/projects/beefresearch-bima/data/dataset_root/DAY-1/DAY-1_RPH_HLR_102.JPG,DAY-1,RPH,HLR,102,True,,0.0724375,False,"(196, 216)"
DAY-1_RPH_HLR_103.JPG,/home/tsaga/projects/beefresearch-bima/data/dataset_root/DAY-1/DAY-1_RPH_HLR_103.JPG,DAY-1,RPH,HLR,103,True,,0.0757,False,"(197, 239)"
DAY-1_RPH_HLR_104.JPG,/home/tsaga/projects/beefresearch-bima/data/dataset_root/DAY-1/DAY-1_RPH_HLR_104.JPG,DAY-1,RPH,HLR,104,True,,0.0770625,False,"(197, 237)"
DAY-1_RPH_HLR_105.JPG,/home/tsaga/projects/beefresearch-bima/data/dataset_root/DAY-1/DAY-1_RPH_HLR_105.JPG,DAY-1,RPH,HLR,105,True,,0.09298958333333333,False,"(212, 261)"
DAY-1_RPH_HLR_106.JPG,/home/tsaga/projects/beefresearch-bima/data/dataset_root/DAY-1/DAY-1_RPH_HLR_106.JPG,DAY-1,RPH,HLR,106,True,,0.09380625,False,"(219, 268)"
DAY-1_RPH_HLR_107.JPG,/home/tsaga/projects/beefresearch-bima/data/dataset_root/DAY-1/DAY-1_RPH_HLR_107.JPG,DAY-1,RPH,HLR,107,True,,0.07245208333333333,False,"(216, 214)"
DAY-1_RPH_HLR_108.JPG,/home/tsaga/projects/beefresearch-bima/data/dataset_root/DAY-1/DAY-1_RPH_HLR_108.JPG,DAY-1,RPH,HLR,108,True,,0.0713375,False,"(198, 213)"
DAY-1_RPH_HLR_109.JPG,/home/tsaga/projects/beefresearch-bima/data/dataset_root/DAY-1/DAY-1_RPH_HLR_109.JPG,DAY-1,RPH,HLR,109,True,,0.06545416666666666,False,"(187, 225)"
DAY-1_RPH_HLR_110.JPG,/home/tsaga/projects/beefresearch-bima/data/dataset_root/DAY-1/DAY-1_RPH_HLR_110.JPG,DAY-1,RPH,HLR,110,True,,0.06964583333333334,False,"(185, 222)"
DAY-1_RPH_HLR_111.JPG,/home/tsaga/projects/beefresearch-bima/data/dataset_root/DAY-1/DAY-1_RPH_HLR_111.JPG,DAY-1,RPH,HLR,111,True,,0.08143333333333333,False,"(207, 224)"
DAY-1_RPH_HLR_113.JPG,/home/tsaga/projects/beefresearch-bima/data/dataset_root/DAY-1/DAY-1_RPH_HLR_113.JPG,DAY-1,RPH,HLR,113,True,,0.07629791666666667,False,"(199, 237)"
DAY-1_RPH_HLR_114.JPG,/home/tsaga/projects/beefresearch-bima/data/dataset_root/DAY-1/DAY-1_RPH_HLR_114.JPG,DAY-1,RPH,HLR,114,True,,0.0756,False,"(196, 225)"
DAY-1_RPH_HLR_115.JPG,/home/tsaga/projects/beefresearch-bima/data/dataset_root/DAY-1/DAY-1_RPH_HLR_115.JPG,DAY-1,RPH,HLR,115,True,,0.08467708333333333,False,"(195, 269)"
DAY-1_RPH_HLR_116.JPG,/home/tsaga/projects/beefresearch-bima/data/dataset_root/DAY-1/DAY-1_RPH_HLR_116.JPG,DAY-1,RPH,HLR,116,True,,0.07826875,False,"(194, 293)"
DAY-1_RPH_HLR_117.JPG,/home/tsaga/projects/beefresearch-bima/data/dataset_root/DAY-1/DAY-1_RPH_HLR_117.JPG,DAY-1,RPH,HLR,117,True,,0.0934375,False,"(199, 320)"
DAY-1_RPH_HLR_119.JPG,/home/tsaga/projects/beefresearch-bima/data/dataset_root/DAY-1/DAY-1_RPH_HLR_119.JPG,DAY-1,RPH,HLR,119,True,,0.08433125,False,"(182, 292)"
DAY-1_RPH_HLR_120.JPG,/home/tsaga/projects/beefresearch-bima/data/dataset_root/DAY-1/DAY-1_RPH_HLR_120.JPG,DAY-1,RPH,HLR,120,True,,0.08100625,False,"(196, 271)"
DAY-1_RPH_HLR_121.JPG,/home/tsaga/projects/beefresearch-bima/data/dataset_root/DAY-1/DAY-1_RPH_HLR_121.JPG,DAY-1,RPH,HLR,121,True,,0.06776875,False,"(190, 224)"
DAY-1_RPH_HLR_122.JPG,/home/tsaga/projects/beefresearch-bima/data/dataset_root/DAY-1/DAY-1_RPH_HLR_122.JPG,DAY-1,RPH,HLR,122,True,,0.0667,False,"(194, 260)"
DAY-1_RPH_HLR_123.JPG,/home/tsaga/projects/beefresearch-bima/data/dataset_root/DAY-1/DAY-1_RPH_HLR_123.JPG,DAY-1,RPH,HLR,123,True,,0.06564375,False,"(172, 212)"
DAY-1_RPH_HLR_124.JPG,/home/tsaga/projects/beefresearch-bima/data/dataset_root/DAY-1/DAY-1_RPH_HLR_124.JPG,DAY-1,RPH,HLR,124,True,,0.06472291666666667,False,"(177, 210)"
DAY-1_RPH_HLR_125.JPG,/home/tsaga/projects/beefresearch-bima/data/dataset_root/DAY-1/DAY-1_RPH_HLR_125.JPG,DAY-1,RPH,HLR,125,True,,0.08449166666666667,False,"(200, 262)"
DAY-1_RPH_HLR_126.JPG,/home/tsaga/projects/beefresearch-bima/data/dataset_root/DAY-1/DAY-1_RPH_HLR_126.JPG,DAY-1,RPH,HLR,126,True,,0.08470833333333333,False,"(220, 272)"
DAY-1_RPH_HLR_127.JPG,/home/tsaga/projects/beefresearch-bima/data/dataset_root/DAY-1/DAY-1_RPH_HLR_127.JPG,DAY-1,RPH,HLR,127,True,,0.0790375,False,"(206, 244)"
DAY-1_RPH_HLR_128.JPG,/home/tsaga/projects/beefresearch-bima/data/dataset_root/DAY-1/DAY-1_RPH_HLR_128.JPG,DAY-1,RPH,HLR,128,True,,0.07380625,False,"(195, 222)"
DAY-1_RPH_HLR_129.JPG,/home/tsaga/projects/beefresearch-bima/data/dataset_root/DAY-1/DAY-1_RPH_HLR_129.JPG,DAY-1,RPH,HLR,129,True,,0.052697916666666664,False,"(185, 176)"
DAY-1_RPH_HLR_131.JPG,/home/tsaga/projects/beefresearch-bima/data/dataset_root/DAY-1/DAY-1_RPH_HLR_131.JPG,DAY-1,RPH,HLR,131,True,,0.0770875,False,"(195, 245)"
DAY-1_RPH_HLR_133.JPG,/home/tsaga/projects/beefresearch-bima/data/dataset_root/DAY-1/DAY-1_RPH_HLR_133.JPG,DAY-1,RPH,HLR,133,True,,0.07322916666666666,False,"(218, 212)"
DAY-1_RPH_HLR_134.JPG,/home/tsaga/projects/beefresearch-bima/data/dataset_root/DAY-1/DAY-1_RPH_HLR_134.JPG,DAY-1,RPH,HLR,134,True,,0.06778958333333333,False,"(214, 216)"
DAY-1_RPH_HLR_135.JPG,/home/tsaga/projects/beefresearch-bima/data/dataset_root/DAY-1/DAY-1_RPH_HLR_135.JPG,DAY-1,RPH,HLR,135,True,,0.05642291666666667,False,"(158, 211)"
DAY-1_RPH_HLR_136.JPG,/home/tsaga/projects/beefresearch-bima/data/dataset_root/DAY-1/DAY-1_RPH_HLR_136.JPG,DAY-1,RPH,HLR,136,True,,0.05875208333333334,False,"(165, 212)"
DAY-1_RPH_HLR_137.JPG,/home/tsaga/projects/beefresearch-bima/data/dataset_root/DAY-1/DAY-1_RPH_HLR_137.JPG,DAY-1,RPH,HLR,137,True,,0.05649791666666667,False,"(156, 219)"
DAY-1_RPH_HLR_138.JPG,/home/tsaga/projects/beefresearch-bima/data/dataset_root/DAY-1/DAY-1_RPH_HLR_138.JPG,DAY-1,RPH,HLR,138,True,,0.06017708333333333,False,"(161, 216)"
DAY-1_RPH_HLR_139.JPG,/home/tsaga/projects/beefresearch-bima/data/dataset_root/DAY-1/DAY-1_RPH_HLR_139.JPG,DAY-1,RPH,HLR,139,True,,0.0693125,False,"(167, 258)"
DAY-1_RPH_HLR_140.JPG,/home/tsaga/projects/beefresearch-bima/data/dataset_root/DAY-1/DAY-1_RPH_HLR_140.JPG,DAY-1,RPH,HLR,140,True,,0.0732,False,"(174, 258)"
DAY-1_RPH_KLP_001.JPG,/home/tsaga/projects/beefresearch-bima/data/dataset_root/DAY-1/DAY-1_RPH_KLP_001.JPG,DAY-1,RPH,KLP,1,True,,0.06510208333333334,False,"(206, 209)"
DAY-1_RPH_KLP_002.JPG,/home/tsaga/projects/beefresearch-bima/data/dataset_root/DAY-1/DAY-1_RPH_KLP_002.JPG,DAY-1,RPH,KLP,2,True,,0.06571458333333334,False,"(196, 211)"
DAY-1_RPH_KLP_003.JPG,/home/tsaga/projects/beefresearch-bima/data/dataset_root/DAY-1/DAY-1_RPH_KLP_003.JPG,DAY-1,RPH,KLP,3,True,,0.05680416666666667,False,"(176, 224)"
DAY-1_RPH_KLP_004.JPG,/home/tsaga/projects/beefresearch-bima/data/dataset_root/DAY-1/DAY-1_RPH_KLP_004.JPG,DAY-1,RPH,KLP,4,True,,0.0564375,False,"(155, 230)"
DAY-1_RPH_KLP_005.JPG,/home/tsaga/projects/beefresearch-bima/data/dataset_root/DAY-1/DAY-1_RPH_KLP_005.JPG,DAY-1,RPH,KLP,5,True,,0.06515416666666667,False,"(199, 260)"
DAY-1_RPH_KLP_006.JPG,/home/tsaga/projects/beefresearch-bima/data/dataset_root/DAY-1/DAY-1_RPH_KLP_006.JPG,DAY-1,RPH,KLP,6,True,,0.06249375,False,"(200, 257)"
DAY-1_RPH_KLP_008.JPG,/home/tsaga/projects/beefresearch-bima/data/dataset_root/DAY-1/DAY-1_RPH_KLP_008.JPG,DAY-1,RPH,KLP,8,True,,0.07993333333333333,False,"(218, 244)"
DAY-1_RPH_KLP_009.JPG,/home/tsaga/projects/beefresearch-bima/data/dataset_root/DAY-1/DAY-1_RPH_KLP_009.JPG,DAY-1,RPH,KLP,9,True,,0.06898125,False,"(176, 240)"
DAY-1_RPH_KLP_010.JPG,/home/tsaga/projects/beefresearch-bima/data/dataset_root/DAY-1/DAY-1_RPH_KLP_010.JPG,DAY-1,RPH,KLP,10,True,,0.07085833333333333,False,"(196, 224)"
DAY-1_RPH_KLP_011.JPG,/home/tsaga/projects/beefresearch-bima/data/dataset_root/DAY-1/DAY-1_RPH_KLP_011.JPG,DAY-1,RPH,KLP,11,True,,0.04994791666666667,False,"(164, 191)"
DAY-1_RPH_KLP_012.JPG,/home/tsaga/projects/beefresearch-bima/data/dataset_root/DAY-1/DAY-1_RPH_KLP_012.JPG,DAY-1,RPH,KLP,12,True,,0.05243333333333333,False,"(162, 193)"
DAY-1_RPH_KLP_014.JPG,/home/tsaga/projects/beefresearch-bima/data/dataset_root/DAY-1/DAY-1_RPH_KLP_014.JPG,DAY-1,RPH,KLP,14,True,,0.047427083333333335,False,"(169, 182)"
DAY-1_RPH_KLP_015.JPG,/home/tsaga/projects/beefresearch-bima/data/dataset_root/DAY-1/DAY-1_RPH_KLP_015.JPG,DAY-1,RPH,KLP,15,True,,0.07024791666666666,False,"(213, 219)"
DAY-1_RPH_KLP_016.JPG,/home/tsaga/projects/beefresearch-bima/data/dataset_root/DAY-1/DAY-1_RPH_KLP_016.JPG,DAY-1,RPH,KLP,16,True,,0.0700375,False,"(212, 218)"
DAY-1_RPH_KLP_017.JPG,/home/tsaga/projects/beefresearch-bima/data/dataset_root/DAY-1/DAY-1_RPH_KLP_017.JPG,DAY-1,RPH,KLP,17,True,,0.0721375,False,"(195, 236)"
DAY-1_RPH_KLP_018.JPG,/home/tsaga/projects/beefresearch-bima/data/dataset_root/DAY-1/DAY-1_RPH_KLP_018.JPG,DAY-1,RPH,KLP,18,True,,0.0693125,False,"(192, 227)"
DAY-1_RPH_KLP_019.JPG,/home/tsaga/projects/beefresearch-bima/data/dataset_root/DAY-1/DAY-1_RPH_KLP_019.JPG,DAY-1,RPH,KLP,19,True,,0.0643125,False,"(168, 240)"
DAY-1_RPH_KLP_020.JPG,/home/tsaga/projects/beefresearch-bima/data/dataset_root/DAY-1/DAY-1_RPH_KLP_020.JPG,DAY-1,RPH,KLP,20,True,,0.061372916666666666,False,"(155, 238)"
DAY-1_RPH_KLP_022.JPG,/home/tsaga/projects/beefresearch-bima/data/dataset_root/DAY-1/DAY-1_RPH_KLP_022.JPG,DAY-1,RPH,KLP,22,True,,0.044389583333333336,False,"(153, 185)"
DAY-1_RPH_KLP_024.JPG,/home/tsaga/projects/beefresearch-bima/data/dataset_root/DAY-1/DAY-1_RPH_KLP_024.JPG,DAY-1,RPH,KLP,24,True,,0.05737291666666667,False,"(176, 211)"
DAY-1_RPH_KLP_025.JPG,/home/tsaga/projects/beefresearch-bima/data/dataset_root/DAY-1/DAY-1_RPH_KLP_025.JPG,DAY-1,RPH,KLP,25,True,,0.05701666666666667,False,"(174, 197)"
DAY-1_RPH_KLP_026.JPG,/home/tsaga/projects/beefresearch-bima/data/dataset_root/DAY-1/DAY-1_RPH_KLP_026.JPG,DAY-1,RPH,KLP,26,True,,0.05728958333333333,False,"(186, 189)"
DAY-1_RPH_KLP_027.JPG,/home/tsaga/projects/beefresearch-bima/data/dataset_root/DAY-1/DAY-1_RPH_KLP_027.JPG,DAY-1,RPH,KLP,27,True,,0.05857291666666667,False,"(180, 191)"
DAY-1_RPH_KLP_028.JPG,/home/tsaga/projects/beefresearch-bima/data/dataset_root/DAY-1/DAY-1_RPH_KLP_028.JPG,DAY-1,RPH,KLP,28,True,,0.056427083333333336,False,"(195, 180)"
DAY-1_RPH_KLP_029.JPG,/home/tsaga/projects/beefresearch-bima/data/dataset_root/DAY-1/DAY-1_RPH_KLP_029.JPG,DAY-1,RPH,KLP,29,True,,0.06568333333333333,False,"(192, 214)"
DAY-1_RPH_KLP_030.JPG,/home/tsaga/projects/beefresearch-bima/data/dataset_root/DAY-1/DAY-1_RPH_KLP_030.JPG,DAY-1,RPH,KLP,30,True,,0.06758958333333333,False,"(200, 213)"
DAY-1_RPH_KLP_031.JPG,/home/tsaga/projects/beefresearch-bima/data/dataset_root/DAY-1/DAY-1_RPH_KLP_031.JPG,DAY-1,RPH,KLP,31,True,,0.06539583333333333,False,"(178, 225)"
DAY-1_RPH_KLP_032.JPG,/home/tsaga/projects/beefresearch-bima/data/dataset_root/DAY-1/DAY-1_RPH_KLP_032.JPG,DAY-1,RPH,KLP,32,True,,0.06418541666666666,False,"(180, 213)"
DAY-1_RPH_KLP_033.JPG,/home/tsaga/projects/beefresearch-bima/data/dataset_root/DAY-1/DAY-1_RPH_KLP_033.JPG,DAY-1,RPH,KLP,33,True,,0.05341666666666667,False,"(155, 213)"
DAY-1_RPH_KLP_034.JPG,/home/tsaga/projects/beefresearch-bima/data/dataset_root/DAY-1/DAY-1_RPH_KLP_034.JPG,DAY-1,RPH,KLP,34,True,,0.0537125,False,"(162, 214)"
DAY-1_RPH_KLP_035.JPG,/home/tsaga/projects/beefresearch-bima/data/dataset_root/DAY-1/DAY-1_RPH_KLP_035.JPG,DAY-1,RPH,KLP,35,True,,0.06740416666666667,False,"(197, 218)"
DAY-1_RPH_KLP_036.JPG,/home/tsaga/projects/beefresearch-bima/data/dataset_root/DAY-1/DAY-1_RPH_KLP_036.JPG,DAY-1,RPH,KLP,36,True,,0.07113541666666667,False,"(225, 205)"
DAY-1_RPH_KLP_037.JPG,/home/tsaga/projects/beefresearch-bima/data/dataset_root/DAY-1/DAY-1_RPH_KLP_037.JPG,DAY-1,RPH,KLP,37,True,,0.061504166666666665,False,"(166, 244)"
DAY-1_RPH_KLP_038.JPG,/home/tsaga/projects/beefresearch-bima/data/dataset_root/DAY-1/DAY-1_RPH_KLP_038.JPG,DAY-1,RPH,KLP,38,True,,0.0599125,False,"(162, 242)"
DAY-1_RPH_KLP_039.JPG,/home/tsaga/projects/beefresearch-bima/data/dataset_root/DAY-1/DAY-1_RPH_KLP_039.JPG,DAY-1,RPH,KLP,39,True,,0.059395833333333335,False,"(154, 238)"
DAY-1_RPH_KLP_040.JPG,/home/tsaga/projects/beefresearch-bima/data/dataset_root/DAY-1/DAY-1_RPH_KLP_040.JPG,DAY-1,RPH,KLP,40,True,,0.06125,False,"(153, 236)"
DAY-1_RPH_KLP_041.JPG,/home/tsaga/projects/beefresearch-bima/data/dataset_root/DAY-1/DAY-1_RPH_KLP_041.JPG,DAY-1,RPH,KLP,41,True,,0.046147916666666663,False,"(153, 181)"
DAY-1_RPH_KLP_042.JPG,/home/tsaga/projects/beefresearch-bima/data/dataset_root/DAY-1/DAY-1_RPH_KLP_042.JPG,DAY-1,RPH,KLP,42,True,,0.04744583333333333,False,"(154, 183)"
DAY-1_RPH_KLP_043.JPG,/home/tsaga/projects/beefresearch-bima/data/dataset_root/DAY-1/DAY-1_RPH_KLP_043.JPG,DAY-1,RPH,KLP,43,True,,0.055447916666666666,False,"(150, 230)"
DAY-1_RPH_KLP_044.JPG,/home/tsaga/projects/beefresearch-bima/data/dataset_root/DAY-1/DAY-1_RPH_KLP_044.JPG,DAY-1,RPH,KLP,44,True,,0.05452708333333333,False,"(151, 220)"
DAY-1_RPH_KLP_045.JPG,/home/tsaga/projects/beefresearch-bima/data/dataset_root/DAY-1/DAY-1_RPH_KLP_045.JPG,DAY-1,RPH,KLP,45,True,,0.05410625,False,"(163, 198)"
DAY-1_RPH_KLP_046.JPG,/home/tsaga/projects/beefresearch-bima/data/dataset_root/DAY-1/DAY-1_RPH_KLP_046.JPG,DAY-1,RPH,KLP,46,True,,0.059175,False,"(180, 199)"
DAY-1_RPH_KLP_047.JPG,/home/tsaga/projects/beefresearch-bima/data/dataset_root/DAY-1/DAY-1_RPH_KLP_047.JPG,DAY-1,RPH,KLP,47,True,,0.07404583333333334,False,"(232, 261)"
DAY-1_RPH_KLP_048.JPG,/home/tsaga/projects/beefresearch-bima/data/dataset_root/DAY-1/DAY-1_RPH_KLP_048.JPG,DAY-1,RPH,KLP,48,True,,0.07712708333333333,False,"(208, 247)"
DAY-1_RPH_KLP_049.JPG,/home/tsaga/projects/beefresearch-bima/data/dataset_root/DAY-1/DAY-1_RPH_KLP_049.JPG,DAY-1,RPH,KLP,49,True,,0.045760416666666665,False,"(142, 187)"
DAY-1_RPH_KLP_050.JPG,/home/tsaga/projects/beefresearch-bima/data/dataset_root/DAY-1/DAY-1_RPH_KLP_050.JPG,DAY-1,RPH,KLP,50,True,,0.046745833333333334,False,"(147, 196)"
DAY-1_RPH_KLP_051.JPG,/home/tsaga/projects/beefresearch-bima/data/dataset_root/DAY-1/DAY-1_RPH_KLP_051.JPG,DAY-1,RPH,KLP,51,True,,0.056410416666666664,False,"(185, 191)"
DAY-1_RPH_KLP_052.JPG,/home/tsaga/projects/beefresearch-bima/data/dataset_root/DAY-1/DAY-1_RPH_KLP_052.JPG,DAY-1,RPH,KLP,52,True,,0.056495833333333335,False,"(180, 189)"
DAY-1_RPH_KLP_054.JPG,/home/tsaga/projects/beefresearch-bima/data/dataset_root/DAY-1/DAY-1_RPH_KLP_054.JPG,DAY-1,RPH,KLP,54,True,,0.054364583333333334,False,"(177, 186)"
DAY-1_RPH_KLP_055.JPG,/home/tsaga/projects/beefresearch-bima/data/dataset_root/DAY-1/DAY-1_RPH_KLP_055.JPG,DAY-1,RPH,KLP,55,True,,0.05043333333333333,False,"(169, 176)"
DAY-1_RPH_KLP_056.JPG,/home/tsaga/projects/beefresearch-bima/data/dataset_root/DAY-1/DAY-1_RPH_KLP_056.JPG,DAY-1,RPH,KLP,56,True,,0.053204166666666663,False,"(172, 181)"
DAY-1_RPH_KLP_057.JPG,/home/tsaga/projects/beefresearch-bima/data/dataset_root/DAY-1/DAY-1_RPH_KLP_057.JPG,DAY-1,RPH,KLP,57,True,,0.06659791666666667,False,"(173, 245)"
DAY-1_RPH_KLP_058.JPG,/home/tsaga/projects/beefresearch-bima/data/dataset_root/DAY-1/DAY-1_RPH_KLP_058.JPG,DAY-1,RPH,KLP,58,True,,0.0708375,False,"(175, 245)"
DAY-1_RPH_KLP_059.JPG,/home/tsaga/projects/beefresearch-bima/data/dataset_root/DAY-1/DAY-1_RPH_KLP_059.JPG,DAY-1,RPH,KLP,59,True,,0.05044375,False,"(174, 173)"
DAY-1_RPH_KLP_060.JPG,/home/tsaga/projects/beefresearch-bima/data/dataset_root/DAY-1/DAY-1_RPH_KLP_060.JPG,DAY-1,RPH,KLP,60,True,,0.055154166666666664,False,"(187, 184)"
DAY-1_RPH_KLP_061.JPG,/home/tsaga/projects/beefresearch-bima/data/dataset_root/DAY-1/DAY-1_RPH_KLP_061.JPG,DAY-1,RPH,KLP,61,True,,0.06299583333333333,False,"(215, 236)"
DAY-1_RPH_KLP_062.JPG,/home/tsaga/projects/beefresearch-bima/data/dataset_root/DAY-1/DAY-1_RPH_KLP_062.JPG,DAY-1,RPH,KLP,62,True,,0.06323333333333334,False,"(218, 234)"
DAY-1_RPH_KLP_063.JPG,/home/tsaga/projects/beefresearch-bima/data/dataset_root/DAY-1/DAY-1_RPH_KLP_063.JPG,DAY-1,RPH,KLP,63,True,,0.06686041666666667,False,"(192, 219)"
DAY-1_RPH_KLP_064.JPG,/home/tsaga/projects/beefresearch-bima/data/dataset_root/DAY-1/DAY-1_RPH_KLP_064.JPG,DAY-1,RPH,KLP,64,True,,0.06439166666666667,False,"(216, 219)"
DAY-1_RPH_KLP_065.JPG,/home/tsaga/projects/beefresearch-bima/data/dataset_root/DAY-1/DAY-1_RPH_KLP_065.JPG,DAY-1,RPH,KLP,65,True,,0.0674375,False,"(189, 210)"
DAY-1_RPH_KLP_066.JPG,/home/tsaga/projects/beefresearch-bima/data/dataset_root/DAY-1/DAY-1_RPH_KLP_066.JPG,DAY-1,RPH,KLP,66,True,,0.0657375,False,"(194, 206)"
DAY-1_RPH_KLP_067.JPG,/home/tsaga/projects/beefresearch-bima/data/dataset_root/DAY-1/DAY-1_RPH_KLP_067.JPG,DAY-1,RPH,KLP,67,True,,0.059297916666666665,False,"(183, 229)"
DAY-1_RPH_KLP_068.JPG,/home/tsaga/projects/beefresearch-bima/data/dataset_root/DAY-1/DAY-1_RPH_KLP_068.JPG,DAY-1,RPH,KLP,68,True,,0.05875208333333334,False,"(173, 219)"
DAY-1_RPH_KLP_069.JPG,/home/tsaga/projects/beefresearch-bima/data/dataset_root/DAY-1/DAY-1_RPH_KLP_069.JPG,DAY-1,RPH,KLP,69,True,,0.06278333333333333,False,"(184, 208)"
DAY-1_RPH_KLP_070.JPG,/home/tsaga/projects/beefresearch-bima/data/dataset_root/DAY-1/DAY-1_RPH_KLP_070.JPG,DAY-1,RPH,KLP,70,True,,0.06488958333333333,False,"(192, 208)"
DAY-1_RPH_KLP_071.JPG,/home/tsaga/projects/beefresearch-bima/data/dataset_root/DAY-1/DAY-1_RPH_KLP_071.JPG,DAY-1,RPH,KLP,71,True,,0.05785208333333333,False,"(176, 184)"
DAY-1_RPH_KLP_072.JPG,/home/tsaga/projects/beefresearch-bima/data/dataset_root/DAY-1/DAY-1_RPH_KLP_072.JPG,DAY-1,RPH,KLP,72,True,,0.06423541666666667,False,"(210, 191)"
DAY-1_RPH_KLP_073.JPG,/home/tsaga/projects/beefresearch-bima/data/dataset_root/DAY-1/DAY-1_RPH_KLP_073.JPG,DAY-1,RPH,KLP,73,True,,0.049014583333333334,False,"(168, 217)"
DAY-1_RPH_KLP_074.JPG,/home/tsaga/projects/beefresearch-bima/data/dataset_root/DAY-1/DAY-1_RPH_KLP_074.JPG,DAY-1,RPH,KLP,74,True,,0.05132291666666667,False,"(170, 197)"
DAY-1_RPH_KLP_075.JPG,/home/tsaga/projects/beefresearch-bima/data/dataset_root/DAY-1/DAY-1_RPH_KLP_075.JPG,DAY-1,RPH,KLP,75,True,,0.061402083333333336,False,"(187, 204)"
DAY-1_RPH_KLP_076.JPG,/home/tsaga/projects/beefresearch-bima/data/dataset_root/DAY-1/DAY-1_RPH_KLP_076.JPG,DAY-1,RPH,KLP,76,True,,0.0596375,False,"(175, 219)"
DAY-1_RPH_KLP_077.JPG,/home/tsaga/projects/beefresearch-bima/data/dataset_root/DAY-1/DAY-1_RPH_KLP_077.JPG,DAY-1,RPH,KLP,77,True,,0.06670416666666666,False,"(154, 280)"
DAY-1_RPH_KLP_078.JPG,/home/tsaga/projects/beefresearch-bima/data/dataset_root/DAY-1/DAY-1_RPH_KLP_078.JPG,DAY-1,RPH,KLP,78,True,,0.06828541666666667,False,"(161, 277)"
DAY-1_RPH_KLP_079.JPG,/home/tsaga/projects/beefresearch-bima/data/dataset_root/DAY-1/DAY-1_RPH_KLP_079.JPG,DAY-1,RPH,KLP,79,True,,0.0491375,False,"(157, 189)"
DAY-1_RPH_KLP_080.JPG,/home/tsaga/projects/beefresearch-bima/data/dataset_root/DAY-1/DAY-1_RPH_KLP_080.JPG,DAY-1,RPH,KLP,80,True,,0.0480875,False,"(163, 206)"
DAY-1_RPH_KLP_081.JPG,/home/tsaga/projects/beefresearch-bima/data/dataset_root/DAY-1/DAY-1_RPH_KLP_081.JPG,DAY-1,RPH,KLP,81,True,,0.05391875,False,"(165, 201)"
DAY-1_RPH_KLP_083.JPG,/home/tsaga/projects/beefresearch-bima/data/dataset_root/DAY-1/DAY-1_RPH_KLP_083.JPG,DAY-1,RPH,KLP,83,True,,0.07126041666666667,False,"(187, 231)"
DAY-1_RPH_KLP_084.JPG,/home/tsaga/projects/beefresearch-bima/data/dataset_root/DAY-1/DAY-1_RPH_KLP_084.JPG,DAY-1,RPH,KLP,84,True,,0.07360833333333333,False,"(213, 216)"
DAY-1_RPH_KLP_085.JPG,/home/tsaga/projects/beefresearch-bima/data/dataset_root/DAY-1/DAY-1_RPH_KLP_085.JPG,DAY-1,RPH,KLP,85,True,,0.06769791666666666,False,"(179, 232)"
DAY-1_RPH_KLP_086.JPG,/home/tsaga/projects/beefresearch-bima/data/dataset_root/DAY-1/DAY-1_RPH_KLP_086.JPG,DAY-1,RPH,KLP,86,True,,0.07057083333333333,False,"(186, 235)"
DAY-1_RPH_KLP_087.JPG,/home/tsaga/projects/beefresearch-bima/data/dataset_root/DAY-1/DAY-1_RPH_KLP_087.JPG,DAY-1,RPH,KLP,87,True,,0.05279791666666667,False,"(176, 182)"
DAY-1_RPH_KLP_088.JPG,/home/tsaga/projects/beefresearch-bima/data/dataset_root/DAY-1/DAY-1_RPH_KLP_088.JPG,DAY-1,RPH,KLP,88,True,,0.0569875,False,"(189, 184)"
DAY-1_RPH_KLP_089.JPG,/home/tsaga/projects/beefresearch-bima/data/dataset_root/DAY-1/DAY-1_RPH_KLP_089.JPG,DAY-1,RPH,KLP,89,True,,0.056425,False,"(174, 192)"
DAY-1_RPH_KLP_090.JPG,/home/tsaga/projects/beefresearch-bima/data/dataset_root/DAY-1/DAY-1_RPH_KLP_090.JPG,DAY-1,RPH,KLP,90,True,,0.05645833333333333,False,"(180, 178)"
DAY-1_RPH_KLP_091.JPG,/home/tsaga/projects/beefresearch-bima/data/dataset_root/DAY-1/DAY-1_RPH_KLP_091.JPG,DAY-1,RPH,KLP,91,True,,0.057085416666666666,False,"(177, 195)"
DAY-1_RPH_KLP_092.JPG,/home/tsaga/projects/beefresearch-bima/data/dataset_root/DAY-1/DAY-1_RPH_KLP_092.JPG,DAY-1,RPH,KLP,92,True,,0.06482291666666666,False,"(183, 211)"
DAY-1_RPH_KLP_093.JPG,/home/tsaga/projects/beefresearch-bima/data/dataset_root/DAY-1/DAY-1_RPH_KLP_093.JPG,DAY-1,RPH,KLP,93,True,,0.06701666666666667,False,"(197, 207)"
DAY-1_RPH_KLP_094.JPG,/home/tsaga/projects/beefresearch-bima/data/dataset_root/DAY-1/DAY-1_RPH_KLP_094.JPG,DAY-1,RPH,KLP,94,True,,0.0645625,False,"(192, 205)"
DAY-1_RPH_KLP_095.JPG,/home/tsaga/projects/beefresearch-bima/data/dataset_root/DAY-1/DAY-1_RPH_KLP_095.JPG,DAY-1,RPH,KLP,95,True,,0.06859375,False,"(229, 218)"
DAY-1_RPH_KLP_096.JPG,/home/tsaga/projects/beefresearch-bima/data/dataset_root/DAY-1/DAY-1_RPH_KLP_096.JPG,DAY-1,RPH,KLP,96,True,,0.06617083333333333,False,"(199, 209)"
DAY-1_RPH_KLP_097.JPG,/home/tsaga/projects/beefresearch-bima/data/dataset_root/DAY-1/DAY-1_RPH_KLP_097.JPG,DAY-1,RPH,KLP,97,True,,0.0544375,False,"(154, 206)"
DAY-1_RPH_KLP_098.JPG,/home/tsaga/projects/beefresearch-bima/data/dataset_root/DAY-1/DAY-1_RPH_KLP_098.JPG,DAY-1,RPH,KLP,98,True,,0.05730208333333333,False,"(170, 198)"
DAY-1_RPH_KLP_099.JPG,/home/tsaga/projects/beefresearch-bima/data/dataset_root/DAY-1/DAY-1_RPH_KLP_099.JPG,DAY-1,RPH,KLP,99,True,,0.059033333333333333,False,"(220, 222)"
DAY-1_RPH_KLP_100.JPG,/home/tsaga/projects/beefresearch-bima/data/dataset_root/DAY-1/DAY-1_RPH_KLP_100.JPG,DAY-1,RPH,KLP,100,True,,0.06044583333333333,False,"(218, 236)"
DAY-1_RPH_KLP_101.JPG,/home/tsaga/projects/beefresearch-bima/data/dataset_root/DAY-1/DAY-1_RPH_KLP_101.JPG,DAY-1,RPH,KLP,101,True,,0.05128125,False,"(152, 223)"
DAY-1_RPH_KLP_102.JPG,/home/tsaga/projects/beefresearch-bima/data/dataset_root/DAY-1/DAY-1_RPH_KLP_102.JPG,DAY-1,RPH,KLP,102,True,,0.0545625,False,"(153, 217)"
DAY-1_RPH_KLP_103.JPG,/home/tsaga/projects/beefresearch-bima/data/dataset_root/DAY-1/DAY-1_RPH_KLP_103.JPG,DAY-1,RPH,KLP,103,True,,0.057952083333333335,False,"(212, 225)"
DAY-1_RPH_KLP_104.JPG,/home/tsaga/projects/beefresearch-bima/data/dataset_root/DAY-1/DAY-1_RPH_KLP_104.JPG,DAY-1,RPH,KLP,104,True,,0.0632125,False,"(227, 228)"
DAY-1_RPH_KLP_105.JPG,/home/tsaga/projects/beefresearch-bima/data/dataset_root/DAY-1/DAY-1_RPH_KLP_105.JPG,DAY-1,RPH,KLP,105,True,,0.06370416666666667,False,"(193, 247)"
DAY-1_RPH_KLP_106.JPG,/home/tsaga/projects/beefresearch-bima/data/dataset_root/DAY-1/DAY-1_RPH_KLP_106.JPG,DAY-1,RPH,KLP,106,True,,0.06646666666666666,False,"(216, 248)"
DAY-1_RPH_KLP_107.JPG,/home/tsaga/projects/beefresearch-bima/data/dataset_root/DAY-1/DAY-1_RPH_KLP_107.JPG,DAY-1,RPH,KLP,107,True,,0.067425,False,"(219, 252)"
DAY-1_RPH_KLP_108.JPG,/home/tsaga/projects/beefresearch-bima/data/dataset_root/DAY-1/DAY-1_RPH_KLP_108.JPG,DAY-1,RPH,KLP,108,True,,0.07488958333333333,False,"(229, 253)"
DAY-1_RPH_KLP_109.JPG,/home/tsaga/projects/beefresearch-bima/data/dataset_root/DAY-1/DAY-1_RPH_KLP_109.JPG,DAY-1,RPH,KLP,109,True,,0.0633125,False,"(181, 218)"
DAY-1_RPH_KLP_110.JPG,/home/tsaga/projects/beefresearch-bima/data/dataset_root/DAY-1/DAY-1_RPH_KLP_110.JPG,DAY-1,RPH,KLP,110,True,,0.06678541666666667,False,"(191, 232)"
DAY-1_RPH_KLP_111.JPG,/home/tsaga/projects/beefresearch-bima/data/dataset_root/DAY-1/DAY-1_RPH_KLP_111.JPG,DAY-1,RPH,KLP,111,True,,0.051202083333333336,False,"(163, 186)"
DAY-1_RPH_KLP_112.JPG,/home/tsaga/projects/beefresearch-bima/data/dataset_root/DAY-1/DAY-1_RPH_KLP_112.JPG,DAY-1,RPH,KLP,112,True,,0.0496125,False,"(189, 166)"
DAY-1_RPH_KLP_113.JPG,/home/tsaga/projects/beefresearch-bima/data/dataset_root/DAY-1/DAY-1_RPH_KLP_113.JPG,DAY-1,RPH,KLP,113,True,,0.061575,False,"(184, 197)"
DAY-1_RPH_KLP_114.JPG,/home/tsaga/projects/beefresearch-bima/data/dataset_root/DAY-1/DAY-1_RPH_KLP_114.JPG,DAY-1,RPH,KLP,114,True,,0.06344791666666667,False,"(184, 209)"
DAY-1_RPH_KLP_115.JPG,/home/tsaga/projects/beefresearch-bima/data/dataset_root/DAY-1/DAY-1_RPH_KLP_115.JPG,DAY-1,RPH,KLP,115,True,,0.06551666666666667,False,"(224, 228)"
DAY-1_RPH_KLP_116.JPG,/home/tsaga/projects/beefresearch-bima/data/dataset_root/DAY-1/DAY-1_RPH_KLP_116.JPG,DAY-1,RPH,KLP,116,True,,0.06480416666666666,False,"(216, 225)"
DAY-1_RPH_KLP_117.JPG,/home/tsaga/projects/beefresearch-bima/data/dataset_root/DAY-1/DAY-1_RPH_KLP_117.JPG,DAY-1,RPH,KLP,117,True,,0.07250833333333333,False,"(237, 239)"
DAY-1_RPH_KLP_118.JPG,/home/tsaga/projects/beefresearch-bima/data/dataset_root/DAY-1/DAY-1_RPH_KLP_118.JPG,DAY-1,RPH,KLP,118,True,,0.06533333333333333,False,"(237, 228)"
DAY-1_RPH_KLP_119.JPG,/home/tsaga/projects/beefresearch-bima/data/dataset_root/DAY-1/DAY-1_RPH_KLP_119.JPG,DAY-1,RPH,KLP,119,True,,0.07759166666666667,False,"(191, 238)"
DAY-1_RPH_KLP_120.JPG,/home/tsaga/projects/beefresearch-bima/data/dataset_root/DAY-1/DAY-1_RPH_KLP_120.JPG,DAY-1,RPH,KLP,120,True,,0.07664791666666666,False,"(194, 235)"
DAY-1_RPH_KLP_121.JPG,/home/tsaga/projects/beefresearch-bima/data/dataset_root/DAY-1/DAY-1_RPH_KLP_121.JPG,DAY-1,RPH,KLP,121,True,,0.05738541666666667,False,"(207, 239)"
DAY-1_RPH_KLP_122.JPG,/home/tsaga/projects/beefresearch-bima/data/dataset_root/DAY-1/DAY-1_RPH_KLP_122.JPG,DAY-1,RPH,KLP,122,True,,0.05704375,False,"(211, 244)"
DAY-1_RPH_KLP_124.JPG,/home/tsaga/projects/beefresearch-bima/data/dataset_root/DAY-1/DAY-1_RPH_KLP_124.JPG,DAY-1,RPH,KLP,124,True,,0.06815416666666667,False,"(195, 219)"
DAY-1_RPH_KLP_125.JPG,/home/tsaga/projects/beefresearch-bima/data/dataset_root/DAY-1/DAY-1_RPH_KLP_125.JPG,DAY-1,RPH,KLP,125,True,,0.05010208333333333,False,"(194, 193)"
DAY-1_RPH_KLP_126.JPG,/home/tsaga/projects/beefresearch-bima/data/dataset_root/DAY-1/DAY-1_RPH_KLP_126.JPG,DAY-1,RPH,KLP,126,True,,0.04825416666666667,False,"(204, 181)"
DAY-1_RPH_KLP_127.JPG,/home/tsaga/projects/beefresearch-bima/data/dataset_root/DAY-1/DAY-1_RPH_KLP_127.JPG,DAY-1,RPH,KLP,127,True,,0.0530625,False,"(174, 183)"
DAY-1_RPH_KLP_128.JPG,/home/tsaga/projects/beefresearch-bima/data/dataset_root/DAY-1/DAY-1_RPH_KLP_128.JPG,DAY-1,RPH,KLP,128,True,,0.05493541666666667,False,"(172, 191)"
DAY-1_RPH_KLP_129.JPG,/home/tsaga/projects/beefresearch-bima/data/dataset_root/DAY-1/DAY-1_RPH_KLP_129.JPG,DAY-1,RPH,KLP,129,True,,0.05893333333333333,False,"(175, 221)"
DAY-1_RPH_KLP_130.JPG,/home/tsaga/projects/beefresearch-bima/data/dataset_root/DAY-1/DAY-1_RPH_KLP_130.JPG,DAY-1,RPH,KLP,130,True,,0.06348125,False,"(182, 217)"
DAY-1_RPH_KLP_131.JPG,/home/tsaga/projects/beefresearch-bima/data/dataset_root/DAY-1/DAY-1_RPH_KLP_131.JPG,DAY-1,RPH,KLP,131,True,,0.06543333333333333,False,"(182, 221)"
DAY-1_RPH_KLP_132.JPG,/home/tsaga/projects/beefresearch-bima/data/dataset_root/DAY-1/DAY-1_RPH_KLP_132.JPG,DAY-1,RPH,KLP,132,True,,0.06402083333333333,False,"(166, 216)"
DAY-1_RPH_KLP_133.JPG,/home/tsaga/projects/beefresearch-bima/data/dataset_root/DAY-1/DAY-1_RPH_KLP_133.JPG,DAY-1,RPH,KLP,133,True,,0.061747916666666666,False,"(172, 213)"
DAY-1_RPH_KLP_134.JPG,/home/tsaga/projects/beefresearch-bima/data/dataset_root/DAY-1/DAY-1_RPH_KLP_134.JPG,DAY-1,RPH,KLP,134,True,,0.06024375,False,"(171, 222)"
DAY-1_RPH_KLP_135.JPG,/home/tsaga/projects/beefresearch-bima/data/dataset_root/DAY-1/DAY-1_RPH_KLP_135.JPG,DAY-1,RPH,KLP,135,True,,0.04853333333333333,False,"(160, 183)"
DAY-1_RPH_KLP_136.JPG,/home/tsaga/projects/beefresearch-bima/data/dataset_root/DAY-1/DAY-1_RPH_KLP_136.JPG,DAY-1,RPH,KLP,136,True,,0.0484,False,"(164, 170)"
DAY-1_RPH_KLP_137.JPG,/home/tsaga/projects/beefresearch-bima/data/dataset_root/DAY-1/DAY-1_RPH_KLP_137.JPG,DAY-1,RPH,KLP,137,True,,0.06677291666666667,False,"(179, 264)"
DAY-1_RPH_KLP_138.JPG,/home/tsaga/projects/beefresearch-bima/data/dataset_root/DAY-1/DAY-1_RPH_KLP_138.JPG,DAY-1,RPH,KLP,138,True,,0.066225,False,"(197, 259)"
DAY-1_RPH_KLP_139.JPG,/home/tsaga/projects/beefresearch-bima/data/dataset_root/DAY-1/DAY-1_RPH_KLP_139.JPG,DAY-1,RPH,KLP,139,True,,0.0502,False,"(196, 210)"
DAY-1_RPH_KLP_140.JPG,/home/tsaga/projects/beefresearch-bima/data/dataset_root/DAY-1/DAY-1_RPH_KLP_140.JPG,DAY-1,RPH,KLP,140,True,,0.04914375,False,"(187, 211)"
DAY-1_RPH_LMS_001.JPG,/home/tsaga/projects/beefresearch-bima/data/dataset_root/DAY-1/DAY-1_RPH_LMS_001.JPG,DAY-1,RPH,LMS,1,True,,0.06289166666666667,False,"(167, 228)"
DAY-1_RPH_LMS_002.JPG,/home/tsaga/projects/beefresearch-bima/data/dataset_root/DAY-1/DAY-1_RPH_LMS_002.JPG,DAY-1,RPH,LMS,2,True,,0.06122291666666667,False,"(160, 229)"
DAY-1_RPH_LMS_003.JPG,/home/tsaga/projects/beefresearch-bima/data/dataset_root/DAY-1/DAY-1_RPH_LMS_003.JPG,DAY-1,RPH,LMS,3,True,,0.06460416666666667,False,"(179, 213)"
DAY-1_RPH_LMS_004.JPG,/home/tsaga/projects/beefresearch-bima/data/dataset_root/DAY-1/DAY-1_RPH_LMS_004.JPG,DAY-1,RPH,LMS,4,True,,0.06579166666666666,False,"(186, 215)"
DAY-1_RPH_LMS_005.JPG,/home/tsaga/projects/beefresearch-bima/data/dataset_root/DAY-1/DAY-1_RPH_LMS_005.JPG,DAY-1,RPH,LMS,5,True,,0.05864166666666667,False,"(168, 199)"
DAY-1_RPH_LMS_006.JPG,/home/tsaga/projects/beefresearch-bima/data/dataset_root/DAY-1/DAY-1_RPH_LMS_006.JPG,DAY-1,RPH,LMS,6,True,,0.061108333333333334,False,"(173, 201)"
DAY-1_RPH_LMS_007.JPG,/home/tsaga/projects/beefresearch-bima/data/dataset_root/DAY-1/DAY-1_RPH_LMS_007.JPG,DAY-1,RPH,LMS,7,True,,0.02556875,False,"(150, 187)"
DAY-1_RPH_LMS_008.JPG,/home/tsaga/projects/beefresearch-bima/data/dataset_root/DAY-1/DAY-1_RPH_LMS_008.JPG,DAY-1,RPH,LMS,8,True,,0.04267708333333333,False,"(148, 183)"
DAY-1_RPH_LMS_009.JPG,/home/tsaga/projects/beefresearch-bima/data/dataset_root/DAY-1/DAY-1_RPH_LMS_009.JPG,DAY-1,RPH,LMS,9,True,,0.068475,False,"(192, 242)"
DAY-1_RPH_LMS_010.JPG,/home/tsaga/projects/beefresearch-bima/data/dataset_root/DAY-1/DAY-1_RPH_LMS_010.JPG,DAY-1,RPH,LMS,10,True,,0.06765208333333333,False,"(183, 242)"
DAY-1_RPH_LMS_011.JPG,/home/tsaga/projects/beefresearch-bima/data/dataset_root/DAY-1/DAY-1_RPH_LMS_011.JPG,DAY-1,RPH,LMS,11,True,,0.07218333333333334,False,"(182, 235)"
DAY-1_RPH_LMS_012.JPG,/home/tsaga/projects/beefresearch-bima/data/dataset_root/DAY-1/DAY-1_RPH_LMS_012.JPG,DAY-1,RPH,LMS,12,True,,0.07121458333333333,False,"(188, 240)"
DAY-1_RPH_LMS_013.JPG,/home/tsaga/projects/beefresearch-bima/data/dataset_root/DAY-1/DAY-1_RPH_LMS_013.JPG,DAY-1,RPH,LMS,13,True,,0.06160416666666667,False,"(175, 221)"
DAY-1_RPH_LMS_014.JPG,/home/tsaga/projects/beefresearch-bima/data/dataset_root/DAY-1/DAY-1_RPH_LMS_014.JPG,DAY-1,RPH,LMS,14,True,,0.060533333333333335,False,"(184, 219)"
DAY-1_RPH_LMS_015.JPG,/home/tsaga/projects/beefresearch-bima/data/dataset_root/DAY-1/DAY-1_RPH_LMS_015.JPG,DAY-1,RPH,LMS,15,True,,0.06646666666666666,False,"(169, 236)"
DAY-1_RPH_LMS_016.JPG,/home/tsaga/projects/beefresearch-bima/data/dataset_root/DAY-1/DAY-1_RPH_LMS_016.JPG,DAY-1,RPH,LMS,16,True,,0.07003333333333334,False,"(164, 240)"
DAY-1_RPH_LMS_017.JPG,/home/tsaga/projects/beefresearch-bima/data/dataset_root/DAY-1/DAY-1_RPH_LMS_017.JPG,DAY-1,RPH,LMS,17,True,,0.05748333333333333,False,"(168, 207)"
DAY-1_RPH_LMS_018.JPG,/home/tsaga/projects/beefresearch-bima/data/dataset_root/DAY-1/DAY-1_RPH_LMS_018.JPG,DAY-1,RPH,LMS,18,True,,0.060316666666666664,False,"(173, 209)"
DAY-1_RPH_LMS_019.JPG,/home/tsaga/projects/beefresearch-bima/data/dataset_root/DAY-1/DAY-1_RPH_LMS_019.JPG,DAY-1,RPH,LMS,19,True,,0.07055208333333333,False,"(201, 219)"
DAY-1_RPH_LMS_020.JPG,/home/tsaga/projects/beefresearch-bima/data/dataset_root/DAY-1/DAY-1_RPH_LMS_020.JPG,DAY-1,RPH,LMS,20,True,,0.06254375,False,"(182, 208)"
DAY-1_RPH_LMS_021.JPG,/home/tsaga/projects/beefresearch-bima/data/dataset_root/DAY-1/DAY-1_RPH_LMS_021.JPG,DAY-1,RPH,LMS,21,True,,0.06494791666666666,False,"(164, 241)"
DAY-1_RPH_LMS_022.JPG,/home/tsaga/projects/beefresearch-bima/data/dataset_root/DAY-1/DAY-1_RPH_LMS_022.JPG,DAY-1,RPH,LMS,22,True,,0.06703125,False,"(175, 237)"
DAY-1_RPH_LMS_023.JPG,/home/tsaga/projects/beefresearch-bima/data/dataset_root/DAY-1/DAY-1_RPH_LMS_023.JPG,DAY-1,RPH,LMS,23,True,,0.08595625,False,"(223, 233)"
DAY-1_RPH_LMS_025.JPG,/home/tsaga/projects/beefresearch-bima/data/dataset_root/DAY-1/DAY-1_RPH_LMS_025.JPG,DAY-1,RPH,LMS,25,True,,0.07868333333333333,False,"(211, 232)"
DAY-1_RPH_LMS_026.JPG,/home/tsaga/projects/beefresearch-bima/data/dataset_root/DAY-1/DAY-1_RPH_LMS_026.JPG,DAY-1,RPH,LMS,26,True,,0.07545625,False,"(206, 231)"
DAY-1_RPH_LMS_027.JPG,/home/tsaga/projects/beefresearch-bima/data/dataset_root/DAY-1/DAY-1_RPH_LMS_027.JPG,DAY-1,RPH,LMS,27,True,,0.08003125,False,"(201, 265)"
DAY-1_RPH_LMS_028.JPG,/home/tsaga/projects/beefresearch-bima/data/dataset_root/DAY-1/DAY-1_RPH_LMS_028.JPG,DAY-1,RPH,LMS,28,True,,0.07735,False,"(206, 234)"
DAY-1_RPH_LMS_029.JPG,/home/tsaga/projects/beefresearch-bima/data/dataset_root/DAY-1/DAY-1_RPH_LMS_029.JPG,DAY-1,RPH,LMS,29,True,,0.07560208333333333,False,"(201, 244)"
DAY-1_RPH_LMS_030.JPG,/home/tsaga/projects/beefresearch-bima/data/dataset_root/DAY-1/DAY-1_RPH_LMS_030.JPG,DAY-1,RPH,LMS,30,True,,0.07557916666666667,False,"(206, 237)"
DAY-1_RPH_LMS_031.JPG,/home/tsaga/projects/beefresearch-bima/data/dataset_root/DAY-1/DAY-1_RPH_LMS_031.JPG,DAY-1,RPH,LMS,31,True,,0.06668333333333333,False,"(204, 201)"
DAY-1_RPH_LMS_032.JPG,/home/tsaga/projects/beefresearch-bima/data/dataset_root/DAY-1/DAY-1_RPH_LMS_032.JPG,DAY-1,RPH,LMS,32,True,,0.064925,False,"(183, 210)"
DAY-1_RPH_LMS_033.JPG,/home/tsaga/projects/beefresearch-bima/data/dataset_root/DAY-1/DAY-1_RPH_LMS_033.JPG,DAY-1,RPH,LMS,33,True,,0.06776666666666667,False,"(187, 207)"
DAY-1_RPH_LMS_034.JPG,/home/tsaga/projects/beefresearch-bima/data/dataset_root/DAY-1/DAY-1_RPH_LMS_034.JPG,DAY-1,RPH,LMS,34,True,,0.06654583333333333,False,"(190, 196)"
DAY-1_RPH_LMS_035.JPG,/home/tsaga/projects/beefresearch-bima/data/dataset_root/DAY-1/DAY-1_RPH_LMS_035.JPG,DAY-1,RPH,LMS,35,True,,0.06247291666666667,False,"(197, 229)"
DAY-1_RPH_LMS_036.JPG,/home/tsaga/projects/beefresearch-bima/data/dataset_root/DAY-1/DAY-1_RPH_LMS_036.JPG,DAY-1,RPH,LMS,36,True,,0.06139583333333333,False,"(207, 215)"
DAY-1_RPH_LMS_037.JPG,/home/tsaga/projects/beefresearch-bima/data/dataset_root/DAY-1/DAY-1_RPH_LMS_037.JPG,DAY-1,RPH,LMS,37,True,,0.06736458333333334,False,"(186, 219)"
DAY-1_RPH_LMS_038.JPG,/home/tsaga/projects/beefresearch-bima/data/dataset_root/DAY-1/DAY-1_RPH_LMS_038.JPG,DAY-1,RPH,LMS,38,True,,0.06620416666666666,False,"(198, 217)"
DAY-1_RPH_LMS_039.JPG,/home/tsaga/projects/beefresearch-bima/data/dataset_root/DAY-1/DAY-1_RPH_LMS_039.JPG,DAY-1,RPH,LMS,39,True,,0.07722083333333334,False,"(196, 231)"
DAY-1_RPH_LMS_040.JPG,/home/tsaga/projects/beefresearch-bima/data/dataset_root/DAY-1/DAY-1_RPH_LMS_040.JPG,DAY-1,RPH,LMS,40,True,,0.07259375,False,"(200, 215)"
DAY-1_RPH_LMS_041.JPG,/home/tsaga/projects/beefresearch-bima/data/dataset_root/DAY-1/DAY-1_RPH_LMS_041.JPG,DAY-1,RPH,LMS,41,True,,0.08366875,False,"(226, 243)"
DAY-1_RPH_LMS_042.JPG,/home/tsaga/projects/beefresearch-bima/data/dataset_root/DAY-1/DAY-1_RPH_LMS_042.JPG,DAY-1,RPH,LMS,42,True,,0.0808875,False,"(213, 219)"
DAY-1_RPH_LMS_043.JPG,/home/tsaga/projects/beefresearch-bima/data/dataset_root/DAY-1/DAY-1_RPH_LMS_043.JPG,DAY-1,RPH,LMS,43,True,,0.0534125,False,"(171, 188)"
DAY-1_RPH_LMS_044.JPG,/home/tsaga/projects/beefresearch-bima/data/dataset_root/DAY-1/DAY-1_RPH_LMS_044.JPG,DAY-1,RPH,LMS,44,True,,0.056633333333333334,False,"(188, 189)"
DAY-1_RPH_LMS_045.JPG,/home/tsaga/projects/beefresearch-bima/data/dataset_root/DAY-1/DAY-1_RPH_LMS_045.JPG,DAY-1,RPH,LMS,45,True,,0.07732708333333334,False,"(214, 249)"
DAY-1_RPH_LMS_046.JPG,/home/tsaga/projects/beefresearch-bima/data/dataset_root/DAY-1/DAY-1_RPH_LMS_046.JPG,DAY-1,RPH,LMS,46,True,,0.06968541666666667,False,"(193, 243)"
DAY-1_RPH_LMS_048.JPG,/home/tsaga/projects/beefresearch-bima/data/dataset_root/DAY-1/DAY-1_RPH_LMS_048.JPG,DAY-1,RPH,LMS,48,True,,0.06812083333333334,False,"(190, 216)"
DAY-1_RPH_LMS_049.JPG,/home/tsaga/projects/beefresearch-bima/data/dataset_root/DAY-1/DAY-1_RPH_LMS_049.JPG,DAY-1,RPH,LMS,49,True,,0.06671458333333333,False,"(172, 242)"
DAY-1_RPH_LMS_050.JPG,/home/tsaga/projects/beefresearch-bima/data/dataset_root/DAY-1/DAY-1_RPH_LMS_050.JPG,DAY-1,RPH,LMS,50,True,,0.06410625,False,"(179, 232)"
DAY-1_RPH_LMS_051.JPG,/home/tsaga/projects/beefresearch-bima/data/dataset_root/DAY-1/DAY-1_RPH_LMS_051.JPG,DAY-1,RPH,LMS,51,True,,0.058935416666666664,False,"(178, 199)"
DAY-1_RPH_LMS_052.JPG,/home/tsaga/projects/beefresearch-bima/data/dataset_root/DAY-1/DAY-1_RPH_LMS_052.JPG,DAY-1,RPH,LMS,52,True,,0.05960208333333333,False,"(183, 205)"
DAY-1_RPH_LMS_053.JPG,/home/tsaga/projects/beefresearch-bima/data/dataset_root/DAY-1/DAY-1_RPH_LMS_053.JPG,DAY-1,RPH,LMS,53,True,,0.06915,False,"(193, 222)"
DAY-1_RPH_LMS_054.JPG,/home/tsaga/projects/beefresearch-bima/data/dataset_root/DAY-1/DAY-1_RPH_LMS_054.JPG,DAY-1,RPH,LMS,54,True,,0.06976458333333334,False,"(175, 235)"
DAY-1_RPH_LMS_055.JPG,/home/tsaga/projects/beefresearch-bima/data/dataset_root/DAY-1/DAY-1_RPH_LMS_055.JPG,DAY-1,RPH,LMS,55,True,,0.08821666666666667,False,"(228, 249)"
DAY-1_RPH_LMS_056.JPG,/home/tsaga/projects/beefresearch-bima/data/dataset_root/DAY-1/DAY-1_RPH_LMS_056.JPG,DAY-1,RPH,LMS,56,True,,0.09168125,False,"(240, 246)"
DAY-1_RPH_LMS_057.JPG,/home/tsaga/projects/beefresearch-bima/data/dataset_root/DAY-1/DAY-1_RPH_LMS_057.JPG,DAY-1,RPH,LMS,57,True,,0.063175,False,"(172, 208)"
DAY-1_RPH_LMS_058.JPG,/home/tsaga/projects/beefresearch-bima/data/dataset_root/DAY-1/DAY-1_RPH_LMS_058.JPG,DAY-1,RPH,LMS,58,True,,0.06337083333333333,False,"(175, 216)"
DAY-1_RPH_LMS_059.JPG,/home/tsaga/projects/beefresearch-bima/data/dataset_root/DAY-1/DAY-1_RPH_LMS_059.JPG,DAY-1,RPH,LMS,59,True,,0.07071875,False,"(237, 195)"
DAY-1_RPH_LMS_060.JPG,/home/tsaga/projects/beefresearch-bima/data/dataset_root/DAY-1/DAY-1_RPH_LMS_060.JPG,DAY-1,RPH,LMS,60,True,,0.0729875,False,"(217, 222)"
DAY-1_RPH_LMS_061.JPG,/home/tsaga/projects/beefresearch-bima/data/dataset_root/DAY-1/DAY-1_RPH_LMS_061.JPG,DAY-1,RPH,LMS,61,True,,0.07176666666666667,False,"(179, 239)"
DAY-1_RPH_LMS_063.JPG,/home/tsaga/projects/beefresearch-bima/data/dataset_root/DAY-1/DAY-1_RPH_LMS_063.JPG,DAY-1,RPH,LMS,63,True,,0.07178958333333334,False,"(185, 245)"
DAY-1_RPH_LMS_064.JPG,/home/tsaga/projects/beefresearch-bima/data/dataset_root/DAY-1/DAY-1_RPH_LMS_064.JPG,DAY-1,RPH,LMS,64,True,,0.06745625,False,"(195, 234)"
DAY-1_RPH_LMS_065.JPG,/home/tsaga/projects/beefresearch-bima/data/dataset_root/DAY-1/DAY-1_RPH_LMS_065.JPG,DAY-1,RPH,LMS,65,True,,0.06854583333333333,False,"(173, 255)"
DAY-1_RPH_LMS_066.JPG,/home/tsaga/projects/beefresearch-bima/data/dataset_root/DAY-1/DAY-1_RPH_LMS_066.JPG,DAY-1,RPH,LMS,66,True,,0.07252291666666667,False,"(187, 252)"
DAY-1_RPH_LMS_067.JPG,/home/tsaga/projects/beefresearch-bima/data/dataset_root/DAY-1/DAY-1_RPH_LMS_067.JPG,DAY-1,RPH,LMS,67,True,,0.0646,False,"(207, 224)"
DAY-1_RPH_LMS_068.JPG,/home/tsaga/projects/beefresearch-bima/data/dataset_root/DAY-1/DAY-1_RPH_LMS_068.JPG,DAY-1,RPH,LMS,68,True,,0.06917083333333333,False,"(181, 229)"
DAY-1_RPH_LMS_069.JPG,/home/tsaga/projects/beefresearch-bima/data/dataset_root/DAY-1/DAY-1_RPH_LMS_069.JPG,DAY-1,RPH,LMS,69,True,,0.06534583333333334,False,"(174, 228)"
DAY-1_RPH_LMS_070.JPG,/home/tsaga/projects/beefresearch-bima/data/dataset_root/DAY-1/DAY-1_RPH_LMS_070.JPG,DAY-1,RPH,LMS,70,True,,0.06550416666666667,False,"(185, 209)"
DAY-1_RPH_LMS_071.JPG,/home/tsaga/projects/beefresearch-bima/data/dataset_root/DAY-1/DAY-1_RPH_LMS_071.JPG,DAY-1,RPH,LMS,71,True,,0.0717875,False,"(190, 212)"
DAY-1_RPH_LMS_072.JPG,/home/tsaga/projects/beefresearch-bima/data/dataset_root/DAY-1/DAY-1_RPH_LMS_072.JPG,DAY-1,RPH,LMS,72,True,,0.07341666666666667,False,"(193, 218)"
DAY-1_RPH_LMS_073.JPG,/home/tsaga/projects/beefresearch-bima/data/dataset_root/DAY-1/DAY-1_RPH_LMS_073.JPG,DAY-1,RPH,LMS,73,True,,0.07267916666666667,False,"(206, 213)"
DAY-1_RPH_LMS_074.JPG,/home/tsaga/projects/beefresearch-bima/data/dataset_root/DAY-1/DAY-1_RPH_LMS_074.JPG,DAY-1,RPH,LMS,74,True,,0.07422708333333333,False,"(214, 209)"
DAY-1_RPH_LMS_075.JPG,/home/tsaga/projects/beefresearch-bima/data/dataset_root/DAY-1/DAY-1_RPH_LMS_075.JPG,DAY-1,RPH,LMS,75,True,,0.06853333333333333,False,"(177, 236)"
DAY-1_RPH_LMS_076.JPG,/home/tsaga/projects/beefresearch-bima/data/dataset_root/DAY-1/DAY-1_RPH_LMS_076.JPG,DAY-1,RPH,LMS,76,True,,0.07143958333333333,False,"(179, 251)"
DAY-1_RPH_LMS_077.JPG,/home/tsaga/projects/beefresearch-bima/data/dataset_root/DAY-1/DAY-1_RPH_LMS_077.JPG,DAY-1,RPH,LMS,77,True,,0.08111041666666667,False,"(211, 255)"
DAY-1_RPH_LMS_078.JPG,/home/tsaga/projects/beefresearch-bima/data/dataset_root/DAY-1/DAY-1_RPH_LMS_078.JPG,DAY-1,RPH,LMS,78,True,,0.08255416666666666,False,"(231, 234)"
DAY-1_RPH_LMS_079.JPG,/home/tsaga/projects/beefresearch-bima/data/dataset_root/DAY-1/DAY-1_RPH_LMS_079.JPG,DAY-1,RPH,LMS,79,True,,0.06643958333333333,False,"(197, 240)"
DAY-1_RPH_LMS_080.JPG,/home/tsaga/projects/beefresearch-bima/data/dataset_root/DAY-1/DAY-1_RPH_LMS_080.JPG,DAY-1,RPH,LMS,80,True,,0.0628625,False,"(193, 245)"
DAY-1_RPH_LMS_081.JPG,/home/tsaga/projects/beefresearch-bima/data/dataset_root/DAY-1/DAY-1_RPH_LMS_081.JPG,DAY-1,RPH,LMS,81,True,,0.0691,False,"(172, 268)"
DAY-1_RPH_LMS_082.JPG,/home/tsaga/projects/beefresearch-bima/data/dataset_root/DAY-1/DAY-1_RPH_LMS_082.JPG,DAY-1,RPH,LMS,82,True,,0.07225,False,"(179, 267)"
DAY-1_RPH_LMS_084.JPG,/home/tsaga/projects/beefresearch-bima/data/dataset_root/DAY-1/DAY-1_RPH_LMS_084.JPG,DAY-1,RPH,LMS,84,True,,0.06687708333333334,False,"(183, 224)"
DAY-1_RPH_LMS_085.JPG,/home/tsaga/projects/beefresearch-bima/data/dataset_root/DAY-1/DAY-1_RPH_LMS_085.JPG,DAY-1,RPH,LMS,85,True,,0.063275,False,"(158, 261)"
DAY-1_RPH_LMS_086.JPG,/home/tsaga/projects/beefresearch-bima/data/dataset_root/DAY-1/DAY-1_RPH_LMS_086.JPG,DAY-1,RPH,LMS,86,True,,0.06384375,False,"(151, 268)"
DAY-1_RPH_LMS_087.JPG,/home/tsaga/projects/beefresearch-bima/data/dataset_root/DAY-1/DAY-1_RPH_LMS_087.JPG,DAY-1,RPH,LMS,87,True,,0.06321666666666667,False,"(168, 223)"
DAY-1_RPH_LMS_088.JPG,/home/tsaga/projects/beefresearch-bima/data/dataset_root/DAY-1/DAY-1_RPH_LMS_088.JPG,DAY-1,RPH,LMS,88,True,,0.06680833333333333,False,"(185, 218)"
DAY-1_RPH_LMS_089.JPG,/home/tsaga/projects/beefresearch-bima/data/dataset_root/DAY-1/DAY-1_RPH_LMS_089.JPG,DAY-1,RPH,LMS,89,True,,0.059964583333333335,False,"(174, 223)"
DAY-1_RPH_LMS_091.JPG,/home/tsaga/projects/beefresearch-bima/data/dataset_root/DAY-1/DAY-1_RPH_LMS_091.JPG,DAY-1,RPH,LMS,91,True,,0.058285416666666666,False,"(170, 216)"
DAY-1_RPH_LMS_092.JPG,/home/tsaga/projects/beefresearch-bima/data/dataset_root/DAY-1/DAY-1_RPH_LMS_092.JPG,DAY-1,RPH,LMS,92,True,,0.06777083333333334,False,"(185, 242)"
DAY-1_RPH_LMS_093.JPG,/home/tsaga/projects/beefresearch-bima/data/dataset_root/DAY-1/DAY-1_RPH_LMS_093.JPG,DAY-1,RPH,LMS,93,True,,0.08390625,False,"(221, 245)"
DAY-1_RPH_LMS_094.JPG,/home/tsaga/projects/beefresearch-bima/data/dataset_root/DAY-1/DAY-1_RPH_LMS_094.JPG,DAY-1,RPH,LMS,94,True,,0.08347708333333333,False,"(207, 240)"
DAY-1_RPH_LMS_096.JPG,/home/tsaga/projects/beefresearch-bima/data/dataset_root/DAY-1/DAY-1_RPH_LMS_096.JPG,DAY-1,RPH,LMS,96,True,,0.05625,False,"(166, 191)"
DAY-1_RPH_LMS_097.JPG,/home/tsaga/projects/beefresearch-bima/data/dataset_root/DAY-1/DAY-1_RPH_LMS_097.JPG,DAY-1,RPH,LMS,97,True,,0.057779166666666666,False,"(181, 181)"
DAY-1_RPH_LMS_098.JPG,/home/tsaga/projects/beefresearch-bima/data/dataset_root/DAY-1/DAY-1_RPH_LMS_098.JPG,DAY-1,RPH,LMS,98,True,,0.06000833333333333,False,"(198, 183)"
DAY-1_RPH_LMS_099.JPG,/home/tsaga/projects/beefresearch-bima/data/dataset_root/DAY-1/DAY-1_RPH_LMS_099.JPG,DAY-1,RPH,LMS,99,True,,0.07276458333333333,False,"(198, 240)"
DAY-1_RPH_LMS_100.JPG,/home/tsaga/projects/beefresearch-bima/data/dataset_root/DAY-1/DAY-1_RPH_LMS_100.JPG,DAY-1,RPH,LMS,100,True,,0.07553958333333333,False,"(195, 244)"
DAY-1_RPH_LMS_101.JPG,/home/tsaga/projects/beefresearch-bima/data/dataset_root/DAY-1/DAY-1_RPH_LMS_101.JPG,DAY-1,RPH,LMS,101,True,,0.04983541666666667,False,"(160, 191)"
DAY-1_RPH_LMS_102.JPG,/home/tsaga/projects/beefresearch-bima/data/dataset_root/DAY-1/DAY-1_RPH_LMS_102.JPG,DAY-1,RPH,LMS,102,True,,0.0485375,False,"(154, 191)"
DAY-1_RPH_LMS_103.JPG,/home/tsaga/projects/beefresearch-bima/data/dataset_root/DAY-1/DAY-1_RPH_LMS_103.JPG,DAY-1,RPH,LMS,103,True,,0.06334166666666667,False,"(195, 216)"
DAY-1_RPH_LMS_104.JPG,/home/tsaga/projects/beefresearch-bima/data/dataset_root/DAY-1/DAY-1_RPH_LMS_104.JPG,DAY-1,RPH,LMS,104,True,,0.06339791666666666,False,"(215, 183)"
DAY-1_RPH_LMS_105.JPG,/home/tsaga/projects/beefresearch-bima/data/dataset_root/DAY-1/DAY-1_RPH_LMS_105.JPG,DAY-1,RPH,LMS,105,True,,0.07041041666666667,False,"(211, 230)"
DAY-1_RPH_LMS_106.JPG,/home/tsaga/projects/beefresearch-bima/data/dataset_root/DAY-1/DAY-1_RPH_LMS_106.JPG,DAY-1,RPH,LMS,106,True,,0.06534791666666667,False,"(196, 213)"
DAY-1_RPH_LMS_107.JPG,/home/tsaga/projects/beefresearch-bima/data/dataset_root/DAY-1/DAY-1_RPH_LMS_107.JPG,DAY-1,RPH,LMS,107,True,,0.06409375,False,"(209, 196)"
DAY-1_RPH_LMS_108.JPG,/home/tsaga/projects/beefresearch-bima/data/dataset_root/DAY-1/DAY-1_RPH_LMS_108.JPG,DAY-1,RPH,LMS,108,True,,0.062725,False,"(197, 199)"
DAY-1_RPH_LMS_109.JPG,/home/tsaga/projects/beefresearch-bima/data/dataset_root/DAY-1/DAY-1_RPH_LMS_109.JPG,DAY-1,RPH,LMS,109,True,,0.07288333333333333,False,"(179, 248)"
DAY-1_RPH_LMS_110.JPG,/home/tsaga/projects/beefresearch-bima/data/dataset_root/DAY-1/DAY-1_RPH_LMS_110.JPG,DAY-1,RPH,LMS,110,True,,0.07762916666666667,False,"(200, 238)"
DAY-1_RPH_LMS_111.JPG,/home/tsaga/projects/beefresearch-bima/data/dataset_root/DAY-1/DAY-1_RPH_LMS_111.JPG,DAY-1,RPH,LMS,111,True,,0.07058541666666666,False,"(199, 220)"
DAY-1_RPH_LMS_112.JPG,/home/tsaga/projects/beefresearch-bima/data/dataset_root/DAY-1/DAY-1_RPH_LMS_112.JPG,DAY-1,RPH,LMS,112,True,,0.07234166666666667,False,"(215, 220)"
DAY-1_RPH_LMS_113.JPG,/home/tsaga/projects/beefresearch-bima/data/dataset_root/DAY-1/DAY-1_RPH_LMS_113.JPG,DAY-1,RPH,LMS,113,True,,0.06738333333333334,False,"(190, 232)"
DAY-1_RPH_LMS_115.JPG,/home/tsaga/projects/beefresearch-bima/data/dataset_root/DAY-1/DAY-1_RPH_LMS_115.JPG,DAY-1,RPH,LMS,115,True,,0.079275,False,"(205, 249)"
DAY-1_RPH_LMS_116.JPG,/home/tsaga/projects/beefresearch-bima/data/dataset_root/DAY-1/DAY-1_RPH_LMS_116.JPG,DAY-1,RPH,LMS,116,True,,0.0805375,False,"(210, 245)"
DAY-1_RPH_LMS_117.JPG,/home/tsaga/projects/beefresearch-bima/data/dataset_root/DAY-1/DAY-1_RPH_LMS_117.JPG,DAY-1,RPH,LMS,117,True,,0.07010833333333333,False,"(229, 227)"
DAY-1_RPH_LMS_118.JPG,/home/tsaga/projects/beefresearch-bima/data/dataset_root/DAY-1/DAY-1_RPH_LMS_118.JPG,DAY-1,RPH,LMS,118,True,,0.06736041666666667,False,"(207, 236)"
DAY-1_RPH_LMS_120.JPG,/home/tsaga/projects/beefresearch-bima/data/dataset_root/DAY-1/DAY-1_RPH_LMS_120.JPG,DAY-1,RPH,LMS,120,True,,0.05123125,False,"(167, 190)"
DAY-1_RPH_LMS_121.JPG,/home/tsaga/projects/beefresearch-bima/data/dataset_root/DAY-1/DAY-1_RPH_LMS_121.JPG,DAY-1,RPH,LMS,121,True,,0.06359375,False,"(175, 230)"
DAY-1_RPH_LMS_122.JPG,/home/tsaga/projects/beefresearch-bima/data/dataset_root/DAY-1/DAY-1_RPH_LMS_122.JPG,DAY-1,RPH,LMS,122,True,,0.06939791666666667,False,"(185, 246)"
DAY-1_RPH_LMS_123.JPG,/home/tsaga/projects/beefresearch-bima/data/dataset_root/DAY-1/DAY-1_RPH_LMS_123.JPG,DAY-1,RPH,LMS,123,True,,0.05734583333333333,False,"(167, 201)"
DAY-1_RPH_LMS_124.JPG,/home/tsaga/projects/beefresearch-bima/data/dataset_root/DAY-1/DAY-1_RPH_LMS_124.JPG,DAY-1,RPH,LMS,124,True,,0.054754166666666666,False,"(160, 208)"
DAY-1_RPH_LMS_125.JPG,/home/tsaga/projects/beefresearch-bima/data/dataset_root/DAY-1/DAY-1_RPH_LMS_125.JPG,DAY-1,RPH,LMS,125,True,,0.052625,False,"(162, 222)"
DAY-1_RPH_LMS_126.JPG,/home/tsaga/projects/beefresearch-bima/data/dataset_root/DAY-1/DAY-1_RPH_LMS_126.JPG,DAY-1,RPH,LMS,126,True,,0.0527,False,"(163, 205)"
DAY-1_RPH_LMS_127.JPG,/home/tsaga/projects/beefresearch-bima/data/dataset_root/DAY-1/DAY-1_RPH_LMS_127.JPG,DAY-1,RPH,LMS,127,True,,0.06689791666666667,False,"(206, 213)"
DAY-1_RPH_LMS_128.JPG,/home/tsaga/projects/beefresearch-bima/data/dataset_root/DAY-1/DAY-1_RPH_LMS_128.JPG,DAY-1,RPH,LMS,128,True,,0.06264791666666666,False,"(188, 215)"
DAY-1_RPH_LMS_129.JPG,/home/tsaga/projects/beefresearch-bima/data/dataset_root/DAY-1/DAY-1_RPH_LMS_129.JPG,DAY-1,RPH,LMS,129,True,,0.05429791666666667,False,"(164, 231)"
DAY-1_RPH_LMS_130.JPG,/home/tsaga/projects/beefresearch-bima/data/dataset_root/DAY-1/DAY-1_RPH_LMS_130.JPG,DAY-1,RPH,LMS,130,True,,0.056475,False,"(187, 240)"
DAY-1_RPH_LMS_131.JPG,/home/tsaga/projects/beefresearch-bima/data/dataset_root/DAY-1/DAY-1_RPH_LMS_131.JPG,DAY-1,RPH,LMS,131,True,,0.043616666666666665,False,"(165, 184)"
DAY-1_RPH_LMS_132.JPG,/home/tsaga/projects/beefresearch-bima/data/dataset_root/DAY-1/DAY-1_RPH_LMS_132.JPG,DAY-1,RPH,LMS,132,True,,0.04098333333333333,False,"(152, 194)"
DAY-1_RPH_LMS_133.JPG,/home/tsaga/projects/beefresearch-bima/data/dataset_root/DAY-1/DAY-1_RPH_LMS_133.JPG,DAY-1,RPH,LMS,133,True,,0.052775,False,"(160, 197)"
DAY-1_RPH_LMS_134.JPG,/home/tsaga/projects/beefresearch-bima/data/dataset_root/DAY-1/DAY-1_RPH_LMS_134.JPG,DAY-1,RPH,LMS,134,True,,0.04976041666666667,False,"(159, 189)"
DAY-1_RPH_LMS_135.JPG,/home/tsaga/projects/beefresearch-bima/data/dataset_root/DAY-1/DAY-1_RPH_LMS_135.JPG,DAY-1,RPH,LMS,135,True,,0.07460416666666667,False,"(208, 249)"
DAY-1_RPH_LMS_136.JPG,/home/tsaga/projects/beefresearch-bima/data/dataset_root/DAY-1/DAY-1_RPH_LMS_136.JPG,DAY-1,RPH,LMS,136,True,,0.084875,False,"(195, 281)"
DAY-1_RPH_LMS_137.JPG,/home/tsaga/projects/beefresearch-bima/data/dataset_root/DAY-1/DAY-1_RPH_LMS_137.JPG,DAY-1,RPH,LMS,137,True,,0.07755833333333334,False,"(205, 254)"
DAY-1_RPH_LMS_138.JPG,/home/tsaga/projects/beefresearch-bima/data/dataset_root/DAY-1/DAY-1_RPH_LMS_138.JPG,DAY-1,RPH,LMS,138,True,,0.07651458333333333,False,"(211, 242)"
DAY-1_RPH_LMS_139.JPG,/home/tsaga/projects/beefresearch-bima/data/dataset_root/DAY-1/DAY-1_RPH_LMS_139.JPG,DAY-1,RPH,LMS,139,True,,0.060777083333333336,False,"(176, 241)"
DAY-1_RPH_LMS_140.JPG,/home/tsaga/projects/beefresearch-bima/data/dataset_root/DAY-1/DAY-1_RPH_LMS_140.JPG,DAY-1,RPH,LMS,140,True,,0.060741666666666666,False,"(182, 213)"
DAY-1_UMKM_PDS_001.JPG,/home/tsaga/projects/beefresearch-bima/data/dataset_root/DAY-1/DAY-1_UMKM_PDS_001.JPG,DAY-1,UMKM,PDS,1,True,,0.05987083333333333,False,"(188, 245)"
DAY-1_UMKM_PDS_002.JPG,/home/tsaga/projects/beefresearch-bima/data/dataset_root/DAY-1/DAY-1_UMKM_PDS_002.JPG,DAY-1,UMKM,PDS,2,True,,0.05123958333333333,False,"(174, 185)"
DAY-1_UMKM_PDS_003.JPG,/home/tsaga/projects/beefresearch-bima/data/dataset_root/DAY-1/DAY-1_UMKM_PDS_003.JPG,DAY-1,UMKM,PDS,3,True,,0.0505875,False,"(177, 179)"
DAY-1_UMKM_PDS_004.JPG,/home/tsaga/projects/beefresearch-bima/data/dataset_root/DAY-1/DAY-1_UMKM_PDS_004.JPG,DAY-1,UMKM,PDS,4,True,,0.0459125,False,"(153, 190)"
DAY-1_UMKM_PDS_005.JPG,/home/tsaga/projects/beefresearch-bima/data/dataset_root/DAY-1/DAY-1_UMKM_PDS_005.JPG,DAY-1,UMKM,PDS,5,True,,0.05531875,False,"(178, 200)"
DAY-1_UMKM_PDS_006.JPG,/home/tsaga/projects/beefresearch-bima/data/dataset_root/DAY-1/DAY-1_UMKM_PDS_006.JPG,DAY-1,UMKM,PDS,6,True,,0.05153541666666667,False,"(163, 217)"
DAY-1_UMKM_PDS_007.JPG,/home/tsaga/projects/beefresearch-bima/data/dataset_root/DAY-1/DAY-1_UMKM_PDS_007.JPG,DAY-1,UMKM,PDS,7,True,,0.04077708333333333,False,"(155, 173)"
DAY-1_UMKM_PDS_008.JPG,/home/tsaga/projects/beefresearch-bima/data/dataset_root/DAY-1/DAY-1_UMKM_PDS_008.JPG,DAY-1,UMKM,PDS,8,True,,0.04255833333333333,False,"(154, 173)"
DAY-1_UMKM_PDS_009.JPG,/home/tsaga/projects/beefresearch-bima/data/dataset_root/DAY-1/DAY-1_UMKM_PDS_009.JPG,DAY-1,UMKM,PDS,9,True,,0.053760416666666665,False,"(167, 194)"
DAY-1_UMKM_PDS_010.JPG,/home/tsaga/projects/beefresearch-bima/data/dataset_root/DAY-1/DAY-1_UMKM_PDS_010.JPG,DAY-1,UMKM,PDS,10,True,,0.05328541666666667,False,"(180, 185)"
DAY-1_UMKM_PDS_011.JPG,/home/tsaga/projects/beefresearch-bima/data/dataset_root/DAY-1/DAY-1_UMKM_PDS_011.JPG,DAY-1,UMKM,PDS,11,True,,0.05044791666666667,False,"(181, 185)"
DAY-1_UMKM_PDS_012.JPG,/home/tsaga/projects/beefresearch-bima/data/dataset_root/DAY-1/DAY-1_UMKM_PDS_012.JPG,DAY-1,UMKM,PDS,12,True,,0.0493625,False,"(168, 189)"
DAY-1_UMKM_PDS_013.JPG,/home/tsaga/projects/beefresearch-bima/data/dataset_root/DAY-1/DAY-1_UMKM_PDS_013.JPG,DAY-1,UMKM,PDS,13,True,,0.03901458333333333,False,"(146, 170)"
DAY-1_UMKM_PDS_014.JPG,/home/tsaga/projects/beefresearch-bima/data/dataset_root/DAY-1/DAY-1_UMKM_PDS_014.JPG,DAY-1,UMKM,PDS,14,True,,0.039414583333333336,False,"(150, 161)"
DAY-1_UMKM_PDS_015.JPG,/home/tsaga/projects/beefresearch-bima/data/dataset_root/DAY-1/DAY-1_UMKM_PDS_015.JPG,DAY-1,UMKM,PDS,15,True,,0.05611041666666667,False,"(180, 184)"
DAY-1_UMKM_PDS_016.JPG,/home/tsaga/projects/beefresearch-bima/data/dataset_root/DAY-1/DAY-1_UMKM_PDS_016.JPG,DAY-1,UMKM,PDS,16,True,,0.054352083333333336,False,"(176, 183)"
DAY-1_UMKM_PDS_017.JPG,/home/tsaga/projects/beefresearch-bima/data/dataset_root/DAY-1/DAY-1_UMKM_PDS_017.JPG,DAY-1,UMKM,PDS,17,True,,0.05692916666666667,False,"(187, 195)"
DAY-1_UMKM_PDS_018.JPG,/home/tsaga/projects/beefresearch-bima/data/dataset_root/DAY-1/DAY-1_UMKM_PDS_018.JPG,DAY-1,UMKM,PDS,18,True,,0.05446875,False,"(182, 194)"
DAY-1_UMKM_PDS_019.JPG,/home/tsaga/projects/beefresearch-bima/data/dataset_root/DAY-1/DAY-1_UMKM_PDS_019.JPG,DAY-1,UMKM,PDS,19,True,,0.05841458333333333,False,"(175, 213)"
DAY-1_UMKM_PDS_020.JPG,/home/tsaga/projects/beefresearch-bima/data/dataset_root/DAY-1/DAY-1_UMKM_PDS_020.JPG,DAY-1,UMKM,PDS,20,True,,0.05629791666666667,False,"(171, 201)"
DAY-1_UMKM_PDS_021.JPG,/home/tsaga/projects/beefresearch-bima/data/dataset_root/DAY-1/DAY-1_UMKM_PDS_021.JPG,DAY-1,UMKM,PDS,21,True,,0.0526625,False,"(150, 214)"
DAY-1_UMKM_PDS_022.JPG,/home/tsaga/projects/beefresearch-bima/data/dataset_root/DAY-1/DAY-1_UMKM_PDS_022.JPG,DAY-1,UMKM,PDS,22,True,,0.05605,False,"(173, 216)"
DAY-1_UMKM_PDS_023.JPG,/home/tsaga/projects/beefresearch-bima/data/dataset_root/DAY-1/DAY-1_UMKM_PDS_023.JPG,DAY-1,UMKM,PDS,23,True,,0.06180625,False,"(195, 207)"
DAY-1_UMKM_PDS_024.JPG,/home/tsaga/projects/beefresearch-bima/data/dataset_root/DAY-1/DAY-1_UMKM_PDS_024.JPG,DAY-1,UMKM,PDS,24,True,,0.0631375,False,"(186, 215)"
DAY-1_UMKM_PDS_025.JPG,/home/tsaga/projects/beefresearch-bima/data/dataset_root/DAY-1/DAY-1_UMKM_PDS_025.JPG,DAY-1,UMKM,PDS,25,True,,0.07145833333333333,False,"(214, 201)"
DAY-1_UMKM_PDS_026.JPG,/home/tsaga/projects/beefresearch-bima/data/dataset_root/DAY-1/DAY-1_UMKM_PDS_026.JPG,DAY-1,UMKM,PDS,26,True,,0.06470416666666666,False,"(211, 190)"
DAY-1_UMKM_PDS_027.JPG,/home/tsaga/projects/beefresearch-bima/data/dataset_root/DAY-1/DAY-1_UMKM_PDS_027.JPG,DAY-1,UMKM,PDS,27,True,,0.061510416666666665,False,"(186, 218)"
DAY-1_UMKM_PDS_028.JPG,/home/tsaga/projects/beefresearch-bima/data/dataset_root/DAY-1/DAY-1_UMKM_PDS_028.JPG,DAY-1,UMKM,PDS,28,True,,0.06917916666666667,False,"(218, 199)"
DAY-1_UMKM_PDS_029.JPG,/home/tsaga/projects/beefresearch-bima/data/dataset_root/DAY-1/DAY-1_UMKM_PDS_029.JPG,DAY-1,UMKM,PDS,29,True,,0.06548958333333334,False,"(205, 201)"
DAY-1_UMKM_PDS_030.JPG,/home/tsaga/projects/beefresearch-bima/data/dataset_root/DAY-1/DAY-1_UMKM_PDS_030.JPG,DAY-1,UMKM,PDS,30,True,,0.06255833333333333,False,"(195, 189)"
DAY-1_UMKM_PDS_031.JPG,/home/tsaga/projects/beefresearch-bima/data/dataset_root/DAY-1/DAY-1_UMKM_PDS_031.JPG,DAY-1,UMKM,PDS,31,True,,0.03873541666666667,False,"(161, 164)"
DAY-1_UMKM_PDS_032.JPG,/home/tsaga/projects/beefresearch-bima/data/dataset_root/DAY-1/DAY-1_UMKM_PDS_032.JPG,DAY-1,UMKM,PDS,32,True,,0.040535416666666664,False,"(189, 147)"
DAY-1_UMKM_PDS_033.JPG,/home/tsaga/projects/beefresearch-bima/data/dataset_root/DAY-1/DAY-1_UMKM_PDS_033.JPG,DAY-1,UMKM,PDS,33,True,,0.0504,False,"(149, 195)"
DAY-1_UMKM_PDS_034.JPG,/home/tsaga/projects/beefresearch-bima/data/dataset_root/DAY-1/DAY-1_UMKM_PDS_034.JPG,DAY-1,UMKM,PDS,34,True,,0.052491666666666666,False,"(156, 199)"
DAY-1_UMKM_PDS_035.JPG,/home/tsaga/projects/beefresearch-bima/data/dataset_root/DAY-1/DAY-1_UMKM_PDS_035.JPG,DAY-1,UMKM,PDS,35,True,,0.055414583333333337,False,"(170, 242)"
DAY-1_UMKM_PDS_036.JPG,/home/tsaga/projects/beefresearch-bima/data/dataset_root/DAY-1/DAY-1_UMKM_PDS_036.JPG,DAY-1,UMKM,PDS,36,True,,0.05519166666666667,False,"(212, 179)"
DAY-1_UMKM_PDS_037.JPG,/home/tsaga/projects/beefresearch-bima/data/dataset_root/DAY-1/DAY-1_UMKM_PDS_037.JPG,DAY-1,UMKM,PDS,37,True,,0.041091666666666665,False,"(151, 173)"
DAY-1_UMKM_PDS_038.JPG,/home/tsaga/projects/beefresearch-bima/data/dataset_root/DAY-1/DAY-1_UMKM_PDS_038.JPG,DAY-1,UMKM,PDS,38,True,,0.04393333333333333,False,"(144, 177)"
DAY-1_UMKM_PDS_039.JPG,/home/tsaga/projects/beefresearch-bima/data/dataset_root/DAY-1/DAY-1_UMKM_PDS_039.JPG,DAY-1,UMKM,PDS,39,True,,0.04735416666666667,False,"(177, 169)"
DAY-1_UMKM_PDS_040.JPG,/home/tsaga/projects/beefresearch-bima/data/dataset_root/DAY-1/DAY-1_UMKM_PDS_040.JPG,DAY-1,UMKM,PDS,40,True,,0.04633958333333334,False,"(174, 170)"
DAY-1_UMKM_PDS_041.JPG,/home/tsaga/projects/beefresearch-bima/data/dataset_root/DAY-1/DAY-1_UMKM_PDS_041.JPG,DAY-1,UMKM,PDS,41,True,,0.04631875,False,"(169, 176)"
DAY-1_UMKM_PDS_042.JPG,/home/tsaga/projects/beefresearch-bima/data/dataset_root/DAY-1/DAY-1_UMKM_PDS_042.JPG,DAY-1,UMKM,PDS,42,True,,0.04830625,False,"(159, 186)"
DAY-1_UMKM_PDS_043.JPG,/home/tsaga/projects/beefresearch-bima/data/dataset_root/DAY-1/DAY-1_UMKM_PDS_043.JPG,DAY-1,UMKM,PDS,43,True,,0.12321041666666667,False,"(338, 423)"
DAY-1_UMKM_PDS_044.JPG,/home/tsaga/projects/beefresearch-bima/data/dataset_root/DAY-1/DAY-1_UMKM_PDS_044.JPG,DAY-1,UMKM,PDS,44,True,,0.06393125,False,"(209, 191)"
DAY-1_UMKM_PDS_045.JPG,/home/tsaga/projects/beefresearch-bima/data/dataset_root/DAY-1/DAY-1_UMKM_PDS_045.JPG,DAY-1,UMKM,PDS,45,True,,0.04643958333333333,False,"(161, 170)"
DAY-1_UMKM_PDS_046.JPG,/home/tsaga/projects/beefresearch-bima/data/dataset_root/DAY-1/DAY-1_UMKM_PDS_046.JPG,DAY-1,UMKM,PDS,46,True,,0.04702083333333333,False,"(179, 166)"
DAY-1_UMKM_PDS_047.JPG,/home/tsaga/projects/beefresearch-bima/data/dataset_root/DAY-1/DAY-1_UMKM_PDS_047.JPG,DAY-1,UMKM,PDS,47,True,,0.0556625,False,"(159, 215)"
DAY-1_UMKM_PDS_048.JPG,/home/tsaga/projects/beefresearch-bima/data/dataset_root/DAY-1/DAY-1_UMKM_PDS_048.JPG,DAY-1,UMKM,PDS,48,True,,0.05426458333333333,False,"(171, 193)"
DAY-1_UMKM_PDS_049.JPG,/home/tsaga/projects/beefresearch-bima/data/dataset_root/DAY-1/DAY-1_UMKM_PDS_049.JPG,DAY-1,UMKM,PDS,49,True,,0.06572916666666667,False,"(187, 214)"
DAY-1_UMKM_PDS_050.JPG,/home/tsaga/projects/beefresearch-bima/data/dataset_root/DAY-1/DAY-1_UMKM_PDS_050.JPG,DAY-1,UMKM,PDS,50,True,,0.06398958333333334,False,"(185, 216)"
DAY-1_UMKM_PDS_051.JPG,/home/tsaga/projects/beefresearch-bima/data/dataset_root/DAY-1/DAY-1_UMKM_PDS_051.JPG,DAY-1,UMKM,PDS,51,True,,0.06779375,False,"(178, 243)"
DAY-1_UMKM_PDS_052.JPG,/home/tsaga/projects/beefresearch-bima/data/dataset_root/DAY-1/DAY-1_UMKM_PDS_052.JPG,DAY-1,UMKM,PDS,52,True,,0.06642916666666666,False,"(174, 228)"
DAY-1_UMKM_PDS_053.JPG,/home/tsaga/projects/beefresearch-bima/data/dataset_root/DAY-1/DAY-1_UMKM_PDS_053.JPG,DAY-1,UMKM,PDS,53,True,,0.05635,False,"(172, 209)"
DAY-1_UMKM_PDS_054.JPG,/home/tsaga/projects/beefresearch-bima/data/dataset_root/DAY-1/DAY-1_UMKM_PDS_054.JPG,DAY-1,UMKM,PDS,54,True,,0.05755625,False,"(186, 187)"
DAY-1_UMKM_PDS_055.JPG,/home/tsaga/projects/beefresearch-bima/data/dataset_root/DAY-1/DAY-1_UMKM_PDS_055.JPG,DAY-1,UMKM,PDS,55,True,,0.06741875,False,"(207, 198)"
DAY-1_UMKM_PDS_056.JPG,/home/tsaga/projects/beefresearch-bima/data/dataset_root/DAY-1/DAY-1_UMKM_PDS_056.JPG,DAY-1,UMKM,PDS,56,True,,0.06967916666666667,False,"(206, 201)"
DAY-1_UMKM_PDS_057.JPG,/home/tsaga/projects/beefresearch-bima/data/dataset_root/DAY-1/DAY-1_UMKM_PDS_057.JPG,DAY-1,UMKM,PDS,57,True,,0.07689375,False,"(230, 225)"
DAY-1_UMKM_PDS_058.JPG,/home/tsaga/projects/beefresearch-bima/data/dataset_root/DAY-1/DAY-1_UMKM_PDS_058.JPG,DAY-1,UMKM,PDS,58,True,,0.06471458333333334,False,"(194, 209)"
DAY-1_UMKM_PDS_059.JPG,/home/tsaga/projects/beefresearch-bima/data/dataset_root/DAY-1/DAY-1_UMKM_PDS_059.JPG,DAY-1,UMKM,PDS,59,True,,0.043285416666666666,False,"(155, 179)"
DAY-1_UMKM_PDS_060.JPG,/home/tsaga/projects/beefresearch-bima/data/dataset_root/DAY-1/DAY-1_UMKM_PDS_060.JPG,DAY-1,UMKM,PDS,60,True,,0.04393125,False,"(171, 178)"
DAY-1_UMKM_PDS_061.JPG,/home/tsaga/projects/beefresearch-bima/data/dataset_root/DAY-1/DAY-1_UMKM_PDS_061.JPG,DAY-1,UMKM,PDS,61,True,,0.05400833333333333,False,"(207, 206)"
DAY-1_UMKM_PDS_062.JPG,/home/tsaga/projects/beefresearch-bima/data/dataset_root/DAY-1/DAY-1_UMKM_PDS_062.JPG,DAY-1,UMKM,PDS,62,True,,0.0533625,False,"(166, 198)"
DAY-1_UMKM_PDS_063.JPG,/home/tsaga/projects/beefresearch-bima/data/dataset_root/DAY-1/DAY-1_UMKM_PDS_063.JPG,DAY-1,UMKM,PDS,63,True,,0.03974791666666667,False,"(155, 161)"
DAY-1_UMKM_PDS_064.JPG,/home/tsaga/projects/beefresearch-bima/data/dataset_root/DAY-1/DAY-1_UMKM_PDS_064.JPG,DAY-1,UMKM,PDS,64,True,,0.039025,False,"(140, 173)"
DAY-1_UMKM_PDS_065.JPG,/home/tsaga/projects/beefresearch-bima/data/dataset_root/DAY-1/DAY-1_UMKM_PDS_065.JPG,DAY-1,UMKM,PDS,65,True,,0.055627083333333334,False,"(172, 182)"
DAY-1_UMKM_PDS_066.JPG,/home/tsaga/projects/beefresearch-bima/data/dataset_root/DAY-1/DAY-1_UMKM_PDS_066.JPG,DAY-1,UMKM,PDS,66,True,,0.05468541666666667,False,"(166, 194)"
DAY-1_UMKM_PDS_067.JPG,/home/tsaga/projects/beefresearch-bima/data/dataset_root/DAY-1/DAY-1_UMKM_PDS_067.JPG,DAY-1,UMKM,PDS,67,True,,0.07060833333333333,False,"(204, 216)"
DAY-1_UMKM_PDS_068.JPG,/home/tsaga/projects/beefresearch-bima/data/dataset_root/DAY-1/DAY-1_UMKM_PDS_068.JPG,DAY-1,UMKM,PDS,68,True,,0.11946041666666667,False,"(327, 405)"
DAY-1_UMKM_PDS_069.JPG,/home/tsaga/projects/beefresearch-bima/data/dataset_root/DAY-1/DAY-1_UMKM_PDS_069.JPG,DAY-1,UMKM,PDS,69,True,,0.06329583333333333,False,"(187, 213)"
DAY-1_UMKM_PDS_070.JPG,/home/tsaga/projects/beefresearch-bima/data/dataset_root/DAY-1/DAY-1_UMKM_PDS_070.JPG,DAY-1,UMKM,PDS,70,True,,0.06576041666666667,False,"(174, 219)"
DAY-1_UMKM_PDS_071.JPG,/home/tsaga/projects/beefresearch-bima/data/dataset_root/DAY-1/DAY-1_UMKM_PDS_071.JPG,DAY-1,UMKM,PDS,71,True,,0.05409166666666667,False,"(182, 173)"
DAY-1_UMKM_PDS_072.JPG,/home/tsaga/projects/beefresearch-bima/data/dataset_root/DAY-1/DAY-1_UMKM_PDS_072.JPG,DAY-1,UMKM,PDS,72,True,,0.05889791666666667,False,"(190, 197)"
DAY-1_UMKM_PDS_073.JPG,/home/tsaga/projects/beefresearch-bima/data/dataset_root/DAY-1/DAY-1_UMKM_PDS_073.JPG,DAY-1,UMKM,PDS,73,True,,0.07011041666666666,False,"(216, 215)"
DAY-1_UMKM_PDS_074.JPG,/home/tsaga/projects/beefresearch-bima/data/dataset_root/DAY-1/DAY-1_UMKM_PDS_074.JPG,DAY-1,UMKM,PDS,74,True,,0.06582083333333333,False,"(183, 214)"
DAY-1_UMKM_PDS_075.JPG,/home/tsaga/projects/beefresearch-bima/data/dataset_root/DAY-1/DAY-1_UMKM_PDS_075.JPG,DAY-1,UMKM,PDS,75,True,,0.054225,False,"(164, 205)"
DAY-1_UMKM_PDS_076.JPG,/home/tsaga/projects/beefresearch-bima/data/dataset_root/DAY-1/DAY-1_UMKM_PDS_076.JPG,DAY-1,UMKM,PDS,76,True,,0.054608333333333335,False,"(162, 209)"
DAY-1_UMKM_PDS_077.JPG,/home/tsaga/projects/beefresearch-bima/data/dataset_root/DAY-1/DAY-1_UMKM_PDS_077.JPG,DAY-1,UMKM,PDS,77,True,,0.043708333333333335,False,"(144, 186)"
DAY-1_UMKM_PDS_078.JPG,/home/tsaga/projects/beefresearch-bima/data/dataset_root/DAY-1/DAY-1_UMKM_PDS_078.JPG,DAY-1,UMKM,PDS,78,True,,0.043291666666666666,False,"(152, 190)"
DAY-1_UMKM_PDS_079.JPG,/home/tsaga/projects/beefresearch-bima/data/dataset_root/DAY-1/DAY-1_UMKM_PDS_079.JPG,DAY-1,UMKM,PDS,79,True,,0.11556458333333333,False,"(308, 405)"
DAY-1_UMKM_PDS_080.JPG,/home/tsaga/projects/beefresearch-bima/data/dataset_root/DAY-1/DAY-1_UMKM_PDS_080.JPG,DAY-1,UMKM,PDS,80,True,,0.05475,False,"(176, 196)"
DAY-1_UMKM_PDS_081.JPG,/home/tsaga/projects/beefresearch-bima/data/dataset_root/DAY-1/DAY-1_UMKM_PDS_081.JPG,DAY-1,UMKM,PDS,81,True,,0.04265416666666667,False,"(156, 173)"
DAY-1_UMKM_PDS_082.JPG,/home/tsaga/projects/beefresearch-bima/data/dataset_root/DAY-1/DAY-1_UMKM_PDS_082.JPG,DAY-1,UMKM,PDS,82,True,,0.03915,False,"(138, 161)"
DAY-1_UMKM_PDS_083.JPG,/home/tsaga/projects/beefresearch-bima/data/dataset_root/DAY-1/DAY-1_UMKM_PDS_083.JPG,DAY-1,UMKM,PDS,83,True,,0.04520625,False,"(153, 192)"
DAY-1_UMKM_PDS_084.JPG,/home/tsaga/projects/beefresearch-bima/data/dataset_root/DAY-1/DAY-1_UMKM_PDS_084.JPG,DAY-1,UMKM,PDS,84,True,,0.04526458333333333,False,"(164, 190)"
DAY-1_UMKM_PDS_085.JPG,/home/tsaga/projects/beefresearch-bima/data/dataset_root/DAY-1/DAY-1_UMKM_PDS_085.JPG,DAY-1,UMKM,PDS,85,True,,0.12232083333333334,False,"(318, 403)"
DAY-1_UMKM_PDS_086.JPG,/home/tsaga/projects/beefresearch-bima/data/dataset_root/DAY-1/DAY-1_UMKM_PDS_086.JPG,DAY-1,UMKM,PDS,86,True,,0.13631666666666667,False,"(316, 399)"
DAY-1_UMKM_PDS_087.JPG,/home/tsaga/projects/beefresearch-bima/data/dataset_root/DAY-1/DAY-1_UMKM_PDS_087.JPG,DAY-1,UMKM,PDS,87,True,,0.13292916666666665,False,"(353, 410)"
DAY-1_UMKM_PDS_088.JPG,/home/tsaga/projects/beefresearch-bima/data/dataset_root/DAY-1/DAY-1_UMKM_PDS_088.JPG,DAY-1,UMKM,PDS,88,True,,0.1303625,False,"(349, 396)"
DAY-1_UMKM_PDS_089.JPG,/home/tsaga/projects/beefresearch-bima/data/dataset_root/DAY-1/DAY-1_UMKM_PDS_089.JPG,DAY-1,UMKM,PDS,89,True,,0.06355,False,"(188, 220)"
DAY-1_UMKM_PDS_090.JPG,/home/tsaga/projects/beefresearch-bima/data/dataset_root/DAY-1/DAY-1_UMKM_PDS_090.JPG,DAY-1,UMKM,PDS,90,True,,0.06730833333333333,False,"(210, 222)"
DAY-1_UMKM_PDS_091.JPG,/home/tsaga/projects/beefresearch-bima/data/dataset_root/DAY-1/DAY-1_UMKM_PDS_091.JPG,DAY-1,UMKM,PDS,91,True,,0.06808541666666666,False,"(218, 207)"
DAY-1_UMKM_PDS_092.JPG,/home/tsaga/projects/beefresearch-bima/data/dataset_root/DAY-1/DAY-1_UMKM_PDS_092.JPG,DAY-1,UMKM,PDS,92,True,,0.06721458333333333,False,"(196, 208)"
DAY-1_UMKM_PDS_093.JPG,/home/tsaga/projects/beefresearch-bima/data/dataset_root/DAY-1/DAY-1_UMKM_PDS_093.JPG,DAY-1,UMKM,PDS,93,True,,0.05200833333333333,False,"(152, 216)"
DAY-1_UMKM_PDS_094.JPG,/home/tsaga/projects/beefresearch-bima/data/dataset_root/DAY-1/DAY-1_UMKM_PDS_094.JPG,DAY-1,UMKM,PDS,94,True,,0.051152083333333334,False,"(154, 220)"
DAY-1_UMKM_PDS_095.JPG,/home/tsaga/projects/beefresearch-bima/data/dataset_root/DAY-1/DAY-1_UMKM_PDS_095.JPG,DAY-1,UMKM,PDS,95,True,,0.06366666666666666,False,"(198, 185)"
DAY-1_UMKM_PDS_096.JPG,/home/tsaga/projects/beefresearch-bima/data/dataset_root/DAY-1/DAY-1_UMKM_PDS_096.JPG,DAY-1,UMKM,PDS,96,True,,0.06701875,False,"(220, 191)"
DAY-1_UMKM_PDS_097.JPG,/home/tsaga/projects/beefresearch-bima/data/dataset_root/DAY-1/DAY-1_UMKM_PDS_097.JPG,DAY-1,UMKM,PDS,97,True,,0.059333333333333335,False,"(206, 196)"
DAY-1_UMKM_PDS_098.JPG,/home/tsaga/projects/beefresearch-bima/data/dataset_root/DAY-1/DAY-1_UMKM_PDS_098.JPG,DAY-1,UMKM,PDS,98,True,,0.0604,False,"(187, 218)"
DAY-1_UMKM_PDS_099.JPG,/home/tsaga/projects/beefresearch-bima/data/dataset_root/DAY-1/DAY-1_UMKM_PDS_099.JPG,DAY-1,UMKM,PDS,99,True,,0.06122916666666667,False,"(164, 222)"
DAY-1_UMKM_PDS_100.JPG,/home/tsaga/projects/beefresearch-bima/data/dataset_root/DAY-1/DAY-1_UMKM_PDS_100.JPG,DAY-1,UMKM,PDS,100,True,,0.06216041666666667,False,"(166, 233)"
DAY-1_UMKM_PDS_101.JPG,/home/tsaga/projects/beefresearch-bima/data/dataset_root/DAY-1/DAY-1_UMKM_PDS_101.JPG,DAY-1,UMKM,PDS,101,True,,0.1350125,False,"(319, 404)"
DAY-1_UMKM_PDS_102.JPG,/home/tsaga/projects/beefresearch-bima/data/dataset_root/DAY-1/DAY-1_UMKM_PDS_102.JPG,DAY-1,UMKM,PDS,102,True,,0.12779791666666668,False,"(323, 395)"
DAY-1_UMKM_PDS_103.JPG,/home/tsaga/projects/beefresearch-bima/data/dataset_root/DAY-1/DAY-1_UMKM_PDS_103.JPG,DAY-1,UMKM,PDS,103,True,,0.11694791666666667,False,"(296, 414)"
DAY-1_UMKM_PDS_104.JPG,/home/tsaga/projects/beefresearch-bima/data/dataset_root/DAY-1/DAY-1_UMKM_PDS_104.JPG,DAY-1,UMKM,PDS,104,True,,0.11620625,False,"(315, 416)"
DAY-1_UMKM_PDS_105.JPG,/home/tsaga/projects/beefresearch-bima/data/dataset_root/DAY-1/DAY-1_UMKM_PDS_105.JPG,DAY-1,UMKM,PDS,105,True,,0.05781041666666667,False,"(164, 235)"
DAY-1_UMKM_PDS_106.JPG,/home/tsaga/projects/beefresearch-bima/data/dataset_root/DAY-1/DAY-1_UMKM_PDS_106.JPG,DAY-1,UMKM,PDS,106,True,,0.05072708333333333,False,"(141, 235)"
DAY-1_UMKM_PDS_107.JPG,/home/tsaga/projects/beefresearch-bima/data/dataset_root/DAY-1/DAY-1_UMKM_PDS_107.JPG,DAY-1,UMKM,PDS,107,True,,0.04383125,False,"(152, 180)"
DAY-1_UMKM_PDS_108.JPG,/home/tsaga/projects/beefresearch-bima/data/dataset_root/DAY-1/DAY-1_UMKM_PDS_108.JPG,DAY-1,UMKM,PDS,108,True,,0.04341041666666667,False,"(138, 187)"
DAY-1_UMKM_PDS_109.JPG,/home/tsaga/projects/beefresearch-bima/data/dataset_root/DAY-1/DAY-1_UMKM_PDS_109.JPG,DAY-1,UMKM,PDS,109,True,,0.06159166666666667,False,"(188, 210)"
DAY-1_UMKM_PDS_110.JPG,/home/tsaga/projects/beefresearch-bima/data/dataset_root/DAY-1/DAY-1_UMKM_PDS_110.JPG,DAY-1,UMKM,PDS,110,True,,0.05566666666666667,False,"(170, 213)"
DAY-1_UMKM_PDS_111.JPG,/home/tsaga/projects/beefresearch-bima/data/dataset_root/DAY-1/DAY-1_UMKM_PDS_111.JPG,DAY-1,UMKM,PDS,111,True,,0.06281041666666666,False,"(193, 225)"
DAY-1_UMKM_PDS_112.JPG,/home/tsaga/projects/beefresearch-bima/data/dataset_root/DAY-1/DAY-1_UMKM_PDS_112.JPG,DAY-1,UMKM,PDS,112,True,,0.058389583333333335,False,"(174, 214)"
DAY-1_UMKM_PDS_113.JPG,/home/tsaga/projects/beefresearch-bima/data/dataset_root/DAY-1/DAY-1_UMKM_PDS_113.JPG,DAY-1,UMKM,PDS,113,True,,0.0584,False,"(177, 204)"
DAY-1_UMKM_PDS_114.JPG,/home/tsaga/projects/beefresearch-bima/data/dataset_root/DAY-1/DAY-1_UMKM_PDS_114.JPG,DAY-1,UMKM,PDS,114,True,,0.05807916666666667,False,"(172, 218)"
DAY-1_UMKM_PDS_115.JPG,/home/tsaga/projects/beefresearch-bima/data/dataset_root/DAY-1/DAY-1_UMKM_PDS_115.JPG,DAY-1,UMKM,PDS,115,True,,0.06050625,False,"(188, 192)"
DAY-1_UMKM_PDS_116.JPG,/home/tsaga/projects/beefresearch-bima/data/dataset_root/DAY-1/DAY-1_UMKM_PDS_116.JPG,DAY-1,UMKM,PDS,116,True,,0.055439583333333334,False,"(178, 185)"
DAY-1_UMKM_PDS_117.JPG,/home/tsaga/projects/beefresearch-bima/data/dataset_root/DAY-1/DAY-1_UMKM_PDS_117.JPG,DAY-1,UMKM,PDS,117,True,,0.050729166666666665,False,"(163, 190)"
DAY-1_UMKM_PDS_118.JPG,/home/tsaga/projects/beefresearch-bima/data/dataset_root/DAY-1/DAY-1_UMKM_PDS_118.JPG,DAY-1,UMKM,PDS,118,True,,0.0515,False,"(165, 192)"
DAY-1_UMKM_PDS_119.JPG,/home/tsaga/projects/beefresearch-bima/data/dataset_root/DAY-1/DAY-1_UMKM_PDS_119.JPG,DAY-1,UMKM,PDS,119,True,,0.05847083333333333,False,"(174, 204)"
DAY-1_UMKM_PDS_120.JPG,/home/tsaga/projects/beefresearch-bima/data/dataset_root/DAY-1/DAY-1_UMKM_PDS_120.JPG,DAY-1,UMKM,PDS,120,True,,0.060670833333333334,False,"(177, 218)"
DAY-1_UMKM_PDS_121.JPG,/home/tsaga/projects/beefresearch-bima/data/dataset_root/DAY-1/DAY-1_UMKM_PDS_121.JPG,DAY-1,UMKM,PDS,121,True,,0.05642916666666667,False,"(174, 214)"
DAY-1_UMKM_PDS_122.JPG,/home/tsaga/projects/beefresearch-bima/data/dataset_root/DAY-1/DAY-1_UMKM_PDS_122.JPG,DAY-1,UMKM,PDS,122,True,,0.053539583333333335,False,"(159, 216)"
DAY-1_UMKM_PDS_123.JPG,/home/tsaga/projects/beefresearch-bima/data/dataset_root/DAY-1/DAY-1_UMKM_PDS_123.JPG,DAY-1,UMKM,PDS,123,True,,0.0522,False,"(175, 178)"
DAY-1_UMKM_PDS_124.JPG,/home/tsaga/projects/beefresearch-bima/data/dataset_root/DAY-1/DAY-1_UMKM_PDS_124.JPG,DAY-1,UMKM,PDS,124,True,,0.05390625,False,"(180, 182)"
DAY-1_UMKM_PDS_125.JPG,/home/tsaga/projects/beefresearch-bima/data/dataset_root/DAY-1/DAY-1_UMKM_PDS_125.JPG,DAY-1,UMKM,PDS,125,True,,0.05300625,False,"(171, 193)"
DAY-1_UMKM_PDS_126.JPG,/home/tsaga/projects/beefresearch-bima/data/dataset_root/DAY-1/DAY-1_UMKM_PDS_126.JPG,DAY-1,UMKM,PDS,126,True,,0.05546458333333333,False,"(184, 197)"
DAY-1_UMKM_PDS_127.JPG,/home/tsaga/projects/beefresearch-bima/data/dataset_root/DAY-1/DAY-1_UMKM_PDS_127.JPG,DAY-1,UMKM,PDS,127,True,,0.06408958333333334,False,"(175, 213)"
DAY-1_UMKM_PDS_128.JPG,/home/tsaga/projects/beefresearch-bima/data/dataset_root/DAY-1/DAY-1_UMKM_PDS_128.JPG,DAY-1,UMKM,PDS,128,True,,0.0658625,False,"(194, 215)"
DAY-1_UMKM_PDS_129.JPG,/home/tsaga/projects/beefresearch-bima/data/dataset_root/DAY-1/DAY-1_UMKM_PDS_129.JPG,DAY-1,UMKM,PDS,129,True,,0.06090625,False,"(172, 209)"
DAY-1_UMKM_PDS_130.JPG,/home/tsaga/projects/beefresearch-bima/data/dataset_root/DAY-1/DAY-1_UMKM_PDS_130.JPG,DAY-1,UMKM,PDS,130,True,,0.054966666666666664,False,"(163, 205)"
DAY-1_UMKM_PDS_131.JPG,/home/tsaga/projects/beefresearch-bima/data/dataset_root/DAY-1/DAY-1_UMKM_PDS_131.JPG,DAY-1,UMKM,PDS,131,True,,0.05467291666666667,False,"(162, 192)"
DAY-1_UMKM_PDS_132.JPG,/home/tsaga/projects/beefresearch-bima/data/dataset_root/DAY-1/DAY-1_UMKM_PDS_132.JPG,DAY-1,UMKM,PDS,132,True,,0.05593125,False,"(170, 195)"
DAY-1_UMKM_PDS_133.JPG,/home/tsaga/projects/beefresearch-bima/data/dataset_root/DAY-1/DAY-1_UMKM_PDS_133.JPG,DAY-1,UMKM,PDS,133,True,,0.053989583333333334,False,"(167, 212)"
DAY-1_UMKM_PDS_134.JPG,/home/tsaga/projects/beefresearch-bima/data/dataset_root/DAY-1/DAY-1_UMKM_PDS_134.JPG,DAY-1,UMKM,PDS,134,True,,0.048889583333333334,False,"(157, 200)"
DAY-1_UMKM_PDS_135.JPG,/home/tsaga/projects/beefresearch-bima/data/dataset_root/DAY-1/DAY-1_UMKM_PDS_135.JPG,DAY-1,UMKM,PDS,135,True,,0.039725,False,"(152, 175)"
DAY-1_UMKM_PDS_136.JPG,/home/tsaga/projects/beefresearch-bima/data/dataset_root/DAY-1/DAY-1_UMKM_PDS_136.JPG,DAY-1,UMKM,PDS,136,True,,0.039677083333333335,False,"(176, 153)"
DAY-1_UMKM_PDS_137.JPG,/home/tsaga/projects/beefresearch-bima/data/dataset_root/DAY-1/DAY-1_UMKM_PDS_137.JPG,DAY-1,UMKM,PDS,137,True,,0.036622916666666665,False,"(139, 158)"
DAY-1_UMKM_PDS_138.JPG,/home/tsaga/projects/beefresearch-bima/data/dataset_root/DAY-1/DAY-1_UMKM_PDS_138.JPG,DAY-1,UMKM,PDS,138,True,,0.03695625,False,"(148, 150)"
DAY-1_UMKM_PDS_139.JPG,/home/tsaga/projects/beefresearch-bima/data/dataset_root/DAY-1/DAY-1_UMKM_PDS_139.JPG,DAY-1,UMKM,PDS,139,True,,0.044822916666666664,False,"(170, 163)"
DAY-1_UMKM_PDS_140.JPG,/home/tsaga/projects/beefresearch-bima/data/dataset_root/DAY-1/DAY-1_UMKM_PDS_140.JPG,DAY-1,UMKM,PDS,140,True,,0.04271041666666667,False,"(172, 164)"
DAY-1_UMKM_PNT_001.JPG,/home/tsaga/projects/beefresearch-bima/data/dataset_root/DAY-1/DAY-1_UMKM_PNT_001.JPG,DAY-1,UMKM,PNT,1,True,,0.06249375,False,"(186, 222)"
DAY-1_UMKM_PNT_002.JPG,/home/tsaga/projects/beefresearch-bima/data/dataset_root/DAY-1/DAY-1_UMKM_PNT_002.JPG,DAY-1,UMKM,PNT,2,True,,0.06470625,False,"(185, 221)"
DAY-1_UMKM_PNT_003.JPG,/home/tsaga/projects/beefresearch-bima/data/dataset_root/DAY-1/DAY-1_UMKM_PNT_003.JPG,DAY-1,UMKM,PNT,3,True,,0.054675,False,"(184, 183)"
DAY-1_UMKM_PNT_004.JPG,/home/tsaga/projects/beefresearch-bima/data/dataset_root/DAY-1/DAY-1_UMKM_PNT_004.JPG,DAY-1,UMKM,PNT,4,True,,0.050333333333333334,False,"(177, 168)"
DAY-1_UMKM_PNT_005.JPG,/home/tsaga/projects/beefresearch-bima/data/dataset_root/DAY-1/DAY-1_UMKM_PNT_005.JPG,DAY-1,UMKM,PNT,5,True,,0.047170833333333335,False,"(159, 182)"
DAY-1_UMKM_PNT_006.JPG,/home/tsaga/projects/beefresearch-bima/data/dataset_root/DAY-1/DAY-1_UMKM_PNT_006.JPG,DAY-1,UMKM,PNT,6,True,,0.0431875,False,"(166, 162)"
DAY-1_UMKM_PNT_007.JPG,/home/tsaga/projects/beefresearch-bima/data/dataset_root/DAY-1/DAY-1_UMKM_PNT_007.JPG,DAY-1,UMKM,PNT,7,True,,0.06502916666666667,False,"(201, 199)"
DAY-1_UMKM_PNT_008.JPG,/home/tsaga/projects/beefresearch-bima/data/dataset_root/DAY-1/DAY-1_UMKM_PNT_008.JPG,DAY-1,UMKM,PNT,8,True,,0.06638333333333334,False,"(205, 201)"
DAY-1_UMKM_PNT_009.JPG,/home/tsaga/projects/beefresearch-bima/data/dataset_root/DAY-1/DAY-1_UMKM_PNT_009.JPG,DAY-1,UMKM,PNT,9,True,,0.05844166666666667,False,"(201, 207)"
DAY-1_UMKM_PNT_010.JPG,/home/tsaga/projects/beefresearch-bima/data/dataset_root/DAY-1/DAY-1_UMKM_PNT_010.JPG,DAY-1,UMKM,PNT,10,True,,0.05702083333333333,False,"(208, 200)"
DAY-1_UMKM_PNT_011.JPG,/home/tsaga/projects/beefresearch-bima/data/dataset_root/DAY-1/DAY-1_UMKM_PNT_011.JPG,DAY-1,UMKM,PNT,11,True,,0.047966666666666664,False,"(176, 168)"
DAY-1_UMKM_PNT_013.JPG,/home/tsaga/projects/beefresearch-bima/data/dataset_root/DAY-1/DAY-1_UMKM_PNT_013.JPG,DAY-1,UMKM,PNT,13,True,,0.055475,False,"(178, 190)"
DAY-1_UMKM_PNT_014.JPG,/home/tsaga/projects/beefresearch-bima/data/dataset_root/DAY-1/DAY-1_UMKM_PNT_014.JPG,DAY-1,UMKM,PNT,14,True,,0.05380625,False,"(177, 207)"
DAY-1_UMKM_PNT_015.JPG,/home/tsaga/projects/beefresearch-bima/data/dataset_root/DAY-1/DAY-1_UMKM_PNT_015.JPG,DAY-1,UMKM,PNT,15,True,,0.06034166666666667,False,"(204, 181)"
DAY-1_UMKM_PNT_016.JPG,/home/tsaga/projects/beefresearch-bima/data/dataset_root/DAY-1/DAY-1_UMKM_PNT_016.JPG,DAY-1,UMKM,PNT,16,True,,0.06036458333333333,False,"(189, 185)"
DAY-1_UMKM_PNT_017.JPG,/home/tsaga/projects/beefresearch-bima/data/dataset_root/DAY-1/DAY-1_UMKM_PNT_017.JPG,DAY-1,UMKM,PNT,17,True,,0.045852083333333335,False,"(146, 189)"
DAY-1_UMKM_PNT_018.JPG,/home/tsaga/projects/beefresearch-bima/data/dataset_root/DAY-1/DAY-1_UMKM_PNT_018.JPG,DAY-1,UMKM,PNT,18,True,,0.043839583333333335,False,"(193, 147)"
DAY-1_UMKM_PNT_019.JPG,/home/tsaga/projects/beefresearch-bima/data/dataset_root/DAY-1/DAY-1_UMKM_PNT_019.JPG,DAY-1,UMKM,PNT,19,True,,0.056279166666666665,False,"(177, 256)"
DAY-1_UMKM_PNT_020.JPG,/home/tsaga/projects/beefresearch-bima/data/dataset_root/DAY-1/DAY-1_UMKM_PNT_020.JPG,DAY-1,UMKM,PNT,20,True,,0.05553333333333333,False,"(220, 182)"
DAY-1_UMKM_PNT_021.JPG,/home/tsaga/projects/beefresearch-bima/data/dataset_root/DAY-1/DAY-1_UMKM_PNT_021.JPG,DAY-1,UMKM,PNT,21,True,,0.05922291666666667,False,"(185, 283)"
DAY-1_UMKM_PNT_022.JPG,/home/tsaga/projects/beefresearch-bima/data/dataset_root/DAY-1/DAY-1_UMKM_PNT_022.JPG,DAY-1,UMKM,PNT,22,True,,0.05978125,False,"(223, 186)"
DAY-1_UMKM_PNT_023.JPG,/home/tsaga/projects/beefresearch-bima/data/dataset_root/DAY-1/DAY-1_UMKM_PNT_023.JPG,DAY-1,UMKM,PNT,23,True,,0.062408333333333336,False,"(207, 247)"
DAY-1_UMKM_PNT_024.JPG,/home/tsaga/projects/beefresearch-bima/data/dataset_root/DAY-1/DAY-1_UMKM_PNT_024.JPG,DAY-1,UMKM,PNT,24,True,,0.06180625,False,"(193, 213)"
DAY-1_UMKM_PNT_025.JPG,/home/tsaga/projects/beefresearch-bima/data/dataset_root/DAY-1/DAY-1_UMKM_PNT_025.JPG,DAY-1,UMKM,PNT,25,True,,0.06334791666666667,False,"(193, 251)"
DAY-1_UMKM_PNT_026.JPG,/home/tsaga/projects/beefresearch-bima/data/dataset_root/DAY-1/DAY-1_UMKM_PNT_026.JPG,DAY-1,UMKM,PNT,26,True,,0.059422916666666666,False,"(180, 232)"
DAY-1_UMKM_PNT_027.JPG,/home/tsaga/projects/beefresearch-bima/data/dataset_root/DAY-1/DAY-1_UMKM_PNT_027.JPG,DAY-1,UMKM,PNT,27,True,,0.06649166666666667,False,"(184, 221)"
DAY-1_UMKM_PNT_028.JPG,/home/tsaga/projects/beefresearch-bima/data/dataset_root/DAY-1/DAY-1_UMKM_PNT_028.JPG,DAY-1,UMKM,PNT,28,True,,0.06362083333333333,False,"(174, 230)"
DAY-1_UMKM_PNT_029.JPG,/home/tsaga/projects/beefresearch-bima/data/dataset_root/DAY-1/DAY-1_UMKM_PNT_029.JPG,DAY-1,UMKM,PNT,29,True,,0.06360416666666667,False,"(196, 227)"
DAY-1_UMKM_PNT_030.JPG,/home/tsaga/projects/beefresearch-bima/data/dataset_root/DAY-1/DAY-1_UMKM_PNT_030.JPG,DAY-1,UMKM,PNT,30,True,,0.06061875,False,"(176, 213)"
DAY-1_UMKM_PNT_031.JPG,/home/tsaga/projects/beefresearch-bima/data/dataset_root/DAY-1/DAY-1_UMKM_PNT_031.JPG,DAY-1,UMKM,PNT,31,True,,0.04156666666666667,False,"(169, 186)"
DAY-1_UMKM_PNT_032.JPG,/home/tsaga/projects/beefresearch-bima/data/dataset_root/DAY-1/DAY-1_UMKM_PNT_032.JPG,DAY-1,UMKM,PNT,32,True,,0.03922916666666667,False,"(141, 157)"
DAY-1_UMKM_PNT_033.JPG,/home/tsaga/projects/beefresearch-bima/data/dataset_root/DAY-1/DAY-1_UMKM_PNT_033.JPG,DAY-1,UMKM,PNT,33,True,,0.06172291666666667,False,"(161, 243)"
DAY-1_UMKM_PNT_034.JPG,/home/tsaga/projects/beefresearch-bima/data/dataset_root/DAY-1/DAY-1_UMKM_PNT_034.JPG,DAY-1,UMKM,PNT,34,True,,0.06128541666666667,False,"(152, 256)"
DAY-1_UMKM_PNT_035.JPG,/home/tsaga/projects/beefresearch-bima/data/dataset_root/DAY-1/DAY-1_UMKM_PNT_035.JPG,DAY-1,UMKM,PNT,35,True,,0.048364583333333336,False,"(188, 218)"
DAY-1_UMKM_PNT_036.JPG,/home/tsaga/projects/beefresearch-bima/data/dataset_root/DAY-1/DAY-1_UMKM_PNT_036.JPG,DAY-1,UMKM,PNT,36,True,,0.05068333333333333,False,"(173, 180)"
DAY-1_UMKM_PNT_037.JPG,/home/tsaga/projects/beefresearch-bima/data/dataset_root/DAY-1/DAY-1_UMKM_PNT_037.JPG,DAY-1,UMKM,PNT,37,True,,0.06817708333333333,False,"(179, 219)"
DAY-1_UMKM_PNT_038.JPG,/home/tsaga/projects/beefresearch-bima/data/dataset_root/DAY-1/DAY-1_UMKM_PNT_038.JPG,DAY-1,UMKM,PNT,38,True,,0.07252916666666667,False,"(199, 216)"
DAY-1_UMKM_PNT_039.JPG,/home/tsaga/projects/beefresearch-bima/data/dataset_root/DAY-1/DAY-1_UMKM_PNT_039.JPG,DAY-1,UMKM,PNT,39,True,,0.0628125,False,"(178, 237)"
DAY-1_UMKM_PNT_040.JPG,/home/tsaga/projects/beefresearch-bima/data/dataset_root/DAY-1/DAY-1_UMKM_PNT_040.JPG,DAY-1,UMKM,PNT,40,True,,0.06393541666666666,False,"(186, 220)"
DAY-1_UMKM_PNT_041.JPG,/home/tsaga/projects/beefresearch-bima/data/dataset_root/DAY-1/DAY-1_UMKM_PNT_041.JPG,DAY-1,UMKM,PNT,41,True,,0.06465208333333333,False,"(188, 218)"
DAY-1_UMKM_PNT_042.JPG,/home/tsaga/projects/beefresearch-bima/data/dataset_root/DAY-1/DAY-1_UMKM_PNT_042.JPG,DAY-1,UMKM,PNT,42,True,,0.06339375,False,"(177, 214)"
DAY-1_UMKM_PNT_043.JPG,/home/tsaga/projects/beefresearch-bima/data/dataset_root/DAY-1/DAY-1_UMKM_PNT_043.JPG,DAY-1,UMKM,PNT,43,True,,0.06007916666666667,False,"(187, 259)"
DAY-1_UMKM_PNT_044.JPG,/home/tsaga/projects/beefresearch-bima/data/dataset_root/DAY-1/DAY-1_UMKM_PNT_044.JPG,DAY-1,UMKM,PNT,44,True,,0.048641666666666666,False,"(156, 225)"
DAY-1_UMKM_PNT_045.JPG,/home/tsaga/projects/beefresearch-bima/data/dataset_root/DAY-1/DAY-1_UMKM_PNT_045.JPG,DAY-1,UMKM,PNT,45,True,,0.0497375,False,"(172, 185)"
DAY-1_UMKM_PNT_046.JPG,/home/tsaga/projects/beefresearch-bima/data/dataset_root/DAY-1/DAY-1_UMKM_PNT_046.JPG,DAY-1,UMKM,PNT,46,True,,0.04968541666666667,False,"(170, 178)"
DAY-1_UMKM_PNT_047.JPG,/home/tsaga/projects/beefresearch-bima/data/dataset_root/DAY-1/DAY-1_UMKM_PNT_047.JPG,DAY-1,UMKM,PNT,47,True,,0.06604791666666666,False,"(158, 238)"
DAY-1_UMKM_PNT_048.JPG,/home/tsaga/projects/beefresearch-bima/data/dataset_root/DAY-1/DAY-1_UMKM_PNT_048.JPG,DAY-1,UMKM,PNT,48,True,,0.064925,False,"(182, 227)"
DAY-1_UMKM_PNT_049.JPG,/home/tsaga/projects/beefresearch-bima/data/dataset_root/DAY-1/DAY-1_UMKM_PNT_049.JPG,DAY-1,UMKM,PNT,49,True,,0.0553625,False,"(183, 220)"
DAY-1_UMKM_PNT_050.JPG,/home/tsaga/projects/beefresearch-bima/data/dataset_root/DAY-1/DAY-1_UMKM_PNT_050.JPG,DAY-1,UMKM,PNT,50,True,,0.05782291666666667,False,"(151, 226)"
DAY-1_UMKM_PNT_051.JPG,/home/tsaga/projects/beefresearch-bima/data/dataset_root/DAY-1/DAY-1_UMKM_PNT_051.JPG,DAY-1,UMKM,PNT,51,True,,0.06781041666666666,False,"(173, 234)"
DAY-1_UMKM_PNT_052.JPG,/home/tsaga/projects/beefresearch-bima/data/dataset_root/DAY-1/DAY-1_UMKM_PNT_052.JPG,DAY-1,UMKM,PNT,52,True,,0.07063333333333334,False,"(182, 239)"
DAY-1_UMKM_PNT_053.JPG,/home/tsaga/projects/beefresearch-bima/data/dataset_root/DAY-1/DAY-1_UMKM_PNT_053.JPG,DAY-1,UMKM,PNT,53,True,,0.04615416666666667,False,"(152, 177)"
DAY-1_UMKM_PNT_054.JPG,/home/tsaga/projects/beefresearch-bima/data/dataset_root/DAY-1/DAY-1_UMKM_PNT_054.JPG,DAY-1,UMKM,PNT,54,True,,0.04494583333333333,False,"(148, 192)"
DAY-1_UMKM_PNT_055.JPG,/home/tsaga/projects/beefresearch-bima/data/dataset_root/DAY-1/DAY-1_UMKM_PNT_055.JPG,DAY-1,UMKM,PNT,55,True,,0.05157916666666667,False,"(161, 223)"
DAY-1_UMKM_PNT_056.JPG,/home/tsaga/projects/beefresearch-bima/data/dataset_root/DAY-1/DAY-1_UMKM_PNT_056.JPG,DAY-1,UMKM,PNT,56,True,,0.04912916666666667,False,"(166, 196)"
DAY-1_UMKM_PNT_057.JPG,/home/tsaga/projects/beefresearch-bima/data/dataset_root/DAY-1/DAY-1_UMKM_PNT_057.JPG,DAY-1,UMKM,PNT,57,True,,0.054204166666666664,False,"(181, 178)"
DAY-1_UMKM_PNT_058.JPG,/home/tsaga/projects/beefresearch-bima/data/dataset_root/DAY-1/DAY-1_UMKM_PNT_058.JPG,DAY-1,UMKM,PNT,58,True,,0.054329166666666664,False,"(172, 187)"
DAY-1_UMKM_PNT_059.JPG,/home/tsaga/projects/beefresearch-bima/data/dataset_root/DAY-1/DAY-1_UMKM_PNT_059.JPG,DAY-1,UMKM,PNT,59,True,,0.06481458333333333,False,"(201, 207)"
DAY-1_UMKM_PNT_060.JPG,/home/tsaga/projects/beefresearch-bima/data/dataset_root/DAY-1/DAY-1_UMKM_PNT_060.JPG,DAY-1,UMKM,PNT,60,True,,0.0661,False,"(212, 205)"
DAY-1_UMKM_PNT_061.JPG,/home/tsaga/projects/beefresearch-bima/data/dataset_root/DAY-1/DAY-1_UMKM_PNT_061.JPG,DAY-1,UMKM,PNT,61,True,,0.05897083333333333,False,"(188, 228)"
DAY-1_UMKM_PNT_062.JPG,/home/tsaga/projects/beefresearch-bima/data/dataset_root/DAY-1/DAY-1_UMKM_PNT_062.JPG,DAY-1,UMKM,PNT,62,True,,0.05684375,False,"(177, 198)"
DAY-1_UMKM_PNT_063.JPG,/home/tsaga/projects/beefresearch-bima/data/dataset_root/DAY-1/DAY-1_UMKM_PNT_063.JPG,DAY-1,UMKM,PNT,63,True,,0.05121041666666667,False,"(154, 213)"
DAY-1_UMKM_PNT_064.JPG,/home/tsaga/projects/beefresearch-bima/data/dataset_root/DAY-1/DAY-1_UMKM_PNT_064.JPG,DAY-1,UMKM,PNT,64,True,,0.04817291666666667,False,"(154, 194)"
DAY-1_UMKM_PNT_065.JPG,/home/tsaga/projects/beefresearch-bima/data/dataset_root/DAY-1/DAY-1_UMKM_PNT_065.JPG,DAY-1,UMKM,PNT,65,True,,0.04926875,False,"(156, 190)"
DAY-1_UMKM_PNT_066.JPG,/home/tsaga/projects/beefresearch-bima/data/dataset_root/DAY-1/DAY-1_UMKM_PNT_066.JPG,DAY-1,UMKM,PNT,66,True,,0.050625,False,"(153, 195)"
DAY-1_UMKM_PNT_067.JPG,/home/tsaga/projects/beefresearch-bima/data/dataset_root/DAY-1/DAY-1_UMKM_PNT_067.JPG,DAY-1,UMKM,PNT,67,True,,0.0545375,False,"(194, 210)"
DAY-1_UMKM_PNT_068.JPG,/home/tsaga/projects/beefresearch-bima/data/dataset_root/DAY-1/DAY-1_UMKM_PNT_068.JPG,DAY-1,UMKM,PNT,68,True,,0.051070833333333336,False,"(199, 182)"
DAY-1_UMKM_PNT_069.JPG,/home/tsaga/projects/beefresearch-bima/data/dataset_root/DAY-1/DAY-1_UMKM_PNT_069.JPG,DAY-1,UMKM,PNT,69,True,,0.060879166666666665,False,"(174, 209)"
DAY-1_UMKM_PNT_070.JPG,/home/tsaga/projects/beefresearch-bima/data/dataset_root/DAY-1/DAY-1_UMKM_PNT_070.JPG,DAY-1,UMKM,PNT,70,True,,0.065325,False,"(169, 222)"
DAY-1_UMKM_PNT_071.JPG,/home/tsaga/projects/beefresearch-bima/data/dataset_root/DAY-1/DAY-1_UMKM_PNT_071.JPG,DAY-1,UMKM,PNT,71,True,,0.04716666666666667,False,"(165, 169)"
DAY-1_UMKM_PNT_072.JPG,/home/tsaga/projects/beefresearch-bima/data/dataset_root/DAY-1/DAY-1_UMKM_PNT_072.JPG,DAY-1,UMKM,PNT,72,True,,0.048975,False,"(169, 171)"
DAY-1_UMKM_PNT_073.JPG,/home/tsaga/projects/beefresearch-bima/data/dataset_root/DAY-1/DAY-1_UMKM_PNT_073.JPG,DAY-1,UMKM,PNT,73,True,,0.049875,False,"(139, 210)"
DAY-1_UMKM_PNT_074.JPG,/home/tsaga/projects/beefresearch-bima/data/dataset_root/DAY-1/DAY-1_UMKM_PNT_074.JPG,DAY-1,UMKM,PNT,74,True,,0.047972916666666664,False,"(162, 216)"
DAY-1_UMKM_PNT_075.JPG,/home/tsaga/projects/beefresearch-bima/data/dataset_root/DAY-1/DAY-1_UMKM_PNT_075.JPG,DAY-1,UMKM,PNT,75,True,,0.044225,False,"(164, 162)"
DAY-1_UMKM_PNT_076.JPG,/home/tsaga/projects/beefresearch-bima/data/dataset_root/DAY-1/DAY-1_UMKM_PNT_076.JPG,DAY-1,UMKM,PNT,76,True,,0.04299583333333333,False,"(167, 167)"
DAY-1_UMKM_PNT_077.JPG,/home/tsaga/projects/beefresearch-bima/data/dataset_root/DAY-1/DAY-1_UMKM_PNT_077.JPG,DAY-1,UMKM,PNT,77,True,,0.057125,False,"(178, 190)"
DAY-1_UMKM_PNT_078.JPG,/home/tsaga/projects/beefresearch-bima/data/dataset_root/DAY-1/DAY-1_UMKM_PNT_078.JPG,DAY-1,UMKM,PNT,78,True,,0.061010416666666664,False,"(196, 197)"
DAY-1_UMKM_PNT_079.JPG,/home/tsaga/projects/beefresearch-bima/data/dataset_root/DAY-1/DAY-1_UMKM_PNT_079.JPG,DAY-1,UMKM,PNT,79,True,,0.047191666666666666,False,"(163, 193)"
DAY-1_UMKM_PNT_080.JPG,/home/tsaga/projects/beefresearch-bima/data/dataset_root/DAY-1/DAY-1_UMKM_PNT_080.JPG,DAY-1,UMKM,PNT,80,True,,0.04597291666666667,False,"(165, 171)"
DAY-1_UMKM_PNT_081.JPG,/home/tsaga/projects/beefresearch-bima/data/dataset_root/DAY-1/DAY-1_UMKM_PNT_081.JPG,DAY-1,UMKM,PNT,81,True,,0.07056458333333333,False,"(222, 259)"
DAY-1_UMKM_PNT_082.JPG,/home/tsaga/projects/beefresearch-bima/data/dataset_root/DAY-1/DAY-1_UMKM_PNT_082.JPG,DAY-1,UMKM,PNT,82,True,,0.06753333333333333,False,"(188, 217)"
DAY-1_UMKM_PNT_083.JPG,/home/tsaga/projects/beefresearch-bima/data/dataset_root/DAY-1/DAY-1_UMKM_PNT_083.JPG,DAY-1,UMKM,PNT,83,True,,0.059310416666666664,False,"(153, 227)"
DAY-1_UMKM_PNT_084.JPG,/home/tsaga/projects/beefresearch-bima/data/dataset_root/DAY-1/DAY-1_UMKM_PNT_084.JPG,DAY-1,UMKM,PNT,84,True,,0.06071041666666667,False,"(171, 225)"
DAY-1_UMKM_PNT_085.JPG,/home/tsaga/projects/beefresearch-bima/data/dataset_root/DAY-1/DAY-1_UMKM_PNT_085.JPG,DAY-1,UMKM,PNT,85,True,,0.05019166666666667,False,"(168, 175)"
DAY-1_UMKM_PNT_086.JPG,/home/tsaga/projects/beefresearch-bima/data/dataset_root/DAY-1/DAY-1_UMKM_PNT_086.JPG,DAY-1,UMKM,PNT,86,True,,0.04507708333333333,False,"(150, 179)"
DAY-1_UMKM_PNT_087.JPG,/home/tsaga/projects/beefresearch-bima/data/dataset_root/DAY-1/DAY-1_UMKM_PNT_087.JPG,DAY-1,UMKM,PNT,87,True,,0.054204166666666664,False,"(166, 197)"
DAY-1_UMKM_PNT_088.JPG,/home/tsaga/projects/beefresearch-bima/data/dataset_root/DAY-1/DAY-1_UMKM_PNT_088.JPG,DAY-1,UMKM,PNT,88,True,,0.05225208333333333,False,"(163, 204)"
DAY-1_UMKM_PNT_089.JPG,/home/tsaga/projects/beefresearch-bima/data/dataset_root/DAY-1/DAY-1_UMKM_PNT_089.JPG,DAY-1,UMKM,PNT,89,True,,0.06190208333333334,False,"(200, 199)"
DAY-1_UMKM_PNT_090.JPG,/home/tsaga/projects/beefresearch-bima/data/dataset_root/DAY-1/DAY-1_UMKM_PNT_090.JPG,DAY-1,UMKM,PNT,90,True,,0.060858333333333334,False,"(188, 193)"
DAY-1_UMKM_PNT_091.JPG,/home/tsaga/projects/beefresearch-bima/data/dataset_root/DAY-1/DAY-1_UMKM_PNT_091.JPG,DAY-1,UMKM,PNT,91,True,,0.07296666666666667,False,"(180, 264)"
DAY-1_UMKM_PNT_092.JPG,/home/tsaga/projects/beefresearch-bima/data/dataset_root/DAY-1/DAY-1_UMKM_PNT_092.JPG,DAY-1,UMKM,PNT,92,True,,0.0727375,False,"(183, 246)"
DAY-1_UMKM_PNT_093.JPG,/home/tsaga/projects/beefresearch-bima/data/dataset_root/DAY-1/DAY-1_UMKM_PNT_093.JPG,DAY-1,UMKM,PNT,93,True,,0.060375,False,"(198, 258)"
DAY-1_UMKM_PNT_094.JPG,/home/tsaga/projects/beefresearch-bima/data/dataset_root/DAY-1/DAY-1_UMKM_PNT_094.JPG,DAY-1,UMKM,PNT,94,True,,0.06120208333333333,False,"(184, 216)"
DAY-1_UMKM_PNT_095.JPG,/home/tsaga/projects/beefresearch-bima/data/dataset_root/DAY-1/DAY-1_UMKM_PNT_095.JPG,DAY-1,UMKM,PNT,95,True,,0.06370833333333334,False,"(170, 232)"
DAY-1_UMKM_PNT_096.JPG,/home/tsaga/projects/beefresearch-bima/data/dataset_root/DAY-1/DAY-1_UMKM_PNT_096.JPG,DAY-1,UMKM,PNT,96,True,,0.0587625,False,"(171, 232)"
DAY-1_UMKM_PNT_097.JPG,/home/tsaga/projects/beefresearch-bima/data/dataset_root/DAY-1/DAY-1_UMKM_PNT_097.JPG,DAY-1,UMKM,PNT,97,True,,0.05732291666666667,False,"(195, 168)"
DAY-1_UMKM_PNT_098.JPG,/home/tsaga/projects/beefresearch-bima/data/dataset_root/DAY-1/DAY-1_UMKM_PNT_098.JPG,DAY-1,UMKM,PNT,98,True,,0.050258333333333335,False,"(160, 189)"
DAY-1_UMKM_PNT_099.JPG,/home/tsaga/projects/beefresearch-bima/data/dataset_root/DAY-1/DAY-1_UMKM_PNT_099.JPG,DAY-1,UMKM,PNT,99,True,,0.07161458333333333,False,"(211, 210)"
DAY-1_UMKM_PNT_100.JPG,/home/tsaga/projects/beefresearch-bima/data/dataset_root/DAY-1/DAY-1_UMKM_PNT_100.JPG,DAY-1,UMKM,PNT,100,True,,0.07172708333333333,False,"(194, 218)"
DAY-1_UMKM_PNT_101.JPG,/home/tsaga/projects/beefresearch-bima/data/dataset_root/DAY-1/DAY-1_UMKM_PNT_101.JPG,DAY-1,UMKM,PNT,101,True,,0.07415208333333333,False,"(220, 209)"
DAY-1_UMKM_PNT_102.JPG,/home/tsaga/projects/beefresearch-bima/data/dataset_root/DAY-1/DAY-1_UMKM_PNT_102.JPG,DAY-1,UMKM,PNT,102,True,,0.06511875,False,"(177, 224)"
DAY-1_UMKM_PNT_103.JPG,/home/tsaga/projects/beefresearch-bima/data/dataset_root/DAY-1/DAY-1_UMKM_PNT_103.JPG,DAY-1,UMKM,PNT,103,True,,0.04768541666666667,False,"(183, 193)"
DAY-1_UMKM_PNT_104.JPG,/home/tsaga/projects/beefresearch-bima/data/dataset_root/DAY-1/DAY-1_UMKM_PNT_104.JPG,DAY-1,UMKM,PNT,104,True,,0.051354166666666666,False,"(177, 201)"
DAY-1_UMKM_PNT_105.JPG,/home/tsaga/projects/beefresearch-bima/data/dataset_root/DAY-1/DAY-1_UMKM_PNT_105.JPG,DAY-1,UMKM,PNT,105,True,,0.06163333333333333,False,"(178, 221)"
DAY-1_UMKM_PNT_106.JPG,/home/tsaga/projects/beefresearch-bima/data/dataset_root/DAY-1/DAY-1_UMKM_PNT_106.JPG,DAY-1,UMKM,PNT,106,True,,0.05724166666666667,False,"(173, 205)"
DAY-1_UMKM_PNT_107.JPG,/home/tsaga/projects/beefresearch-bima/data/dataset_root/DAY-1/DAY-1_UMKM_PNT_107.JPG,DAY-1,UMKM,PNT,107,True,,0.06437083333333334,False,"(194, 206)"
DAY-1_UMKM_PNT_108.JPG,/home/tsaga/projects/beefresearch-bima/data/dataset_root/DAY-1/DAY-1_UMKM_PNT_108.JPG,DAY-1,UMKM,PNT,108,True,,0.06466458333333333,False,"(188, 227)"
DAY-1_UMKM_PNT_109.JPG,/home/tsaga/projects/beefresearch-bima/data/dataset_root/DAY-1/DAY-1_UMKM_PNT_109.JPG,DAY-1,UMKM,PNT,109,True,,0.062408333333333336,False,"(189, 208)"
DAY-1_UMKM_PNT_110.JPG,/home/tsaga/projects/beefresearch-bima/data/dataset_root/DAY-1/DAY-1_UMKM_PNT_110.JPG,DAY-1,UMKM,PNT,110,True,,0.06330416666666666,False,"(173, 235)"
DAY-1_UMKM_PNT_111.JPG,/home/tsaga/projects/beefresearch-bima/data/dataset_root/DAY-1/DAY-1_UMKM_PNT_111.JPG,DAY-1,UMKM,PNT,111,True,,0.0574625,False,"(174, 185)"
DAY-1_UMKM_PNT_112.JPG,/home/tsaga/projects/beefresearch-bima/data/dataset_root/DAY-1/DAY-1_UMKM_PNT_112.JPG,DAY-1,UMKM,PNT,112,True,,0.05787916666666667,False,"(175, 183)"
DAY-1_UMKM_PNT_113.JPG,/home/tsaga/projects/beefresearch-bima/data/dataset_root/DAY-1/DAY-1_UMKM_PNT_113.JPG,DAY-1,UMKM,PNT,113,True,,0.05963125,False,"(186, 251)"
DAY-1_UMKM_PNT_114.JPG,/home/tsaga/projects/beefresearch-bima/data/dataset_root/DAY-1/DAY-1_UMKM_PNT_114.JPG,DAY-1,UMKM,PNT,114,True,,0.05665833333333333,False,"(163, 228)"
DAY-1_UMKM_PNT_115.JPG,/home/tsaga/projects/beefresearch-bima/data/dataset_root/DAY-1/DAY-1_UMKM_PNT_115.JPG,DAY-1,UMKM,PNT,115,True,,0.05735208333333333,False,"(174, 199)"
DAY-1_UMKM_PNT_116.JPG,/home/tsaga/projects/beefresearch-bima/data/dataset_root/DAY-1/DAY-1_UMKM_PNT_116.JPG,DAY-1,UMKM,PNT,116,True,,0.05135625,False,"(167, 190)"
DAY-1_UMKM_PNT_117.JPG,/home/tsaga/projects/beefresearch-bima/data/dataset_root/DAY-1/DAY-1_UMKM_PNT_117.JPG,DAY-1,UMKM,PNT,117,True,,0.0504125,False,"(187, 200)"
DAY-1_UMKM_PNT_118.JPG,/home/tsaga/projects/beefresearch-bima/data/dataset_root/DAY-1/DAY-1_UMKM_PNT_118.JPG,DAY-1,UMKM,PNT,118,True,,0.04665,False,"(157, 175)"
DAY-1_UMKM_PNT_119.JPG,/home/tsaga/projects/beefresearch-bima/data/dataset_root/DAY-1/DAY-1_UMKM_PNT_119.JPG,DAY-1,UMKM,PNT,119,True,,0.060033333333333334,False,"(183, 234)"
DAY-1_UMKM_PNT_120.JPG,/home/tsaga/projects/beefresearch-bima/data/dataset_root/DAY-1/DAY-1_UMKM_PNT_120.JPG,DAY-1,UMKM,PNT,120,True,,0.05756875,False,"(151, 255)"
DAY-1_UMKM_PNT_121.JPG,/home/tsaga/projects/beefresearch-bima/data/dataset_root/DAY-1/DAY-1_UMKM_PNT_121.JPG,DAY-1,UMKM,PNT,121,True,,0.07322291666666667,False,"(210, 215)"
DAY-1_UMKM_PNT_122.JPG,/home/tsaga/projects/beefresearch-bima/data/dataset_root/DAY-1/DAY-1_UMKM_PNT_122.JPG,DAY-1,UMKM,PNT,122,True,,0.07787083333333333,False,"(216, 229)"
DAY-1_UMKM_PNT_123.JPG,/home/tsaga/projects/beefresearch-bima/data/dataset_root/DAY-1/DAY-1_UMKM_PNT_123.JPG,DAY-1,UMKM,PNT,123,True,,0.05144791666666667,False,"(172, 184)"
DAY-1_UMKM_PNT_124.JPG,/home/tsaga/projects/beefresearch-bima/data/dataset_root/DAY-1/DAY-1_UMKM_PNT_124.JPG,DAY-1,UMKM,PNT,124,True,,0.050627083333333336,False,"(166, 189)"
DAY-1_UMKM_PNT_125.JPG,/home/tsaga/projects/beefresearch-bima/data/dataset_root/DAY-1/DAY-1_UMKM_PNT_125.JPG,DAY-1,UMKM,PNT,125,True,,0.05871666666666667,False,"(162, 227)"
DAY-1_UMKM_PNT_126.JPG,/home/tsaga/projects/beefresearch-bima/data/dataset_root/DAY-1/DAY-1_UMKM_PNT_126.JPG,DAY-1,UMKM,PNT,126,True,,0.05664583333333333,False,"(140, 237)"
DAY-1_UMKM_PNT_127.JPG,/home/tsaga/projects/beefresearch-bima/data/dataset_root/DAY-1/DAY-1_UMKM_PNT_127.JPG,DAY-1,UMKM,PNT,127,True,,0.052220833333333334,False,"(168, 183)"
DAY-1_UMKM_PNT_128.JPG,/home/tsaga/projects/beefresearch-bima/data/dataset_root/DAY-1/DAY-1_UMKM_PNT_128.JPG,DAY-1,UMKM,PNT,128,True,,0.051283333333333334,False,"(169, 183)"
DAY-1_UMKM_PNT_129.JPG,/home/tsaga/projects/beefresearch-bima/data/dataset_root/DAY-1/DAY-1_UMKM_PNT_129.JPG,DAY-1,UMKM,PNT,129,True,,0.060920833333333334,False,"(176, 211)"
DAY-1_UMKM_PNT_130.JPG,/home/tsaga/projects/beefresearch-bima/data/dataset_root/DAY-1/DAY-1_UMKM_PNT_130.JPG,DAY-1,UMKM,PNT,130,True,,0.056479166666666664,False,"(174, 197)"
DAY-1_UMKM_PNT_131.JPG,/home/tsaga/projects/beefresearch-bima/data/dataset_root/DAY-1/DAY-1_UMKM_PNT_131.JPG,DAY-1,UMKM,PNT,131,True,,0.07620208333333334,False,"(177, 303)"
DAY-1_UMKM_PNT_132.JPG,/home/tsaga/projects/beefresearch-bima/data/dataset_root/DAY-1/DAY-1_UMKM_PNT_132.JPG,DAY-1,UMKM,PNT,132,True,,0.0712125,False,"(170, 283)"
DAY-1_UMKM_PNT_133.JPG,/home/tsaga/projects/beefresearch-bima/data/dataset_root/DAY-1/DAY-1_UMKM_PNT_133.JPG,DAY-1,UMKM,PNT,133,True,,0.05590208333333333,False,"(163, 213)"
DAY-1_UMKM_PNT_134.JPG,/home/tsaga/projects/beefresearch-bima/data/dataset_root/DAY-1/DAY-1_UMKM_PNT_134.JPG,DAY-1,UMKM,PNT,134,True,,0.05208125,False,"(148, 211)"
DAY-1_UMKM_PNT_135.JPG,/home/tsaga/projects/beefresearch-bima/data/dataset_root/DAY-1/DAY-1_UMKM_PNT_135.JPG,DAY-1,UMKM,PNT,135,True,,0.05173125,False,"(158, 213)"
DAY-1_UMKM_PNT_136.JPG,/home/tsaga/projects/beefresearch-bima/data/dataset_root/DAY-1/DAY-1_UMKM_PNT_136.JPG,DAY-1,UMKM,PNT,136,True,,0.04753333333333333,False,"(176, 180)"
DAY-1_UMKM_PNT_137.JPG,/home/tsaga/projects/beefresearch-bima/data/dataset_root/DAY-1/DAY-1_UMKM_PNT_137.JPG,DAY-1,UMKM,PNT,137,True,,0.046372916666666666,False,"(158, 187)"
DAY-1_UMKM_PNT_138.JPG,/home/tsaga/projects/beefresearch-bima/data/dataset_root/DAY-1/DAY-1_UMKM_PNT_138.JPG,DAY-1,UMKM,PNT,138,True,,0.04862291666666667,False,"(166, 190)"
DAY-1_UMKM_PNT_139.JPG,/home/tsaga/projects/beefresearch-bima/data/dataset_root/DAY-1/DAY-1_UMKM_PNT_139.JPG,DAY-1,UMKM,PNT,139,True,,0.04132291666666667,False,"(150, 170)"
DAY-1_UMKM_PNT_140.JPG,/home/tsaga/projects/beefresearch-bima/data/dataset_root/DAY-1/DAY-1_UMKM_PNT_140.JPG,DAY-1,UMKM,PNT,140,True,,0.04435625,False,"(161, 171)"
DAY-1_UMKM_SDL_001.JPG,/home/tsaga/projects/beefresearch-bima/data/dataset_root/DAY-1/DAY-1_UMKM_SDL_001.JPG,DAY-1,UMKM,SDL,1,True,,0.06321458333333334,False,"(172, 241)"
DAY-1_UMKM_SDL_002.JPG,/home/tsaga/projects/beefresearch-bima/data/dataset_root/DAY-1/DAY-1_UMKM_SDL_002.JPG,DAY-1,UMKM,SDL,2,True,,0.06765833333333333,False,"(174, 256)"
DAY-1_UMKM_SDL_003.JPG,/home/tsaga/projects/beefresearch-bima/data/dataset_root/DAY-1/DAY-1_UMKM_SDL_003.JPG,DAY-1,UMKM,SDL,3,True,,0.052125,False,"(152, 201)"
DAY-1_UMKM_SDL_004.JPG,/home/tsaga/projects/beefresearch-bima/data/dataset_root/DAY-1/DAY-1_UMKM_SDL_004.JPG,DAY-1,UMKM,SDL,4,True,,0.052447916666666664,False,"(165, 206)"
DAY-1_UMKM_SDL_005.JPG,/home/tsaga/projects/beefresearch-bima/data/dataset_root/DAY-1/DAY-1_UMKM_SDL_005.JPG,DAY-1,UMKM,SDL,5,True,,0.049639583333333334,False,"(145, 205)"
DAY-1_UMKM_SDL_006.JPG,/home/tsaga/projects/beefresearch-bima/data/dataset_root/DAY-1/DAY-1_UMKM_SDL_006.JPG,DAY-1,UMKM,SDL,6,True,,0.056045833333333336,False,"(166, 219)"
DAY-1_UMKM_SDL_007.JPG,/home/tsaga/projects/beefresearch-bima/data/dataset_root/DAY-1/DAY-1_UMKM_SDL_007.JPG,DAY-1,UMKM,SDL,7,True,,0.07272708333333333,False,"(193, 234)"
DAY-1_UMKM_SDL_008.JPG,/home/tsaga/projects/beefresearch-bima/data/dataset_root/DAY-1/DAY-1_UMKM_SDL_008.JPG,DAY-1,UMKM,SDL,8,True,,0.07816458333333333,False,"(212, 243)"
DAY-1_UMKM_SDL_010.JPG,/home/tsaga/projects/beefresearch-bima/data/dataset_root/DAY-1/DAY-1_UMKM_SDL_010.JPG,DAY-1,UMKM,SDL,10,True,,0.07851041666666667,False,"(188, 271)"
DAY-1_UMKM_SDL_011.JPG,/home/tsaga/projects/beefresearch-bima/data/dataset_root/DAY-1/DAY-1_UMKM_SDL_011.JPG,DAY-1,UMKM,SDL,11,True,,0.06872708333333333,False,"(165, 256)"
DAY-1_UMKM_SDL_012.JPG,/home/tsaga/projects/beefresearch-bima/data/dataset_root/DAY-1/DAY-1_UMKM_SDL_012.JPG,DAY-1,UMKM,SDL,12,True,,0.06641458333333333,False,"(160, 255)"
DAY-1_UMKM_SDL_013.JPG,/home/tsaga/projects/beefresearch-bima/data/dataset_root/DAY-1/DAY-1_UMKM_SDL_013.JPG,DAY-1,UMKM,SDL,13,True,,0.06625,False,"(182, 227)"
DAY-1_UMKM_SDL_014.JPG,/home/tsaga/projects/beefresearch-bima/data/dataset_root/DAY-1/DAY-1_UMKM_SDL_014.JPG,DAY-1,UMKM,SDL,14,True,,0.06521666666666667,False,"(178, 223)"
DAY-1_UMKM_SDL_015.JPG,/home/tsaga/projects/beefresearch-bima/data/dataset_root/DAY-1/DAY-1_UMKM_SDL_015.JPG,DAY-1,UMKM,SDL,15,True,,0.07398541666666666,False,"(217, 218)"
DAY-1_UMKM_SDL_016.JPG,/home/tsaga/projects/beefresearch-bima/data/dataset_root/DAY-1/DAY-1_UMKM_SDL_016.JPG,DAY-1,UMKM,SDL,16,True,,0.07133125,False,"(204, 214)"
DAY-1_UMKM_SDL_017.JPG,/home/tsaga/projects/beefresearch-bima/data/dataset_root/DAY-1/DAY-1_UMKM_SDL_017.JPG,DAY-1,UMKM,SDL,17,True,,0.0534875,False,"(172, 187)"
DAY-1_UMKM_SDL_018.JPG,/home/tsaga/projects/beefresearch-bima/data/dataset_root/DAY-1/DAY-1_UMKM_SDL_018.JPG,DAY-1,UMKM,SDL,18,True,,0.054227083333333335,False,"(183, 178)"
DAY-1_UMKM_SDL_019.JPG,/home/tsaga/projects/beefresearch-bima/data/dataset_root/DAY-1/DAY-1_UMKM_SDL_019.JPG,DAY-1,UMKM,SDL,19,True,,0.06676041666666667,False,"(190, 222)"
DAY-1_UMKM_SDL_020.JPG,/home/tsaga/projects/beefresearch-bima/data/dataset_root/DAY-1/DAY-1_UMKM_SDL_020.JPG,DAY-1,UMKM,SDL,20,True,,0.06740208333333333,False,"(197, 234)"
DAY-1_UMKM_SDL_021.JPG,/home/tsaga/projects/beefresearch-bima/data/dataset_root/DAY-1/DAY-1_UMKM_SDL_021.JPG,DAY-1,UMKM,SDL,21,True,,0.05431875,False,"(168, 196)"
DAY-1_UMKM_SDL_022.JPG,/home/tsaga/projects/beefresearch-bima/data/dataset_root/DAY-1/DAY-1_UMKM_SDL_022.JPG,DAY-1,UMKM,SDL,22,True,,0.05791875,False,"(175, 214)"
DAY-1_UMKM_SDL_023.JPG,/home/tsaga/projects/beefresearch-bima/data/dataset_root/DAY-1/DAY-1_UMKM_SDL_023.JPG,DAY-1,UMKM,SDL,23,True,,0.0571875,False,"(182, 195)"
DAY-1_UMKM_SDL_024.JPG,/home/tsaga/projects/beefresearch-bima/data/dataset_root/DAY-1/DAY-1_UMKM_SDL_024.JPG,DAY-1,UMKM,SDL,24,True,,0.05831041666666667,False,"(176, 198)"
DAY-1_UMKM_SDL_025.JPG,/home/tsaga/projects/beefresearch-bima/data/dataset_root/DAY-1/DAY-1_UMKM_SDL_025.JPG,DAY-1,UMKM,SDL,25,True,,0.05713125,False,"(192, 195)"
DAY-1_UMKM_SDL_026.JPG,/home/tsaga/projects/beefresearch-bima/data/dataset_root/DAY-1/DAY-1_UMKM_SDL_026.JPG,DAY-1,UMKM,SDL,26,True,,0.0562375,False,"(181, 189)"
DAY-1_UMKM_SDL_027.JPG,/home/tsaga/projects/beefresearch-bima/data/dataset_root/DAY-1/DAY-1_UMKM_SDL_027.JPG,DAY-1,UMKM,SDL,27,True,,0.06501875,False,"(175, 240)"
DAY-1_UMKM_SDL_028.JPG,/home/tsaga/projects/beefresearch-bima/data/dataset_root/DAY-1/DAY-1_UMKM_SDL_028.JPG,DAY-1,UMKM,SDL,28,True,,0.06918125,False,"(194, 232)"
DAY-1_UMKM_SDL_029.JPG,/home/tsaga/projects/beefresearch-bima/data/dataset_root/DAY-1/DAY-1_UMKM_SDL_029.JPG,DAY-1,UMKM,SDL,29,True,,0.06943333333333333,False,"(210, 208)"
DAY-1_UMKM_SDL_030.JPG,/home/tsaga/projects/beefresearch-bima/data/dataset_root/DAY-1/DAY-1_UMKM_SDL_030.JPG,DAY-1,UMKM,SDL,30,True,,0.07137916666666666,False,"(194, 221)"
DAY-1_UMKM_SDL_031.JPG,/home/tsaga/projects/beefresearch-bima/data/dataset_root/DAY-1/DAY-1_UMKM_SDL_031.JPG,DAY-1,UMKM,SDL,31,True,,0.05940625,False,"(180, 224)"
DAY-1_UMKM_SDL_032.JPG,/home/tsaga/projects/beefresearch-bima/data/dataset_root/DAY-1/DAY-1_UMKM_SDL_032.JPG,DAY-1,UMKM,SDL,32,True,,0.0646625,False,"(192, 245)"
DAY-1_UMKM_SDL_033.JPG,/home/tsaga/projects/beefresearch-bima/data/dataset_root/DAY-1/DAY-1_UMKM_SDL_033.JPG,DAY-1,UMKM,SDL,33,True,,0.05304791666666667,False,"(183, 204)"
DAY-1_UMKM_SDL_034.JPG,/home/tsaga/projects/beefresearch-bima/data/dataset_root/DAY-1/DAY-1_UMKM_SDL_034.JPG,DAY-1,UMKM,SDL,34,True,,0.05560416666666667,False,"(176, 223)"
DAY-1_UMKM_SDL_035.JPG,/home/tsaga/projects/beefresearch-bima/data/dataset_root/DAY-1/DAY-1_UMKM_SDL_035.JPG,DAY-1,UMKM,SDL,35,True,,0.056460416666666666,False,"(164, 212)"
DAY-1_UMKM_SDL_036.JPG,/home/tsaga/projects/beefresearch-bima/data/dataset_root/DAY-1/DAY-1_UMKM_SDL_036.JPG,DAY-1,UMKM,SDL,36,True,,0.06082083333333333,False,"(187, 209)"
DAY-1_UMKM_SDL_037.JPG,/home/tsaga/projects/beefresearch-bima/data/dataset_root/DAY-1/DAY-1_UMKM_SDL_037.JPG,DAY-1,UMKM,SDL,37,True,,0.0640125,False,"(188, 218)"
DAY-1_UMKM_SDL_038.JPG,/home/tsaga/projects/beefresearch-bima/data/dataset_root/DAY-1/DAY-1_UMKM_SDL_038.JPG,DAY-1,UMKM,SDL,38,True,,0.06495208333333333,False,"(183, 225)"
DAY-1_UMKM_SDL_039.JPG,/home/tsaga/projects/beefresearch-bima/data/dataset_root/DAY-1/DAY-1_UMKM_SDL_039.JPG,DAY-1,UMKM,SDL,39,True,,0.0622125,False,"(178, 239)"
DAY-1_UMKM_SDL_040.JPG,/home/tsaga/projects/beefresearch-bima/data/dataset_root/DAY-1/DAY-1_UMKM_SDL_040.JPG,DAY-1,UMKM,SDL,40,True,,0.05899375,False,"(179, 241)"
DAY-1_UMKM_SDL_041.JPG,/home/tsaga/projects/beefresearch-bima/data/dataset_root/DAY-1/DAY-1_UMKM_SDL_041.JPG,DAY-1,UMKM,SDL,41,True,,0.04684791666666667,False,"(173, 170)"
DAY-1_UMKM_SDL_042.JPG,/home/tsaga/projects/beefresearch-bima/data/dataset_root/DAY-1/DAY-1_UMKM_SDL_042.JPG,DAY-1,UMKM,SDL,42,True,,0.04530208333333333,False,"(168, 161)"
DAY-1_UMKM_SDL_043.JPG,/home/tsaga/projects/beefresearch-bima/data/dataset_root/DAY-1/DAY-1_UMKM_SDL_043.JPG,DAY-1,UMKM,SDL,43,True,,0.053497916666666666,False,"(170, 206)"
DAY-1_UMKM_SDL_044.JPG,/home/tsaga/projects/beefresearch-bima/data/dataset_root/DAY-1/DAY-1_UMKM_SDL_044.JPG,DAY-1,UMKM,SDL,44,True,,0.05219791666666666,False,"(169, 185)"
DAY-1_UMKM_SDL_045.JPG,/home/tsaga/projects/beefresearch-bima/data/dataset_root/DAY-1/DAY-1_UMKM_SDL_045.JPG,DAY-1,UMKM,SDL,45,True,,0.05283125,False,"(182, 207)"
DAY-1_UMKM_SDL_046.JPG,/home/tsaga/projects/beefresearch-bima/data/dataset_root/DAY-1/DAY-1_UMKM_SDL_046.JPG,DAY-1,UMKM,SDL,46,True,,0.05971041666666667,False,"(191, 232)"
DAY-1_UMKM_SDL_047.JPG,/home/tsaga/projects/beefresearch-bima/data/dataset_root/DAY-1/DAY-1_UMKM_SDL_047.JPG,DAY-1,UMKM,SDL,47,True,,0.05869791666666667,False,"(182, 205)"
DAY-1_UMKM_SDL_048.JPG,/home/tsaga/projects/beefresearch-bima/data/dataset_root/DAY-1/DAY-1_UMKM_SDL_048.JPG,DAY-1,UMKM,SDL,48,True,,0.06080208333333333,False,"(208, 227)"
DAY-1_UMKM_SDL_049.JPG,/home/tsaga/projects/beefresearch-bima/data/dataset_root/DAY-1/DAY-1_UMKM_SDL_049.JPG,DAY-1,UMKM,SDL,49,True,,0.05757291666666667,False,"(181, 237)"
DAY-1_UMKM_SDL_050.JPG,/home/tsaga/projects/beefresearch-bima/data/dataset_root/DAY-1/DAY-1_UMKM_SDL_050.JPG,DAY-1,UMKM,SDL,50,True,,0.058175,False,"(179, 244)"
DAY-1_UMKM_SDL_051.JPG,/home/tsaga/projects/beefresearch-bima/data/dataset_root/DAY-1/DAY-1_UMKM_SDL_051.JPG,DAY-1,UMKM,SDL,51,True,,0.06006458333333333,False,"(189, 251)"
DAY-1_UMKM_SDL_052.JPG,/home/tsaga/projects/beefresearch-bima/data/dataset_root/DAY-1/DAY-1_UMKM_SDL_052.JPG,DAY-1,UMKM,SDL,52,True,,0.060925,False,"(194, 253)"
DAY-1_UMKM_SDL_053.JPG,/home/tsaga/projects/beefresearch-bima/data/dataset_root/DAY-1/DAY-1_UMKM_SDL_053.JPG,DAY-1,UMKM,SDL,53,True,,0.04609791666666667,False,"(141, 215)"
DAY-1_UMKM_SDL_055.JPG,/home/tsaga/projects/beefresearch-bima/data/dataset_root/DAY-1/DAY-1_UMKM_SDL_055.JPG,DAY-1,UMKM,SDL,55,True,,0.05092083333333333,False,"(200, 201)"
DAY-1_UMKM_SDL_056.JPG,/home/tsaga/projects/beefresearch-bima/data/dataset_root/DAY-1/DAY-1_UMKM_SDL_056.JPG,DAY-1,UMKM,SDL,56,True,,0.05142083333333333,False,"(191, 209)"
DAY-1_UMKM_SDL_057.JPG,/home/tsaga/projects/beefresearch-bima/data/dataset_root/DAY-1/DAY-1_UMKM_SDL_057.JPG,DAY-1,UMKM,SDL,57,True,,0.06253333333333333,False,"(170, 236)"
DAY-1_UMKM_SDL_058.JPG,/home/tsaga/projects/beefresearch-bima/data/dataset_root/DAY-1/DAY-1_UMKM_SDL_058.JPG,DAY-1,UMKM,SDL,58,True,,0.06317708333333333,False,"(172, 242)"
DAY-1_UMKM_SDL_059.JPG,/home/tsaga/projects/beefresearch-bima/data/dataset_root/DAY-1/DAY-1_UMKM_SDL_059.JPG,DAY-1,UMKM,SDL,59,True,,0.06983541666666666,False,"(182, 227)"
DAY-1_UMKM_SDL_060.JPG,/home/tsaga/projects/beefresearch-bima/data/dataset_root/DAY-1/DAY-1_UMKM_SDL_060.JPG,DAY-1,UMKM,SDL,60,True,,0.06458333333333334,False,"(177, 208)"
DAY-1_UMKM_SDL_061.JPG,/home/tsaga/projects/beefresearch-bima/data/dataset_root/DAY-1/DAY-1_UMKM_SDL_061.JPG,DAY-1,UMKM,SDL,61,True,,0.05551458333333333,False,"(163, 199)"
DAY-1_UMKM_SDL_062.JPG,/home/tsaga/projects/beefresearch-bima/data/dataset_root/DAY-1/DAY-1_UMKM_SDL_062.JPG,DAY-1,UMKM,SDL,62,True,,0.05621458333333333,False,"(168, 197)"
DAY-1_UMKM_SDL_063.JPG,/home/tsaga/projects/beefresearch-bima/data/dataset_root/DAY-1/DAY-1_UMKM_SDL_063.JPG,DAY-1,UMKM,SDL,63,True,,0.059402083333333335,False,"(156, 234)"
DAY-1_UMKM_SDL_064.JPG,/home/tsaga/projects/beefresearch-bima/data/dataset_root/DAY-1/DAY-1_UMKM_SDL_064.JPG,DAY-1,UMKM,SDL,64,True,,0.06505,False,"(174, 233)"
DAY-1_UMKM_SDL_065.JPG,/home/tsaga/projects/beefresearch-bima/data/dataset_root/DAY-1/DAY-1_UMKM_SDL_065.JPG,DAY-1,UMKM,SDL,65,True,,0.07078333333333334,False,"(205, 208)"
DAY-1_UMKM_SDL_066.JPG,/home/tsaga/projects/beefresearch-bima/data/dataset_root/DAY-1/DAY-1_UMKM_SDL_066.JPG,DAY-1,UMKM,SDL,66,True,,0.07101458333333334,False,"(200, 216)"
DAY-1_UMKM_SDL_067.JPG,/home/tsaga/projects/beefresearch-bima/data/dataset_root/DAY-1/DAY-1_UMKM_SDL_067.JPG,DAY-1,UMKM,SDL,67,True,,0.06697083333333333,False,"(229, 199)"
DAY-1_UMKM_SDL_068.JPG,/home/tsaga/projects/beefresearch-bima/data/dataset_root/DAY-1/DAY-1_UMKM_SDL_068.JPG,DAY-1,UMKM,SDL,68,True,,0.06480833333333333,False,"(209, 195)"
DAY-1_UMKM_SDL_069.JPG,/home/tsaga/projects/beefresearch-bima/data/dataset_root/DAY-1/DAY-1_UMKM_SDL_069.JPG,DAY-1,UMKM,SDL,69,True,,0.055120833333333334,False,"(155, 220)"
DAY-1_UMKM_SDL_070.JPG,/home/tsaga/projects/beefresearch-bima/data/dataset_root/DAY-1/DAY-1_UMKM_SDL_070.JPG,DAY-1,UMKM,SDL,70,True,,0.056979166666666664,False,"(162, 228)"
DAY-1_UMKM_SDL_071.JPG,/home/tsaga/projects/beefresearch-bima/data/dataset_root/DAY-1/DAY-1_UMKM_SDL_071.JPG,DAY-1,UMKM,SDL,71,True,,0.06051666666666667,False,"(177, 217)"
DAY-1_UMKM_SDL_072.JPG,/home/tsaga/projects/beefresearch-bima/data/dataset_root/DAY-1/DAY-1_UMKM_SDL_072.JPG,DAY-1,UMKM,SDL,72,True,,0.06289583333333333,False,"(170, 221)"
DAY-1_UMKM_SDL_073.JPG,/home/tsaga/projects/beefresearch-bima/data/dataset_root/DAY-1/DAY-1_UMKM_SDL_073.JPG,DAY-1,UMKM,SDL,73,True,,0.04604166666666667,False,"(174, 226)"
DAY-1_UMKM_SDL_074.JPG,/home/tsaga/projects/beefresearch-bima/data/dataset_root/DAY-1/DAY-1_UMKM_SDL_074.JPG,DAY-1,UMKM,SDL,74,True,,0.041610416666666664,False,"(164, 194)"
DAY-1_UMKM_SDL_075.JPG,/home/tsaga/projects/beefresearch-bima/data/dataset_root/DAY-1/DAY-1_UMKM_SDL_075.JPG,DAY-1,UMKM,SDL,75,True,,0.05294583333333333,False,"(165, 204)"
DAY-1_UMKM_SDL_076.JPG,/home/tsaga/projects/beefresearch-bima/data/dataset_root/DAY-1/DAY-1_UMKM_SDL_076.JPG,DAY-1,UMKM,SDL,76,True,,0.05802291666666667,False,"(172, 214)"
DAY-1_UMKM_SDL_077.JPG,/home/tsaga/projects/beefresearch-bima/data/dataset_root/DAY-1/DAY-1_UMKM_SDL_077.JPG,DAY-1,UMKM,SDL,77,True,,0.0652,False,"(183, 255)"
DAY-1_UMKM_SDL_078.JPG,/home/tsaga/projects/beefresearch-bima/data/dataset_root/DAY-1/DAY-1_UMKM_SDL_078.JPG,DAY-1,UMKM,SDL,78,True,,0.06266041666666666,False,"(179, 238)"
DAY-1_UMKM_SDL_079.JPG,/home/tsaga/projects/beefresearch-bima/data/dataset_root/DAY-1/DAY-1_UMKM_SDL_079.JPG,DAY-1,UMKM,SDL,79,True,,0.06790625,False,"(191, 218)"
DAY-1_UMKM_SDL_080.JPG,/home/tsaga/projects/beefresearch-bima/data/dataset_root/DAY-1/DAY-1_UMKM_SDL_080.JPG,DAY-1,UMKM,SDL,80,True,,0.0705375,False,"(208, 244)"
DAY-1_UMKM_SDL_081.JPG,/home/tsaga/projects/beefresearch-bima/data/dataset_root/DAY-1/DAY-1_UMKM_SDL_081.JPG,DAY-1,UMKM,SDL,81,True,,0.06071041666666667,False,"(175, 212)"
DAY-1_UMKM_SDL_082.JPG,/home/tsaga/projects/beefresearch-bima/data/dataset_root/DAY-1/DAY-1_UMKM_SDL_082.JPG,DAY-1,UMKM,SDL,82,True,,0.06111041666666667,False,"(176, 217)"
DAY-1_UMKM_SDL_083.JPG,/home/tsaga/projects/beefresearch-bima/data/dataset_root/DAY-1/DAY-1_UMKM_SDL_083.JPG,DAY-1,UMKM,SDL,83,True,,0.05944583333333334,False,"(177, 237)"
DAY-1_UMKM_SDL_084.JPG,/home/tsaga/projects/beefresearch-bima/data/dataset_root/DAY-1/DAY-1_UMKM_SDL_084.JPG,DAY-1,UMKM,SDL,84,True,,0.059747916666666664,False,"(174, 242)"
DAY-1_UMKM_SDL_085.JPG,/home/tsaga/projects/beefresearch-bima/data/dataset_root/DAY-1/DAY-1_UMKM_SDL_085.JPG,DAY-1,UMKM,SDL,85,True,,0.06320833333333334,False,"(188, 230)"
DAY-1_UMKM_SDL_086.JPG,/home/tsaga/projects/beefresearch-bima/data/dataset_root/DAY-1/DAY-1_UMKM_SDL_086.JPG,DAY-1,UMKM,SDL,86,True,,0.0645875,False,"(181, 233)"
DAY-1_UMKM_SDL_087.JPG,/home/tsaga/projects/beefresearch-bima/data/dataset_root/DAY-1/DAY-1_UMKM_SDL_087.JPG,DAY-1,UMKM,SDL,87,True,,0.06259375,False,"(173, 239)"
DAY-1_UMKM_SDL_088.JPG,/home/tsaga/projects/beefresearch-bima/data/dataset_root/DAY-1/DAY-1_UMKM_SDL_088.JPG,DAY-1,UMKM,SDL,88,True,,0.06331041666666666,False,"(175, 236)"
DAY-1_UMKM_SDL_089.JPG,/home/tsaga/projects/beefresearch-bima/data/dataset_root/DAY-1/DAY-1_UMKM_SDL_089.JPG,DAY-1,UMKM,SDL,89,True,,0.06794583333333333,False,"(193, 231)"
DAY-1_UMKM_SDL_090.JPG,/home/tsaga/projects/beefresearch-bima/data/dataset_root/DAY-1/DAY-1_UMKM_SDL_090.JPG,DAY-1,UMKM,SDL,90,True,,0.0665625,False,"(176, 236)"
DAY-1_UMKM_SDL_091.JPG,/home/tsaga/projects/beefresearch-bima/data/dataset_root/DAY-1/DAY-1_UMKM_SDL_091.JPG,DAY-1,UMKM,SDL,91,True,,0.06154375,False,"(185, 214)"
DAY-1_UMKM_SDL_092.JPG,/home/tsaga/projects/beefresearch-bima/data/dataset_root/DAY-1/DAY-1_UMKM_SDL_092.JPG,DAY-1,UMKM,SDL,92,True,,0.060191666666666664,False,"(188, 212)"
DAY-1_UMKM_SDL_094.JPG,/home/tsaga/projects/beefresearch-bima/data/dataset_root/DAY-1/DAY-1_UMKM_SDL_094.JPG,DAY-1,UMKM,SDL,94,True,,0.05306875,False,"(159, 212)"
DAY-1_UMKM_SDL_095.JPG,/home/tsaga/projects/beefresearch-bima/data/dataset_root/DAY-1/DAY-1_UMKM_SDL_095.JPG,DAY-1,UMKM,SDL,95,True,,0.05639583333333333,False,"(170, 214)"
DAY-1_UMKM_SDL_096.JPG,/home/tsaga/projects/beefresearch-bima/data/dataset_root/DAY-1/DAY-1_UMKM_SDL_096.JPG,DAY-1,UMKM,SDL,96,True,,0.06280833333333333,False,"(183, 232)"
DAY-1_UMKM_SDL_097.JPG,/home/tsaga/projects/beefresearch-bima/data/dataset_root/DAY-1/DAY-1_UMKM_SDL_097.JPG,DAY-1,UMKM,SDL,97,True,,0.049383333333333335,False,"(167, 237)"
DAY-1_UMKM_SDL_098.JPG,/home/tsaga/projects/beefresearch-bima/data/dataset_root/DAY-1/DAY-1_UMKM_SDL_098.JPG,DAY-1,UMKM,SDL,98,True,,0.051741666666666665,False,"(178, 242)"
DAY-1_UMKM_SDL_099.JPG,/home/tsaga/projects/beefresearch-bima/data/dataset_root/DAY-1/DAY-1_UMKM_SDL_099.JPG,DAY-1,UMKM,SDL,99,True,,0.053997916666666666,False,"(191, 182)"
DAY-1_UMKM_SDL_100.JPG,/home/tsaga/projects/beefresearch-bima/data/dataset_root/DAY-1/DAY-1_UMKM_SDL_100.JPG,DAY-1,UMKM,SDL,100,True,,0.05596875,False,"(197, 193)"
DAY-1_UMKM_SDL_101.JPG,/home/tsaga/projects/beefresearch-bima/data/dataset_root/DAY-1/DAY-1_UMKM_SDL_101.JPG,DAY-1,UMKM,SDL,101,True,,0.06386458333333334,False,"(190, 208)"
DAY-1_UMKM_SDL_102.JPG,/home/tsaga/projects/beefresearch-bima/data/dataset_root/DAY-1/DAY-1_UMKM_SDL_102.JPG,DAY-1,UMKM,SDL,102,True,,0.07030208333333333,False,"(197, 216)"
DAY-1_UMKM_SDL_103.JPG,/home/tsaga/projects/beefresearch-bima/data/dataset_root/DAY-1/DAY-1_UMKM_SDL_103.JPG,DAY-1,UMKM,SDL,103,True,,0.043560416666666664,False,"(163, 183)"
DAY-1_UMKM_SDL_104.JPG,/home/tsaga/projects/beefresearch-bima/data/dataset_root/DAY-1/DAY-1_UMKM_SDL_104.JPG,DAY-1,UMKM,SDL,104,True,,0.041995833333333336,False,"(161, 181)"
DAY-1_UMKM_SDL_105.JPG,/home/tsaga/projects/beefresearch-bima/data/dataset_root/DAY-1/DAY-1_UMKM_SDL_105.JPG,DAY-1,UMKM,SDL,105,True,,0.05194791666666667,False,"(159, 210)"
DAY-1_UMKM_SDL_107.JPG,/home/tsaga/projects/beefresearch-bima/data/dataset_root/DAY-1/DAY-1_UMKM_SDL_107.JPG,DAY-1,UMKM,SDL,107,True,,0.058297916666666665,False,"(177, 207)"
DAY-1_UMKM_SDL_108.JPG,/home/tsaga/projects/beefresearch-bima/data/dataset_root/DAY-1/DAY-1_UMKM_SDL_108.JPG,DAY-1,UMKM,SDL,108,True,,0.05962083333333333,False,"(183, 194)"
DAY-1_UMKM_SDL_109.JPG,/home/tsaga/projects/beefresearch-bima/data/dataset_root/DAY-1/DAY-1_UMKM_SDL_109.JPG,DAY-1,UMKM,SDL,109,True,,0.04986875,False,"(190, 205)"
DAY-1_UMKM_SDL_110.JPG,/home/tsaga/projects/beefresearch-bima/data/dataset_root/DAY-1/DAY-1_UMKM_SDL_110.JPG,DAY-1,UMKM,SDL,110,True,,0.05122291666666667,False,"(183, 215)"
DAY-1_UMKM_SDL_111.JPG,/home/tsaga/projects/beefresearch-bima/data/dataset_root/DAY-1/DAY-1_UMKM_SDL_111.JPG,DAY-1,UMKM,SDL,111,True,,0.056647916666666666,False,"(195, 221)"
DAY-1_UMKM_SDL_112.JPG,/home/tsaga/projects/beefresearch-bima/data/dataset_root/DAY-1/DAY-1_UMKM_SDL_112.JPG,DAY-1,UMKM,SDL,112,True,,0.05853125,False,"(178, 212)"
DAY-1_UMKM_SDL_113.JPG,/home/tsaga/projects/beefresearch-bima/data/dataset_root/DAY-1/DAY-1_UMKM_SDL_113.JPG,DAY-1,UMKM,SDL,113,True,,0.05230833333333333,False,"(175, 201)"
DAY-1_UMKM_SDL_114.JPG,/home/tsaga/projects/beefresearch-bima/data/dataset_root/DAY-1/DAY-1_UMKM_SDL_114.JPG,DAY-1,UMKM,SDL,114,True,,0.05615,False,"(181, 233)"
DAY-1_UMKM_SDL_115.JPG,/home/tsaga/projects/beefresearch-bima/data/dataset_root/DAY-1/DAY-1_UMKM_SDL_115.JPG,DAY-1,UMKM,SDL,115,True,,0.057666666666666665,False,"(184, 216)"
DAY-1_UMKM_SDL_116.JPG,/home/tsaga/projects/beefresearch-bima/data/dataset_root/DAY-1/DAY-1_UMKM_SDL_116.JPG,DAY-1,UMKM,SDL,116,True,,0.056341666666666665,False,"(184, 223)"
DAY-1_UMKM_SDL_117.JPG,/home/tsaga/projects/beefresearch-bima/data/dataset_root/DAY-1/DAY-1_UMKM_SDL_117.JPG,DAY-1,UMKM,SDL,117,True,,0.0659375,False,"(200, 222)"
DAY-1_UMKM_SDL_118.JPG,/home/tsaga/projects/beefresearch-bima/data/dataset_root/DAY-1/DAY-1_UMKM_SDL_118.JPG,DAY-1,UMKM,SDL,118,True,,0.06990625,False,"(205, 224)"
DAY-1_UMKM_SDL_119.JPG,/home/tsaga/projects/beefresearch-bima/data/dataset_root/DAY-1/DAY-1_UMKM_SDL_119.JPG,DAY-1,UMKM,SDL,119,True,,0.061135416666666664,False,"(169, 222)"
DAY-1_UMKM_SDL_120.JPG,/home/tsaga/projects/beefresearch-bima/data/dataset_root/DAY-1/DAY-1_UMKM_SDL_120.JPG,DAY-1,UMKM,SDL,120,True,,0.10355416666666667,False,"(312, 311)"
DAY-1_UMKM_SDL_121.JPG,/home/tsaga/projects/beefresearch-bima/data/dataset_root/DAY-1/DAY-1_UMKM_SDL_121.JPG,DAY-1,UMKM,SDL,121,True,,0.07010416666666666,False,"(313, 197)"
DAY-1_UMKM_SDL_122.JPG,/home/tsaga/projects/beefresearch-bima/data/dataset_root/DAY-1/DAY-1_UMKM_SDL_122.JPG,DAY-1,UMKM,SDL,122,True,,0.04659791666666667,False,"(161, 188)"
DAY-1_UMKM_SDL_123.JPG,/home/tsaga/projects/beefresearch-bima/data/dataset_root/DAY-1/DAY-1_UMKM_SDL_123.JPG,DAY-1,UMKM,SDL,123,True,,0.05424375,False,"(176, 191)"
DAY-1_UMKM_SDL_124.JPG,/home/tsaga/projects/beefresearch-bima/data/dataset_root/DAY-1/DAY-1_UMKM_SDL_124.JPG,DAY-1,UMKM,SDL,124,True,,0.05440416666666667,False,"(176, 189)"
DAY-1_UMKM_SDL_125.JPG,/home/tsaga/projects/beefresearch-bima/data/dataset_root/DAY-1/DAY-1_UMKM_SDL_125.JPG,DAY-1,UMKM,SDL,125,True,,0.053839583333333337,False,"(171, 205)"
DAY-1_UMKM_SDL_126.JPG,/home/tsaga/projects/beefresearch-bima/data/dataset_root/DAY-1/DAY-1_UMKM_SDL_126.JPG,DAY-1,UMKM,SDL,126,True,,0.04977291666666667,False,"(163, 191)"
DAY-1_UMKM_SDL_127.JPG,/home/tsaga/projects/beefresearch-bima/data/dataset_root/DAY-1/DAY-1_UMKM_SDL_127.JPG,DAY-1,UMKM,SDL,127,True,,0.048814583333333335,False,"(150, 190)"
DAY-1_UMKM_SDL_128.JPG,/home/tsaga/projects/beefresearch-bima/data/dataset_root/DAY-1/DAY-1_UMKM_SDL_128.JPG,DAY-1,UMKM,SDL,128,True,,0.044866666666666666,False,"(149, 188)"
DAY-1_UMKM_SDL_129.JPG,/home/tsaga/projects/beefresearch-bima/data/dataset_root/DAY-1/DAY-1_UMKM_SDL_129.JPG,DAY-1,UMKM,SDL,129,True,,0.07009375,False,"(207, 262)"
DAY-1_UMKM_SDL_130.JPG,/home/tsaga/projects/beefresearch-bima/data/dataset_root/DAY-1/DAY-1_UMKM_SDL_130.JPG,DAY-1,UMKM,SDL,130,True,,0.074925,False,"(223, 243)"
DAY-1_UMKM_SDL_131.JPG,/home/tsaga/projects/beefresearch-bima/data/dataset_root/DAY-1/DAY-1_UMKM_SDL_131.JPG,DAY-1,UMKM,SDL,131,True,,0.05413958333333333,False,"(178, 201)"
DAY-1_UMKM_SDL_132.JPG,/home/tsaga/projects/beefresearch-bima/data/dataset_root/DAY-1/DAY-1_UMKM_SDL_132.JPG,DAY-1,UMKM,SDL,132,True,,0.05332708333333333,False,"(173, 195)"
DAY-1_UMKM_SDL_133.JPG,/home/tsaga/projects/beefresearch-bima/data/dataset_root/DAY-1/DAY-1_UMKM_SDL_133.JPG,DAY-1,UMKM,SDL,133,True,,0.05735625,False,"(169, 212)"
DAY-1_UMKM_SDL_134.JPG,/home/tsaga/projects/beefresearch-bima/data/dataset_root/DAY-1/DAY-1_UMKM_SDL_134.JPG,DAY-1,UMKM,SDL,134,True,,0.05779583333333333,False,"(183, 201)"
DAY-1_UMKM_SDL_135.JPG,/home/tsaga/projects/beefresearch-bima/data/dataset_root/DAY-1/DAY-1_UMKM_SDL_135.JPG,DAY-1,UMKM,SDL,135,True,,0.05982291666666667,False,"(181, 228)"
DAY-1_UMKM_SDL_136.JPG,/home/tsaga/projects/beefresearch-bima/data/dataset_root/DAY-1/DAY-1_UMKM_SDL_136.JPG,DAY-1,UMKM,SDL,136,True,,0.06218125,False,"(188, 213)"
DAY-1_UMKM_SDL_137.JPG,/home/tsaga/projects/beefresearch-bima/data/dataset_root/DAY-1/DAY-1_UMKM_SDL_137.JPG,DAY-1,UMKM,SDL,137,True,,0.0573125,False,"(201, 181)"
DAY-1_UMKM_SDL_138.JPG,/home/tsaga/projects/beefresearch-bima/data/dataset_root/DAY-1/DAY-1_UMKM_SDL_138.JPG,DAY-1,UMKM,SDL,138,True,,0.06322083333333334,False,"(204, 204)"
DAY-1_UMKM_SDL_139.JPG,/home/tsaga/projects/beefresearch-bima/data/dataset_root/DAY-1/DAY-1_UMKM_SDL_139.JPG,DAY-1,UMKM,SDL,139,True,,0.06318125,False,"(192, 225)"
DAY-1_UMKM_SDL_140.JPG,/home/tsaga/projects/beefresearch-bima/data/dataset_root/DAY-1/DAY-1_UMKM_SDL_140.JPG,DAY-1,UMKM,SDL,140,True,,0.058077083333333335,False,"(193, 220)"
DAY-1_UMKM_SKL_001.JPG,/home/tsaga/projects/beefresearch-bima/data/dataset_root/DAY-1/DAY-1_UMKM_SKL_001.JPG,DAY-1,UMKM,SKL,1,True,,0.04701458333333333,False,"(157, 174)"
DAY-1_UMKM_SKL_002.JPG,/home/tsaga/projects/beefresearch-bima/data/dataset_root/DAY-1/DAY-1_UMKM_SKL_002.JPG,DAY-1,UMKM,SKL,2,True,,0.047085416666666664,False,"(161, 173)"
DAY-1_UMKM_SKL_003.JPG,/home/tsaga/projects/beefresearch-bima/data/dataset_root/DAY-1/DAY-1_UMKM_SKL_003.JPG,DAY-1,UMKM,SKL,3,True,,0.0487625,False,"(157, 191)"
DAY-1_UMKM_SKL_004.JPG,/home/tsaga/projects/beefresearch-bima/data/dataset_root/DAY-1/DAY-1_UMKM_SKL_004.JPG,DAY-1,UMKM,SKL,4,True,,0.053947916666666665,False,"(159, 209)"
DAY-1_UMKM_SKL_005.JPG,/home/tsaga/projects/beefresearch-bima/data/dataset_root/DAY-1/DAY-1_UMKM_SKL_005.JPG,DAY-1,UMKM,SKL,5,True,,0.056245833333333335,False,"(173, 190)"
DAY-1_UMKM_SKL_006.JPG,/home/tsaga/projects/beefresearch-bima/data/dataset_root/DAY-1/DAY-1_UMKM_SKL_006.JPG,DAY-1,UMKM,SKL,6,True,,0.054760416666666666,False,"(174, 185)"
DAY-1_UMKM_SKL_007.JPG,/home/tsaga/projects/beefresearch-bima/data/dataset_root/DAY-1/DAY-1_UMKM_SKL_007.JPG,DAY-1,UMKM,SKL,7,True,,0.06907083333333333,False,"(218, 183)"
DAY-1_UMKM_SKL_008.JPG,/home/tsaga/projects/beefresearch-bima/data/dataset_root/DAY-1/DAY-1_UMKM_SKL_008.JPG,DAY-1,UMKM,SKL,8,True,,0.06461458333333334,False,"(226, 188)"
DAY-1_UMKM_SKL_009.JPG,/home/tsaga/projects/beefresearch-bima/data/dataset_root/DAY-1/DAY-1_UMKM_SKL_009.JPG,DAY-1,UMKM,SKL,9,True,,0.0437875,False,"(146, 189)"
DAY-1_UMKM_SKL_010.JPG,/home/tsaga/projects/beefresearch-bima/data/dataset_root/DAY-1/DAY-1_UMKM_SKL_010.JPG,DAY-1,UMKM,SKL,10,True,,0.042577083333333335,False,"(137, 193)"
DAY-1_UMKM_SKL_011.JPG,/home/tsaga/projects/beefresearch-bima/data/dataset_root/DAY-1/DAY-1_UMKM_SKL_011.JPG,DAY-1,UMKM,SKL,11,True,,0.06173541666666667,False,"(169, 227)"
DAY-1_UMKM_SKL_012.JPG,/home/tsaga/projects/beefresearch-bima/data/dataset_root/DAY-1/DAY-1_UMKM_SKL_012.JPG,DAY-1,UMKM,SKL,12,True,,0.0613375,False,"(155, 227)"
DAY-1_UMKM_SKL_013.JPG,/home/tsaga/projects/beefresearch-bima/data/dataset_root/DAY-1/DAY-1_UMKM_SKL_013.JPG,DAY-1,UMKM,SKL,13,True,,0.047745833333333335,False,"(153, 192)"
DAY-1_UMKM_SKL_014.JPG,/home/tsaga/projects/beefresearch-bima/data/dataset_root/DAY-1/DAY-1_UMKM_SKL_014.JPG,DAY-1,UMKM,SKL,14,True,,0.04881041666666667,False,"(149, 192)"
DAY-1_UMKM_SKL_015.JPG,/home/tsaga/projects/beefresearch-bima/data/dataset_root/DAY-1/DAY-1_UMKM_SKL_015.JPG,DAY-1,UMKM,SKL,15,True,,0.0479,False,"(165, 180)"
DAY-1_UMKM_SKL_016.JPG,/home/tsaga/projects/beefresearch-bima/data/dataset_root/DAY-1/DAY-1_UMKM_SKL_016.JPG,DAY-1,UMKM,SKL,16,True,,0.051291666666666666,False,"(163, 186)"
DAY-1_UMKM_SKL_017.JPG,/home/tsaga/projects/beefresearch-bima/data/dataset_root/DAY-1/DAY-1_UMKM_SKL_017.JPG,DAY-1,UMKM,SKL,17,True,,0.052345833333333334,False,"(171, 181)"
DAY-1_UMKM_SKL_018.JPG,/home/tsaga/projects/beefresearch-bima/data/dataset_root/DAY-1/DAY-1_UMKM_SKL_018.JPG,DAY-1,UMKM,SKL,18,True,,0.05008541666666667,False,"(160, 183)"
DAY-1_UMKM_SKL_019.JPG,/home/tsaga/projects/beefresearch-bima/data/dataset_root/DAY-1/DAY-1_UMKM_SKL_019.JPG,DAY-1,UMKM,SKL,19,True,,0.048883333333333334,False,"(157, 186)"
DAY-1_UMKM_SKL_020.JPG,/home/tsaga/projects/beefresearch-bima/data/dataset_root/DAY-1/DAY-1_UMKM_SKL_020.JPG,DAY-1,UMKM,SKL,20,True,,0.0506375,False,"(161, 191)"
DAY-1_UMKM_SKL_021.JPG,/home/tsaga/projects/beefresearch-bima/data/dataset_root/DAY-1/DAY-1_UMKM_SKL_021.JPG,DAY-1,UMKM,SKL,21,True,,0.047725,False,"(174, 196)"
DAY-1_UMKM_SKL_022.JPG,/home/tsaga/projects/beefresearch-bima/data/dataset_root/DAY-1/DAY-1_UMKM_SKL_022.JPG,DAY-1,UMKM,SKL,22,True,,0.046391666666666664,False,"(146, 190)"
DAY-1_UMKM_SKL_023.JPG,/home/tsaga/projects/beefresearch-bima/data/dataset_root/DAY-1/DAY-1_UMKM_SKL_023.JPG,DAY-1,UMKM,SKL,23,True,,0.04193541666666667,False,"(153, 170)"
DAY-1_UMKM_SKL_024.JPG,/home/tsaga/projects/beefresearch-bima/data/dataset_root/DAY-1/DAY-1_UMKM_SKL_024.JPG,DAY-1,UMKM,SKL,24,True,,0.043179166666666664,False,"(153, 167)"
DAY-1_UMKM_SKL_025.JPG,/home/tsaga/projects/beefresearch-bima/data/dataset_root/DAY-1/DAY-1_UMKM_SKL_025.JPG,DAY-1,UMKM,SKL,25,True,,0.05371875,False,"(153, 233)"
DAY-1_UMKM_SKL_026.JPG,/home/tsaga/projects/beefresearch-bima/data/dataset_root/DAY-1/DAY-1_UMKM_SKL_026.JPG,DAY-1,UMKM,SKL,26,True,,0.054125,False,"(194, 197)"
DAY-1_UMKM_SKL_027.JPG,/home/tsaga/projects/beefresearch-bima/data/dataset_root/DAY-1/DAY-1_UMKM_SKL_027.JPG,DAY-1,UMKM,SKL,27,True,,0.061125,False,"(196, 186)"
DAY-1_UMKM_SKL_028.JPG,/home/tsaga/projects/beefresearch-bima/data/dataset_root/DAY-1/DAY-1_UMKM_SKL_028.JPG,DAY-1,UMKM,SKL,28,True,,0.055641666666666666,False,"(175, 195)"
DAY-1_UMKM_SKL_029.JPG,/home/tsaga/projects/beefresearch-bima/data/dataset_root/DAY-1/DAY-1_UMKM_SKL_029.JPG,DAY-1,UMKM,SKL,29,True,,0.05529166666666667,False,"(172, 200)"
DAY-1_UMKM_SKL_030.JPG,/home/tsaga/projects/beefresearch-bima/data/dataset_root/DAY-1/DAY-1_UMKM_SKL_030.JPG,DAY-1,UMKM,SKL,30,True,,0.03741666666666667,False,"(168, 189)"
DAY-1_UMKM_SKL_031.JPG,/home/tsaga/projects/beefresearch-bima/data/dataset_root/DAY-1/DAY-1_UMKM_SKL_031.JPG,DAY-1,UMKM,SKL,31,True,,0.04757708333333333,False,"(155, 180)"
DAY-1_UMKM_SKL_032.JPG,/home/tsaga/projects/beefresearch-bima/data/dataset_root/DAY-1/DAY-1_UMKM_SKL_032.JPG,DAY-1,UMKM,SKL,32,True,,0.048335416666666665,False,"(161, 184)"
DAY-1_UMKM_SKL_033.JPG,/home/tsaga/projects/beefresearch-bima/data/dataset_root/DAY-1/DAY-1_UMKM_SKL_033.JPG,DAY-1,UMKM,SKL,33,True,,0.05064166666666667,False,"(169, 178)"
DAY-1_UMKM_SKL_034.JPG,/home/tsaga/projects/beefresearch-bima/data/dataset_root/DAY-1/DAY-1_UMKM_SKL_034.JPG,DAY-1,UMKM,SKL,34,True,,0.048716666666666665,False,"(166, 176)"
DAY-1_UMKM_SKL_035.JPG,/home/tsaga/projects/beefresearch-bima/data/dataset_root/DAY-1/DAY-1_UMKM_SKL_035.JPG,DAY-1,UMKM,SKL,35,True,,0.04610416666666667,False,"(176, 187)"
DAY-1_UMKM_SKL_036.JPG,/home/tsaga/projects/beefresearch-bima/data/dataset_root/DAY-1/DAY-1_UMKM_SKL_036.JPG,DAY-1,UMKM,SKL,36,True,,0.05343958333333333,False,"(173, 187)"
DAY-1_UMKM_SKL_037.JPG,/home/tsaga/projects/beefresearch-bima/data/dataset_root/DAY-1/DAY-1_UMKM_SKL_037.JPG,DAY-1,UMKM,SKL,37,True,,0.04532083333333333,False,"(151, 190)"
DAY-1_UMKM_SKL_038.JPG,/home/tsaga/projects/beefresearch-bima/data/dataset_root/DAY-1/DAY-1_UMKM_SKL_038.JPG,DAY-1,UMKM,SKL,38,True,,0.045441666666666665,False,"(172, 177)"
DAY-1_UMKM_SKL_039.JPG,/home/tsaga/projects/beefresearch-bima/data/dataset_root/DAY-1/DAY-1_UMKM_SKL_039.JPG,DAY-1,UMKM,SKL,39,True,,0.04354375,False,"(154, 159)"
DAY-1_UMKM_SKL_040.JPG,/home/tsaga/projects/beefresearch-bima/data/dataset_root/DAY-1/DAY-1_UMKM_SKL_040.JPG,DAY-1,UMKM,SKL,40,True,,0.045616666666666666,False,"(155, 165)"
DAY-1_UMKM_SKL_041.JPG,/home/tsaga/projects/beefresearch-bima/data/dataset_root/DAY-1/DAY-1_UMKM_SKL_041.JPG,DAY-1,UMKM,SKL,41,True,,0.039102083333333336,False,"(159, 156)"
DAY-1_UMKM_SKL_042.JPG,/home/tsaga/projects/beefresearch-bima/data/dataset_root/DAY-1/DAY-1_UMKM_SKL_042.JPG,DAY-1,UMKM,SKL,42,True,,0.038835416666666664,False,"(164, 158)"
DAY-1_UMKM_SKL_043.JPG,/home/tsaga/projects/beefresearch-bima/data/dataset_root/DAY-1/DAY-1_UMKM_SKL_043.JPG,DAY-1,UMKM,SKL,43,True,,0.042889583333333335,False,"(136, 199)"
DAY-1_UMKM_SKL_044.JPG,/home/tsaga/projects/beefresearch-bima/data/dataset_root/DAY-1/DAY-1_UMKM_SKL_044.JPG,DAY-1,UMKM,SKL,44,True,,0.041939583333333336,False,"(150, 191)"
DAY-1_UMKM_SKL_045.JPG,/home/tsaga/projects/beefresearch-bima/data/dataset_root/DAY-1/DAY-1_UMKM_SKL_045.JPG,DAY-1,UMKM,SKL,45,True,,0.04995416666666667,False,"(157, 198)"
DAY-1_UMKM_SKL_046.JPG,/home/tsaga/projects/beefresearch-bima/data/dataset_root/DAY-1/DAY-1_UMKM_SKL_046.JPG,DAY-1,UMKM,SKL,46,True,,0.05068333333333333,False,"(162, 194)"
DAY-1_UMKM_SKL_047.JPG,/home/tsaga/projects/beefresearch-bima/data/dataset_root/DAY-1/DAY-1_UMKM_SKL_047.JPG,DAY-1,UMKM,SKL,47,True,,0.05314791666666667,False,"(177, 188)"
DAY-1_UMKM_SKL_048.JPG,/home/tsaga/projects/beefresearch-bima/data/dataset_root/DAY-1/DAY-1_UMKM_SKL_048.JPG,DAY-1,UMKM,SKL,48,True,,0.0507,False,"(151, 197)"
DAY-1_UMKM_SKL_049.JPG,/home/tsaga/projects/beefresearch-bima/data/dataset_root/DAY-1/DAY-1_UMKM_SKL_049.JPG,DAY-1,UMKM,SKL,49,True,,0.05402916666666667,False,"(191, 195)"
DAY-1_UMKM_SKL_050.JPG,/home/tsaga/projects/beefresearch-bima/data/dataset_root/DAY-1/DAY-1_UMKM_SKL_050.JPG,DAY-1,UMKM,SKL,50,True,,0.054325,False,"(180, 191)"
DAY-1_UMKM_SKL_051.JPG,/home/tsaga/projects/beefresearch-bima/data/dataset_root/DAY-1/DAY-1_UMKM_SKL_051.JPG,DAY-1,UMKM,SKL,51,True,,0.05979166666666667,False,"(167, 221)"
DAY-1_UMKM_SKL_052.JPG,/home/tsaga/projects/beefresearch-bima/data/dataset_root/DAY-1/DAY-1_UMKM_SKL_052.JPG,DAY-1,UMKM,SKL,52,True,,0.057383333333333335,False,"(170, 223)"
DAY-1_UMKM_SKL_053.JPG,/home/tsaga/projects/beefresearch-bima/data/dataset_root/DAY-1/DAY-1_UMKM_SKL_053.JPG,DAY-1,UMKM,SKL,53,True,,0.04814583333333333,False,"(187, 217)"
DAY-1_UMKM_SKL_054.JPG,/home/tsaga/projects/beefresearch-bima/data/dataset_root/DAY-1/DAY-1_UMKM_SKL_054.JPG,DAY-1,UMKM,SKL,54,True,,0.04525625,False,"(162, 196)"
DAY-1_UMKM_SKL_055.JPG,/home/tsaga/projects/beefresearch-bima/data/dataset_root/DAY-1/DAY-1_UMKM_SKL_055.JPG,DAY-1,UMKM,SKL,55,True,,0.055370833333333334,False,"(152, 212)"
DAY-1_UMKM_SKL_056.JPG,/home/tsaga/projects/beefresearch-bima/data/dataset_root/DAY-1/DAY-1_UMKM_SKL_056.JPG,DAY-1,UMKM,SKL,56,True,,0.05525416666666667,False,"(150, 215)"
DAY-1_UMKM_SKL_057.JPG,/home/tsaga/projects/beefresearch-bima/data/dataset_root/DAY-1/DAY-1_UMKM_SKL_057.JPG,DAY-1,UMKM,SKL,57,True,,0.06556875,False,"(192, 204)"
DAY-1_UMKM_SKL_058.JPG,/home/tsaga/projects/beefresearch-bima/data/dataset_root/DAY-1/DAY-1_UMKM_SKL_058.JPG,DAY-1,UMKM,SKL,58,True,,0.05993958333333333,False,"(168, 205)"
DAY-1_UMKM_SKL_059.JPG,/home/tsaga/projects/beefresearch-bima/data/dataset_root/DAY-1/DAY-1_UMKM_SKL_059.JPG,DAY-1,UMKM,SKL,59,True,,0.05512916666666667,False,"(164, 210)"
DAY-1_UMKM_SKL_060.JPG,/home/tsaga/projects/beefresearch-bima/data/dataset_root/DAY-1/DAY-1_UMKM_SKL_060.JPG,DAY-1,UMKM,SKL,60,True,,0.05681041666666667,False,"(173, 208)"
DAY-1_UMKM_SKL_061.JPG,/home/tsaga/projects/beefresearch-bima/data/dataset_root/DAY-1/DAY-1_UMKM_SKL_061.JPG,DAY-1,UMKM,SKL,61,True,,0.05787083333333334,False,"(168, 221)"
DAY-1_UMKM_SKL_062.JPG,/home/tsaga/projects/beefresearch-bima/data/dataset_root/DAY-1/DAY-1_UMKM_SKL_062.JPG,DAY-1,UMKM,SKL,62,True,,0.05757291666666667,False,"(201, 205)"
DAY-1_UMKM_SKL_063.JPG,/home/tsaga/projects/beefresearch-bima/data/dataset_root/DAY-1/DAY-1_UMKM_SKL_063.JPG,DAY-1,UMKM,SKL,63,True,,0.04265625,False,"(156, 159)"
DAY-1_UMKM_SKL_064.JPG,/home/tsaga/projects/beefresearch-bima/data/dataset_root/DAY-1/DAY-1_UMKM_SKL_064.JPG,DAY-1,UMKM,SKL,64,True,,0.045277083333333336,False,"(164, 172)"
DAY-1_UMKM_SKL_065.JPG,/home/tsaga/projects/beefresearch-bima/data/dataset_root/DAY-1/DAY-1_UMKM_SKL_065.JPG,DAY-1,UMKM,SKL,65,True,,0.06110416666666667,False,"(199, 204)"
DAY-1_UMKM_SKL_066.JPG,/home/tsaga/projects/beefresearch-bima/data/dataset_root/DAY-1/DAY-1_UMKM_SKL_066.JPG,DAY-1,UMKM,SKL,66,True,,0.056933333333333336,False,"(168, 214)"
DAY-1_UMKM_SKL_067.JPG,/home/tsaga/projects/beefresearch-bima/data/dataset_root/DAY-1/DAY-1_UMKM_SKL_067.JPG,DAY-1,UMKM,SKL,67,True,,0.060297916666666666,False,"(154, 237)"
DAY-1_UMKM_SKL_068.JPG,/home/tsaga/projects/beefresearch-bima/data/dataset_root/DAY-1/DAY-1_UMKM_SKL_068.JPG,DAY-1,UMKM,SKL,68,True,,0.06271458333333334,False,"(150, 245)"
DAY-1_UMKM_SKL_069.JPG,/home/tsaga/projects/beefresearch-bima/data/dataset_root/DAY-1/DAY-1_UMKM_SKL_069.JPG,DAY-1,UMKM,SKL,69,True,,0.045054166666666666,False,"(158, 162)"
DAY-1_UMKM_SKL_070.JPG,/home/tsaga/projects/beefresearch-bima/data/dataset_root/DAY-1/DAY-1_UMKM_SKL_070.JPG,DAY-1,UMKM,SKL,70,True,,0.04645208333333333,False,"(161, 163)"
DAY-1_UMKM_SKL_071.JPG,/home/tsaga/projects/beefresearch-bima/data/dataset_root/DAY-1/DAY-1_UMKM_SKL_071.JPG,DAY-1,UMKM,SKL,71,True,,0.04765,False,"(153, 186)"
DAY-1_UMKM_SKL_072.JPG,/home/tsaga/projects/beefresearch-bima/data/dataset_root/DAY-1/DAY-1_UMKM_SKL_072.JPG,DAY-1,UMKM,SKL,72,True,,0.04945416666666667,False,"(178, 189)"
DAY-1_UMKM_SKL_073.JPG,/home/tsaga/projects/beefresearch-bima/data/dataset_root/DAY-1/DAY-1_UMKM_SKL_073.JPG,DAY-1,UMKM,SKL,73,True,,0.06216041666666667,False,"(177, 194)"
DAY-1_UMKM_SKL_074.JPG,/home/tsaga/projects/beefresearch-bima/data/dataset_root/DAY-1/DAY-1_UMKM_SKL_074.JPG,DAY-1,UMKM,SKL,74,True,,0.05823333333333333,False,"(170, 190)"
DAY-1_UMKM_SKL_075.JPG,/home/tsaga/projects/beefresearch-bima/data/dataset_root/DAY-1/DAY-1_UMKM_SKL_075.JPG,DAY-1,UMKM,SKL,75,True,,0.06265833333333333,False,"(196, 197)"
DAY-1_UMKM_SKL_076.JPG,/home/tsaga/projects/beefresearch-bima/data/dataset_root/DAY-1/DAY-1_UMKM_SKL_076.JPG,DAY-1,UMKM,SKL,76,True,,0.056695833333333334,False,"(176, 198)"
DAY-1_UMKM_SKL_077.JPG,/home/tsaga/projects/beefresearch-bima/data/dataset_root/DAY-1/DAY-1_UMKM_SKL_077.JPG,DAY-1,UMKM,SKL,77,True,,0.04468125,False,"(150, 173)"
DAY-1_UMKM_SKL_078.JPG,/home/tsaga/projects/beefresearch-bima/data/dataset_root/DAY-1/DAY-1_UMKM_SKL_078.JPG,DAY-1,UMKM,SKL,78,True,,0.04663125,False,"(151, 183)"
DAY-1_UMKM_SKL_079.JPG,/home/tsaga/projects/beefresearch-bima/data/dataset_root/DAY-1/DAY-1_UMKM_SKL_079.JPG,DAY-1,UMKM,SKL,79,True,,0.04942083333333333,False,"(167, 201)"
DAY-1_UMKM_SKL_080.JPG,/home/tsaga/projects/beefresearch-bima/data/dataset_root/DAY-1/DAY-1_UMKM_SKL_080.JPG,DAY-1,UMKM,SKL,80,True,,0.04869791666666667,False,"(133, 224)"
DAY-1_UMKM_SKL_081.JPG,/home/tsaga/projects/beefresearch-bima/data/dataset_root/DAY-1/DAY-1_UMKM_SKL_081.JPG,DAY-1,UMKM,SKL,81,True,,0.06243125,False,"(181, 212)"
DAY-1_UMKM_SKL_082.JPG,/home/tsaga/projects/beefresearch-bima/data/dataset_root/DAY-1/DAY-1_UMKM_SKL_082.JPG,DAY-1,UMKM,SKL,82,True,,0.06067708333333333,False,"(177, 228)"
DAY-1_UMKM_SKL_083.JPG,/home/tsaga/projects/beefresearch-bima/data/dataset_root/DAY-1/DAY-1_UMKM_SKL_083.JPG,DAY-1,UMKM,SKL,83,True,,0.054420833333333335,False,"(187, 180)"
DAY-1_UMKM_SKL_084.JPG,/home/tsaga/projects/beefresearch-bima/data/dataset_root/DAY-1/DAY-1_UMKM_SKL_084.JPG,DAY-1,UMKM,SKL,84,True,,0.05414583333333333,False,"(169, 189)"
DAY-1_UMKM_SKL_085.JPG,/home/tsaga/projects/beefresearch-bima/data/dataset_root/DAY-1/DAY-1_UMKM_SKL_085.JPG,DAY-1,UMKM,SKL,85,True,,0.05547291666666666,False,"(184, 171)"
DAY-1_UMKM_SKL_086.JPG,/home/tsaga/projects/beefresearch-bima/data/dataset_root/DAY-1/DAY-1_UMKM_SKL_086.JPG,DAY-1,UMKM,SKL,86,True,,0.055945833333333334,False,"(175, 182)"
DAY-1_UMKM_SKL_087.JPG,/home/tsaga/projects/beefresearch-bima/data/dataset_root/DAY-1/DAY-1_UMKM_SKL_087.JPG,DAY-1,UMKM,SKL,87,True,,0.057495833333333336,False,"(154, 219)"
DAY-1_UMKM_SKL_088.JPG,/home/tsaga/projects/beefresearch-bima/data/dataset_root/DAY-1/DAY-1_UMKM_SKL_088.JPG,DAY-1,UMKM,SKL,88,True,,0.06057916666666667,False,"(159, 219)"
DAY-1_UMKM_SKL_089.JPG,/home/tsaga/projects/beefresearch-bima/data/dataset_root/DAY-1/DAY-1_UMKM_SKL_089.JPG,DAY-1,UMKM,SKL,89,True,,0.03888958333333333,False,"(157, 205)"
DAY-1_UMKM_SKL_090.JPG,/home/tsaga/projects/beefresearch-bima/data/dataset_root/DAY-1/DAY-1_UMKM_SKL_090.JPG,DAY-1,UMKM,SKL,90,True,,0.05433958333333333,False,"(152, 218)"
DAY-1_UMKM_SKL_091.JPG,/home/tsaga/projects/beefresearch-bima/data/dataset_root/DAY-1/DAY-1_UMKM_SKL_091.JPG,DAY-1,UMKM,SKL,91,True,,0.05965625,False,"(182, 201)"
DAY-1_UMKM_SKL_092.JPG,/home/tsaga/projects/beefresearch-bima/data/dataset_root/DAY-1/DAY-1_UMKM_SKL_092.JPG,DAY-1,UMKM,SKL,92,True,,0.0604375,False,"(198, 204)"
DAY-1_UMKM_SKL_093.JPG,/home/tsaga/projects/beefresearch-bima/data/dataset_root/DAY-1/DAY-1_UMKM_SKL_093.JPG,DAY-1,UMKM,SKL,93,True,,0.05749791666666667,False,"(160, 226)"
DAY-1_UMKM_SKL_094.JPG,/home/tsaga/projects/beefresearch-bima/data/dataset_root/DAY-1/DAY-1_UMKM_SKL_094.JPG,DAY-1,UMKM,SKL,94,True,,0.05821041666666667,False,"(172, 222)"
DAY-1_UMKM_SKL_095.JPG,/home/tsaga/projects/beefresearch-bima/data/dataset_root/DAY-1/DAY-1_UMKM_SKL_095.JPG,DAY-1,UMKM,SKL,95,True,,0.04761041666666667,False,"(153, 190)"
DAY-1_UMKM_SKL_096.JPG,/home/tsaga/projects/beefresearch-bima/data/dataset_root/DAY-1/DAY-1_UMKM_SKL_096.JPG,DAY-1,UMKM,SKL,96,True,,0.04627083333333333,False,"(173, 205)"
DAY-1_UMKM_SKL_097.JPG,/home/tsaga/projects/beefresearch-bima/data/dataset_root/DAY-1/DAY-1_UMKM_SKL_097.JPG,DAY-1,UMKM,SKL,97,True,,0.05602708333333333,False,"(185, 183)"
DAY-1_UMKM_SKL_098.JPG,/home/tsaga/projects/beefresearch-bima/data/dataset_root/DAY-1/DAY-1_UMKM_SKL_098.JPG,DAY-1,UMKM,SKL,98,True,,0.056125,False,"(182, 180)"
DAY-1_UMKM_SKL_099.JPG,/home/tsaga/projects/beefresearch-bima/data/dataset_root/DAY-1/DAY-1_UMKM_SKL_099.JPG,DAY-1,UMKM,SKL,99,True,,0.056160416666666664,False,"(176, 189)"
DAY-1_UMKM_SKL_100.JPG,/home/tsaga/projects/beefresearch-bima/data/dataset_root/DAY-1/DAY-1_UMKM_SKL_100.JPG,DAY-1,UMKM,SKL,100,True,,0.04965208333333333,False,"(161, 195)"
DAY-1_UMKM_SKL_101.JPG,/home/tsaga/projects/beefresearch-bima/data/dataset_root/DAY-1/DAY-1_UMKM_SKL_101.JPG,DAY-1,UMKM,SKL,101,True,,0.053727083333333335,False,"(170, 185)"
DAY-1_UMKM_SKL_102.JPG,/home/tsaga/projects/beefresearch-bima/data/dataset_root/DAY-1/DAY-1_UMKM_SKL_102.JPG,DAY-1,UMKM,SKL,102,True,,0.05804583333333333,False,"(176, 204)"
DAY-1_UMKM_SKL_103.JPG,/home/tsaga/projects/beefresearch-bima/data/dataset_root/DAY-1/DAY-1_UMKM_SKL_103.JPG,DAY-1,UMKM,SKL,103,True,,0.061402083333333336,False,"(179, 226)"
DAY-1_UMKM_SKL_104.JPG,/home/tsaga/projects/beefresearch-bima/data/dataset_root/DAY-1/DAY-1_UMKM_SKL_104.JPG,DAY-1,UMKM,SKL,104,True,,0.062495833333333334,False,"(159, 233)"
DAY-1_UMKM_SKL_105.JPG,/home/tsaga/projects/beefresearch-bima/data/dataset_root/DAY-1/DAY-1_UMKM_SKL_105.JPG,DAY-1,UMKM,SKL,105,True,,0.0461375,False,"(156, 178)"
DAY-1_UMKM_SKL_106.JPG,/home/tsaga/projects/beefresearch-bima/data/dataset_root/DAY-1/DAY-1_UMKM_SKL_106.JPG,DAY-1,UMKM,SKL,106,True,,0.048108333333333336,False,"(154, 190)"
DAY-1_UMKM_SKL_107.JPG,/home/tsaga/projects/beefresearch-bima/data/dataset_root/DAY-1/DAY-1_UMKM_SKL_107.JPG,DAY-1,UMKM,SKL,107,True,,0.0613,False,"(187, 229)"
DAY-1_UMKM_SKL_108.JPG,/home/tsaga/projects/beefresearch-bima/data/dataset_root/DAY-1/DAY-1_UMKM_SKL_108.JPG,DAY-1,UMKM,SKL,108,True,,0.06461041666666667,False,"(194, 226)"
DAY-1_UMKM_SKL_109.JPG,/home/tsaga/projects/beefresearch-bima/data/dataset_root/DAY-1/DAY-1_UMKM_SKL_109.JPG,DAY-1,UMKM,SKL,109,True,,0.05037083333333333,False,"(165, 181)"
DAY-1_UMKM_SKL_110.JPG,/home/tsaga/projects/beefresearch-bima/data/dataset_root/DAY-1/DAY-1_UMKM_SKL_110.JPG,DAY-1,UMKM,SKL,110,True,,0.0508625,False,"(157, 183)"
DAY-1_UMKM_SKL_111.JPG,/home/tsaga/projects/beefresearch-bima/data/dataset_root/DAY-1/DAY-1_UMKM_SKL_111.JPG,DAY-1,UMKM,SKL,111,True,,0.04624375,False,"(160, 171)"
DAY-1_UMKM_SKL_112.JPG,/home/tsaga/projects/beefresearch-bima/data/dataset_root/DAY-1/DAY-1_UMKM_SKL_112.JPG,DAY-1,UMKM,SKL,112,True,,0.045129166666666665,False,"(155, 166)"
DAY-1_UMKM_SKL_113.JPG,/home/tsaga/projects/beefresearch-bima/data/dataset_root/DAY-1/DAY-1_UMKM_SKL_113.JPG,DAY-1,UMKM,SKL,113,True,,0.04958125,False,"(150, 197)"
DAY-1_UMKM_SKL_114.JPG,/home/tsaga/projects/beefresearch-bima/data/dataset_root/DAY-1/DAY-1_UMKM_SKL_114.JPG,DAY-1,UMKM,SKL,114,True,,0.04899375,False,"(146, 213)"
DAY-1_UMKM_SKL_115.JPG,/home/tsaga/projects/beefresearch-bima/data/dataset_root/DAY-1/DAY-1_UMKM_SKL_115.JPG,DAY-1,UMKM,SKL,115,True,,0.05283541666666667,False,"(182, 172)"
DAY-1_UMKM_SKL_116.JPG,/home/tsaga/projects/beefresearch-bima/data/dataset_root/DAY-1/DAY-1_UMKM_SKL_116.JPG,DAY-1,UMKM,SKL,116,True,,0.053539583333333335,False,"(164, 187)"
DAY-1_UMKM_SKL_117.JPG,/home/tsaga/projects/beefresearch-bima/data/dataset_root/DAY-1/DAY-1_UMKM_SKL_117.JPG,DAY-1,UMKM,SKL,117,True,,0.060025,False,"(184, 192)"
DAY-1_UMKM_SKL_118.JPG,/home/tsaga/projects/beefresearch-bima/data/dataset_root/DAY-1/DAY-1_UMKM_SKL_118.JPG,DAY-1,UMKM,SKL,118,True,,0.05897708333333333,False,"(177, 196)"
DAY-1_UMKM_SKL_119.JPG,/home/tsaga/projects/beefresearch-bima/data/dataset_root/DAY-1/DAY-1_UMKM_SKL_119.JPG,DAY-1,UMKM,SKL,119,True,,0.06777708333333334,False,"(171, 234)"
DAY-1_UMKM_SKL_120.JPG,/home/tsaga/projects/beefresearch-bima/data/dataset_root/DAY-1/DAY-1_UMKM_SKL_120.JPG,DAY-1,UMKM,SKL,120,True,,0.06328333333333333,False,"(188, 234)"
DAY-1_UMKM_SKL_121.JPG,/home/tsaga/projects/beefresearch-bima/data/dataset_root/DAY-1/DAY-1_UMKM_SKL_121.JPG,DAY-1,UMKM,SKL,121,True,,0.05768125,False,"(207, 181)"
DAY-1_UMKM_SKL_122.JPG,/home/tsaga/projects/beefresearch-bima/data/dataset_root/DAY-1/DAY-1_UMKM_SKL_122.JPG,DAY-1,UMKM,SKL,122,True,,0.05941458333333333,False,"(183, 204)"
DAY-1_UMKM_SKL_123.JPG,/home/tsaga/projects/beefresearch-bima/data/dataset_root/DAY-1/DAY-1_UMKM_SKL_123.JPG,DAY-1,UMKM,SKL,123,True,,0.062283333333333336,False,"(199, 234)"
DAY-1_UMKM_SKL_124.JPG,/home/tsaga/projects/beefresearch-bima/data/dataset_root/DAY-1/DAY-1_UMKM_SKL_124.JPG,DAY-1,UMKM,SKL,124,True,,0.05338125,False,"(164, 195)"
DAY-1_UMKM_SKL_125.JPG,/home/tsaga/projects/beefresearch-bima/data/dataset_root/DAY-1/DAY-1_UMKM_SKL_125.JPG,DAY-1,UMKM,SKL,125,True,,0.0534875,False,"(183, 188)"
DAY-1_UMKM_SKL_126.JPG,/home/tsaga/projects/beefresearch-bima/data/dataset_root/DAY-1/DAY-1_UMKM_SKL_126.JPG,DAY-1,UMKM,SKL,126,True,,0.05127916666666667,False,"(161, 200)"
DAY-1_UMKM_SKL_127.JPG,/home/tsaga/projects/beefresearch-bima/data/dataset_root/DAY-1/DAY-1_UMKM_SKL_127.JPG,DAY-1,UMKM,SKL,127,True,,0.04542708333333333,False,"(151, 191)"
DAY-1_UMKM_SKL_128.JPG,/home/tsaga/projects/beefresearch-bima/data/dataset_root/DAY-1/DAY-1_UMKM_SKL_128.JPG,DAY-1,UMKM,SKL,128,True,,0.0462375,False,"(153, 199)"
DAY-1_UMKM_SKL_129.JPG,/home/tsaga/projects/beefresearch-bima/data/dataset_root/DAY-1/DAY-1_UMKM_SKL_129.JPG,DAY-1,UMKM,SKL,129,True,,0.05354166666666667,False,"(180, 181)"
DAY-1_UMKM_SKL_130.JPG,/home/tsaga/projects/beefresearch-bima/data/dataset_root/DAY-1/DAY-1_UMKM_SKL_130.JPG,DAY-1,UMKM,SKL,130,True,,0.05234791666666667,False,"(173, 179)"
DAY-1_UMKM_SKL_131.JPG,/home/tsaga/projects/beefresearch-bima/data/dataset_root/DAY-1/DAY-1_UMKM_SKL_131.JPG,DAY-1,UMKM,SKL,131,True,,0.04215208333333333,False,"(155, 174)"
DAY-1_UMKM_SKL_132.JPG,/home/tsaga/projects/beefresearch-bima/data/dataset_root/DAY-1/DAY-1_UMKM_SKL_132.JPG,DAY-1,UMKM,SKL,132,True,,0.044254166666666664,False,"(150, 177)"
DAY-1_UMKM_SKL_133.JPG,/home/tsaga/projects/beefresearch-bima/data/dataset_root/DAY-1/DAY-1_UMKM_SKL_133.JPG,DAY-1,UMKM,SKL,133,True,,0.045170833333333334,False,"(173, 166)"
DAY-1_UMKM_SKL_134.JPG,/home/tsaga/projects/beefresearch-bima/data/dataset_root/DAY-1/DAY-1_UMKM_SKL_134.JPG,DAY-1,UMKM,SKL,134,True,,0.04146458333333333,False,"(161, 156)"
DAY-1_UMKM_SKL_135.JPG,/home/tsaga/projects/beefresearch-bima/data/dataset_root/DAY-1/DAY-1_UMKM_SKL_135.JPG,DAY-1,UMKM,SKL,135,True,,0.04985625,False,"(163, 196)"
DAY-1_UMKM_SKL_136.JPG,/home/tsaga/projects/beefresearch-bima/data/dataset_root/DAY-1/DAY-1_UMKM_SKL_136.JPG,DAY-1,UMKM,SKL,136,True,,0.05171666666666667,False,"(154, 200)"
DAY-1_UMKM_SKL_137.JPG,/home/tsaga/projects/beefresearch-bima/data/dataset_root/DAY-1/DAY-1_UMKM_SKL_137.JPG,DAY-1,UMKM,SKL,137,True,,0.05439375,False,"(179, 191)"
DAY-1_UMKM_SKL_138.JPG,/home/tsaga/projects/beefresearch-bima/data/dataset_root/DAY-1/DAY-1_UMKM_SKL_138.JPG,DAY-1,UMKM,SKL,138,True,,0.0539375,False,"(173, 193)"
DAY-1_UMKM_SKL_139.JPG,/home/tsaga/projects/beefresearch-bima/data/dataset_root/DAY-1/DAY-1_UMKM_SKL_139.JPG,DAY-1,UMKM,SKL,139,True,,0.0615875,False,"(184, 223)"
DAY-1_UMKM_SKL_140.JPG,/home/tsaga/projects/beefresearch-bima/data/dataset_root/DAY-1/DAY-1_UMKM_SKL_140.JPG,DAY-1,UMKM,SKL,140,True,,0.0603125,False,"(170, 215)"
DAY-1_UMKM_SMC_001.JPG,/home/tsaga/projects/beefresearch-bima/data/dataset_root/DAY-1/DAY-1_UMKM_SMC_001.JPG,DAY-1,UMKM,SMC,1,True,,0.04787291666666667,False,"(152, 236)"
DAY-1_UMKM_SMC_003.JPG,/home/tsaga/projects/beefresearch-bima/data/dataset_root/DAY-1/DAY-1_UMKM_SMC_003.JPG,DAY-1,UMKM,SMC,3,True,,0.05622708333333333,False,"(169, 222)"
DAY-1_UMKM_SMC_004.JPG,/home/tsaga/projects/beefresearch-bima/data/dataset_root/DAY-1/DAY-1_UMKM_SMC_004.JPG,DAY-1,UMKM,SMC,4,True,,0.06067708333333333,False,"(181, 250)"
DAY-1_UMKM_SMC_005.JPG,/home/tsaga/projects/beefresearch-bima/data/dataset_root/DAY-1/DAY-1_UMKM_SMC_005.JPG,DAY-1,UMKM,SMC,5,True,,0.07480416666666667,False,"(178, 286)"
DAY-1_UMKM_SMC_006.JPG,/home/tsaga/projects/beefresearch-bima/data/dataset_root/DAY-1/DAY-1_UMKM_SMC_006.JPG,DAY-1,UMKM,SMC,6,True,,0.07433541666666667,False,"(181, 268)"
DAY-1_UMKM_SMC_007.JPG,/home/tsaga/projects/beefresearch-bima/data/dataset_root/DAY-1/DAY-1_UMKM_SMC_007.JPG,DAY-1,UMKM,SMC,7,True,,0.06964583333333334,False,"(198, 223)"
DAY-1_UMKM_SMC_008.JPG,/home/tsaga/projects/beefresearch-bima/data/dataset_root/DAY-1/DAY-1_UMKM_SMC_008.JPG,DAY-1,UMKM,SMC,8,True,,0.04730625,False,"(200, 205)"
DAY-1_UMKM_SMC_009.JPG,/home/tsaga/projects/beefresearch-bima/data/dataset_root/DAY-1/DAY-1_UMKM_SMC_009.JPG,DAY-1,UMKM,SMC,9,True,,0.07086875,False,"(194, 250)"
DAY-1_UMKM_SMC_010.JPG,/home/tsaga/projects/beefresearch-bima/data/dataset_root/DAY-1/DAY-1_UMKM_SMC_010.JPG,DAY-1,UMKM,SMC,10,True,,0.078625,False,"(211, 306)"
DAY-1_UMKM_SMC_011.JPG,/home/tsaga/projects/beefresearch-bima/data/dataset_root/DAY-1/DAY-1_UMKM_SMC_011.JPG,DAY-1,UMKM,SMC,11,True,,0.07130625,False,"(199, 218)"
DAY-1_UMKM_SMC_013.JPG,/home/tsaga/projects/beefresearch-bima/data/dataset_root/DAY-1/DAY-1_UMKM_SMC_013.JPG,DAY-1,UMKM,SMC,13,True,,0.07712291666666667,False,"(193, 294)"
DAY-1_UMKM_SMC_014.JPG,/home/tsaga/projects/beefresearch-bima/data/dataset_root/DAY-1/DAY-1_UMKM_SMC_014.JPG,DAY-1,UMKM,SMC,14,True,,0.080575,False,"(206, 262)"
DAY-1_UMKM_SMC_015.JPG,/home/tsaga/projects/beefresearch-bima/data/dataset_root/DAY-1/DAY-1_UMKM_SMC_015.JPG,DAY-1,UMKM,SMC,15,True,,0.057535416666666665,False,"(156, 253)"
DAY-1_UMKM_SMC_016.JPG,/home/tsaga/projects/beefresearch-bima/data/dataset_root/DAY-1/DAY-1_UMKM_SMC_016.JPG,DAY-1,UMKM,SMC,16,True,,0.063325,False,"(171, 246)"
DAY-1_UMKM_SMC_017.JPG,/home/tsaga/projects/beefresearch-bima/data/dataset_root/DAY-1/DAY-1_UMKM_SMC_017.JPG,DAY-1,UMKM,SMC,17,True,,0.08024375,False,"(196, 284)"
DAY-1_UMKM_SMC_018.JPG,/home/tsaga/projects/beefresearch-bima/data/dataset_root/DAY-1/DAY-1_UMKM_SMC_018.JPG,DAY-1,UMKM,SMC,18,True,,0.07814583333333333,False,"(177, 290)"
DAY-1_UMKM_SMC_019.JPG,/home/tsaga/projects/beefresearch-bima/data/dataset_root/DAY-1/DAY-1_UMKM_SMC_019.JPG,DAY-1,UMKM,SMC,19,True,,0.05596458333333333,False,"(150, 242)"
DAY-1_UMKM_SMC_021.JPG,/home/tsaga/projects/beefresearch-bima/data/dataset_root/DAY-1/DAY-1_UMKM_SMC_021.JPG,DAY-1,UMKM,SMC,21,True,,0.0563875,False,"(174, 248)"
DAY-1_UMKM_SMC_022.JPG,/home/tsaga/projects/beefresearch-bima/data/dataset_root/DAY-1/DAY-1_UMKM_SMC_022.JPG,DAY-1,UMKM,SMC,22,True,,0.05873333333333333,False,"(177, 237)"
DAY-1_UMKM_SMC_023.JPG,/home/tsaga/projects/beefresearch-bima/data/dataset_root/DAY-1/DAY-1_UMKM_SMC_023.JPG,DAY-1,UMKM,SMC,23,True,,0.06880833333333333,False,"(174, 261)"
DAY-1_UMKM_SMC_025.JPG,/home/tsaga/projects/beefresearch-bima/data/dataset_root/DAY-1/DAY-1_UMKM_SMC_025.JPG,DAY-1,UMKM,SMC,25,True,,0.06603958333333333,False,"(181, 263)"
DAY-1_UMKM_SMC_027.JPG,/home/tsaga/projects/beefresearch-bima/data/dataset_root/DAY-1/DAY-1_UMKM_SMC_027.JPG,DAY-1,UMKM,SMC,27,True,,0.0842875,False,"(205, 323)"
DAY-1_UMKM_SMC_029.JPG,/home/tsaga/projects/beefresearch-bima/data/dataset_root/DAY-1/DAY-1_UMKM_SMC_029.JPG,DAY-1,UMKM,SMC,29,True,,0.0746875,False,"(215, 262)"
DAY-1_UMKM_SMC_030.JPG,/home/tsaga/projects/beefresearch-bima/data/dataset_root/DAY-1/DAY-1_UMKM_SMC_030.JPG,DAY-1,UMKM,SMC,30,True,,0.08320625,False,"(204, 312)"
DAY-1_UMKM_SMC_031.JPG,/home/tsaga/projects/beefresearch-bima/data/dataset_root/DAY-1/DAY-1_UMKM_SMC_031.JPG,DAY-1,UMKM,SMC,31,True,,0.06409583333333334,False,"(182, 223)"
DAY-1_UMKM_SMC_032.JPG,/home/tsaga/projects/beefresearch-bima/data/dataset_root/DAY-1/DAY-1_UMKM_SMC_032.JPG,DAY-1,UMKM,SMC,32,True,,0.06564375,False,"(180, 226)"
DAY-1_UMKM_SMC_033.JPG,/home/tsaga/projects/beefresearch-bima/data/dataset_root/DAY-1/DAY-1_UMKM_SMC_033.JPG,DAY-1,UMKM,SMC,33,True,,0.08522708333333333,False,"(165, 347)"
DAY-1_UMKM_SMC_034.JPG,/home/tsaga/projects/beefresearch-bima/data/dataset_root/DAY-1/DAY-1_UMKM_SMC_034.JPG,DAY-1,UMKM,SMC,34,True,,0.08538333333333334,False,"(177, 354)"
DAY-1_UMKM_SMC_035.JPG,/home/tsaga/projects/beefresearch-bima/data/dataset_root/DAY-1/DAY-1_UMKM_SMC_035.JPG,DAY-1,UMKM,SMC,35,True,,0.07683333333333334,False,"(184, 317)"
DAY-1_UMKM_SMC_036.JPG,/home/tsaga/projects/beefresearch-bima/data/dataset_root/DAY-1/DAY-1_UMKM_SMC_036.JPG,DAY-1,UMKM,SMC,36,True,,0.08691875,False,"(178, 385)"
DAY-1_UMKM_SMC_037.JPG,/home/tsaga/projects/beefresearch-bima/data/dataset_root/DAY-1/DAY-1_UMKM_SMC_037.JPG,DAY-1,UMKM,SMC,37,True,,0.06525208333333334,False,"(182, 282)"
DAY-1_UMKM_SMC_038.JPG,/home/tsaga/projects/beefresearch-bima/data/dataset_root/DAY-1/DAY-1_UMKM_SMC_038.JPG,DAY-1,UMKM,SMC,38,True,,0.07877083333333333,False,"(173, 316)"
DAY-1_UMKM_SMC_039.JPG,/home/tsaga/projects/beefresearch-bima/data/dataset_root/DAY-1/DAY-1_UMKM_SMC_039.JPG,DAY-1,UMKM,SMC,39,True,,0.07471875,False,"(219, 252)"
DAY-1_UMKM_SMC_041.JPG,/home/tsaga/projects/beefresearch-bima/data/dataset_root/DAY-1/DAY-1_UMKM_SMC_041.JPG,DAY-1,UMKM,SMC,41,True,,0.07467916666666667,False,"(167, 290)"
DAY-1_UMKM_SMC_042.JPG,/home/tsaga/projects/beefresearch-bima/data/dataset_root/DAY-1/DAY-1_UMKM_SMC_042.JPG,DAY-1,UMKM,SMC,42,True,,0.06675625,False,"(165, 289)"
DAY-1_UMKM_SMC_043.JPG,/home/tsaga/projects/beefresearch-bima/data/dataset_root/DAY-1/DAY-1_UMKM_SMC_043.JPG,DAY-1,UMKM,SMC,43,True,,0.09197916666666667,False,"(234, 293)"
DAY-1_UMKM_SMC_044.JPG,/home/tsaga/projects/beefresearch-bima/data/dataset_root/DAY-1/DAY-1_UMKM_SMC_044.JPG,DAY-1,UMKM,SMC,44,True,,0.08289375,False,"(209, 332)"
DAY-1_UMKM_SMC_045.JPG,/home/tsaga/projects/beefresearch-bima/data/dataset_root/DAY-1/DAY-1_UMKM_SMC_045.JPG,DAY-1,UMKM,SMC,45,True,,0.08049791666666667,False,"(182, 280)"
DAY-1_UMKM_SMC_046.JPG,/home/tsaga/projects/beefresearch-bima/data/dataset_root/DAY-1/DAY-1_UMKM_SMC_046.JPG,DAY-1,UMKM,SMC,46,True,,0.08644375,False,"(187, 282)"
DAY-1_UMKM_SMC_047.JPG,/home/tsaga/projects/beefresearch-bima/data/dataset_root/DAY-1/DAY-1_UMKM_SMC_047.JPG,DAY-1,UMKM,SMC,47,True,,0.055260416666666666,False,"(177, 230)"
DAY-1_UMKM_SMC_048.JPG,/home/tsaga/projects/beefresearch-bima/data/dataset_root/DAY-1/DAY-1_UMKM_SMC_048.JPG,DAY-1,UMKM,SMC,48,True,,0.05588958333333333,False,"(164, 234)"
DAY-1_UMKM_SMC_049.JPG,/home/tsaga/projects/beefresearch-bima/data/dataset_root/DAY-1/DAY-1_UMKM_SMC_049.JPG,DAY-1,UMKM,SMC,49,True,,0.05036875,False,"(176, 182)"
DAY-1_UMKM_SMC_051.JPG,/home/tsaga/projects/beefresearch-bima/data/dataset_root/DAY-1/DAY-1_UMKM_SMC_051.JPG,DAY-1,UMKM,SMC,51,True,,0.06473333333333334,False,"(206, 235)"
DAY-1_UMKM_SMC_052.JPG,/home/tsaga/projects/beefresearch-bima/data/dataset_root/DAY-1/DAY-1_UMKM_SMC_052.JPG,DAY-1,UMKM,SMC,52,True,,0.06739166666666667,False,"(181, 249)"
DAY-1_UMKM_SMC_053.JPG,/home/tsaga/projects/beefresearch-bima/data/dataset_root/DAY-1/DAY-1_UMKM_SMC_053.JPG,DAY-1,UMKM,SMC,53,True,,0.08674583333333333,False,"(188, 320)"
DAY-1_UMKM_SMC_054.JPG,/home/tsaga/projects/beefresearch-bima/data/dataset_root/DAY-1/DAY-1_UMKM_SMC_054.JPG,DAY-1,UMKM,SMC,54,True,,0.090875,False,"(204, 298)"
DAY-1_UMKM_SMC_055.JPG,/home/tsaga/projects/beefresearch-bima/data/dataset_root/DAY-1/DAY-1_UMKM_SMC_055.JPG,DAY-1,UMKM,SMC,55,True,,0.054052083333333334,False,"(159, 220)"
DAY-1_UMKM_SMC_056.JPG,/home/tsaga/projects/beefresearch-bima/data/dataset_root/DAY-1/DAY-1_UMKM_SMC_056.JPG,DAY-1,UMKM,SMC,56,True,,0.05607708333333333,False,"(171, 226)"
DAY-1_UMKM_SMC_057.JPG,/home/tsaga/projects/beefresearch-bima/data/dataset_root/DAY-1/DAY-1_UMKM_SMC_057.JPG,DAY-1,UMKM,SMC,57,True,,0.05122291666666667,False,"(180, 229)"
DAY-1_UMKM_SMC_058.JPG,/home/tsaga/projects/beefresearch-bima/data/dataset_root/DAY-1/DAY-1_UMKM_SMC_058.JPG,DAY-1,UMKM,SMC,58,True,,0.05307708333333333,False,"(190, 222)"
DAY-1_UMKM_SMC_059.JPG,/home/tsaga/projects/beefresearch-bima/data/dataset_root/DAY-1/DAY-1_UMKM_SMC_059.JPG,DAY-1,UMKM,SMC,59,True,,0.0713,False,"(187, 253)"
DAY-1_UMKM_SMC_061.JPG,/home/tsaga/projects/beefresearch-bima/data/dataset_root/DAY-1/DAY-1_UMKM_SMC_061.JPG,DAY-1,UMKM,SMC,61,True,,0.09979791666666667,False,"(242, 338)"
DAY-1_UMKM_SMC_063.JPG,/home/tsaga/projects/beefresearch-bima/data/dataset_root/DAY-1/DAY-1_UMKM_SMC_063.JPG,DAY-1,UMKM,SMC,63,True,,0.04886666666666667,False,"(137, 250)"
DAY-1_UMKM_SMC_064.JPG,/home/tsaga/projects/beefresearch-bima/data/dataset_root/DAY-1/DAY-1_UMKM_SMC_064.JPG,DAY-1,UMKM,SMC,64,True,,0.04784583333333333,False,"(140, 242)"
DAY-1_UMKM_SMC_065.JPG,/home/tsaga/projects/beefresearch-bima/data/dataset_root/DAY-1/DAY-1_UMKM_SMC_065.JPG,DAY-1,UMKM,SMC,65,True,,0.06723958333333334,False,"(182, 265)"
DAY-1_UMKM_SMC_067.JPG,/home/tsaga/projects/beefresearch-bima/data/dataset_root/DAY-1/DAY-1_UMKM_SMC_067.JPG,DAY-1,UMKM,SMC,67,True,,0.07936875,False,"(188, 279)"
DAY-1_UMKM_SMC_068.JPG,/home/tsaga/projects/beefresearch-bima/data/dataset_root/DAY-1/DAY-1_UMKM_SMC_068.JPG,DAY-1,UMKM,SMC,68,True,,0.08335,False,"(195, 283)"
DAY-1_UMKM_SMC_069.JPG,/home/tsaga/projects/beefresearch-bima/data/dataset_root/DAY-1/DAY-1_UMKM_SMC_069.JPG,DAY-1,UMKM,SMC,69,True,,0.06939583333333334,False,"(178, 282)"
DAY-1_UMKM_SMC_071.JPG,/home/tsaga/projects/beefresearch-bima/data/dataset_root/DAY-1/DAY-1_UMKM_SMC_071.JPG,DAY-1,UMKM,SMC,71,True,,0.06876458333333334,False,"(207, 252)"
DAY-1_UMKM_SMC_072.JPG,/home/tsaga/projects/beefresearch-bima/data/dataset_root/DAY-1/DAY-1_UMKM_SMC_072.JPG,DAY-1,UMKM,SMC,72,True,,0.07130833333333333,False,"(199, 264)"
DAY-1_UMKM_SMC_073.JPG,/home/tsaga/projects/beefresearch-bima/data/dataset_root/DAY-1/DAY-1_UMKM_SMC_073.JPG,DAY-1,UMKM,SMC,73,True,,0.07878958333333333,False,"(195, 277)"
DAY-1_UMKM_SMC_074.JPG,/home/tsaga/projects/beefresearch-bima/data/dataset_root/DAY-1/DAY-1_UMKM_SMC_074.JPG,DAY-1,UMKM,SMC,74,True,,0.07475,False,"(187, 267)"
DAY-1_UMKM_SMC_075.JPG,/home/tsaga/projects/beefresearch-bima/data/dataset_root/DAY-1/DAY-1_UMKM_SMC_075.JPG,DAY-1,UMKM,SMC,75,True,,0.0730625,False,"(167, 324)"
DAY-1_UMKM_SMC_076.JPG,/home/tsaga/projects/beefresearch-bima/data/dataset_root/DAY-1/DAY-1_UMKM_SMC_076.JPG,DAY-1,UMKM,SMC,76,True,,0.07688958333333333,False,"(175, 321)"
DAY-1_UMKM_SMC_077.JPG,/home/tsaga/projects/beefresearch-bima/data/dataset_root/DAY-1/DAY-1_UMKM_SMC_077.JPG,DAY-1,UMKM,SMC,77,True,,0.07213125,False,"(184, 258)"
DAY-1_UMKM_SMC_078.JPG,/home/tsaga/projects/beefresearch-bima/data/dataset_root/DAY-1/DAY-1_UMKM_SMC_078.JPG,DAY-1,UMKM,SMC,78,True,,0.07152708333333334,False,"(200, 276)"
DAY-1_UMKM_SMC_079.JPG,/home/tsaga/projects/beefresearch-bima/data/dataset_root/DAY-1/DAY-1_UMKM_SMC_079.JPG,DAY-1,UMKM,SMC,79,True,,0.08146458333333334,False,"(201, 259)"
DAY-1_UMKM_SMC_080.JPG,/home/tsaga/projects/beefresearch-bima/data/dataset_root/DAY-1/DAY-1_UMKM_SMC_080.JPG,DAY-1,UMKM,SMC,80,True,,0.08638958333333334,False,"(193, 293)"
DAY-1_UMKM_SMC_081.JPG,/home/tsaga/projects/beefresearch-bima/data/dataset_root/DAY-1/DAY-1_UMKM_SMC_081.JPG,DAY-1,UMKM,SMC,81,True,,0.05621458333333333,False,"(175, 234)"
DAY-1_UMKM_SMC_082.JPG,/home/tsaga/projects/beefresearch-bima/data/dataset_root/DAY-1/DAY-1_UMKM_SMC_082.JPG,DAY-1,UMKM,SMC,82,True,,0.060225,False,"(151, 255)"
DAY-1_UMKM_SMC_083.JPG,/home/tsaga/projects/beefresearch-bima/data/dataset_root/DAY-1/DAY-1_UMKM_SMC_083.JPG,DAY-1,UMKM,SMC,83,True,,0.08477916666666667,False,"(189, 310)"
DAY-1_UMKM_SMC_084.JPG,/home/tsaga/projects/beefresearch-bima/data/dataset_root/DAY-1/DAY-1_UMKM_SMC_084.JPG,DAY-1,UMKM,SMC,84,True,,0.07914583333333333,False,"(170, 309)"
DAY-1_UMKM_SMC_085.JPG,/home/tsaga/projects/beefresearch-bima/data/dataset_root/DAY-1/DAY-1_UMKM_SMC_085.JPG,DAY-1,UMKM,SMC,85,True,,0.05380833333333333,False,"(143, 245)"
DAY-1_UMKM_SMC_086.JPG,/home/tsaga/projects/beefresearch-bima/data/dataset_root/DAY-1/DAY-1_UMKM_SMC_086.JPG,DAY-1,UMKM,SMC,86,True,,0.020829166666666666,False,"(142, 239)"
DAY-1_UMKM_SMC_087.JPG,/home/tsaga/projects/beefresearch-bima/data/dataset_root/DAY-1/DAY-1_UMKM_SMC_087.JPG,DAY-1,UMKM,SMC,87,True,,0.07283125,False,"(184, 286)"
DAY-1_UMKM_SMC_088.JPG,/home/tsaga/projects/beefresearch-bima/data/dataset_root/DAY-1/DAY-1_UMKM_SMC_088.JPG,DAY-1,UMKM,SMC,88,True,,0.07782083333333334,False,"(190, 290)"
DAY-1_UMKM_SMC_089.JPG,/home/tsaga/projects/beefresearch-bima/data/dataset_root/DAY-1/DAY-1_UMKM_SMC_089.JPG,DAY-1,UMKM,SMC,89,True,,0.07113125,False,"(160, 274)"
DAY-1_UMKM_SMC_090.JPG,/home/tsaga/projects/beefresearch-bima/data/dataset_root/DAY-1/DAY-1_UMKM_SMC_090.JPG,DAY-1,UMKM,SMC,90,True,,0.06875208333333334,False,"(173, 258)"
DAY-1_UMKM_SMC_091.JPG,/home/tsaga/projects/beefresearch-bima/data/dataset_root/DAY-1/DAY-1_UMKM_SMC_091.JPG,DAY-1,UMKM,SMC,91,True,,0.04697916666666667,False,"(178, 177)"
DAY-1_UMKM_SMC_092.JPG,/home/tsaga/projects/beefresearch-bima/data/dataset_root/DAY-1/DAY-1_UMKM_SMC_092.JPG,DAY-1,UMKM,SMC,92,True,,0.05018125,False,"(178, 220)"
DAY-1_UMKM_SMC_093.JPG,/home/tsaga/projects/beefresearch-bima/data/dataset_root/DAY-1/DAY-1_UMKM_SMC_093.JPG,DAY-1,UMKM,SMC,93,True,,0.05609583333333333,False,"(180, 239)"
DAY-1_UMKM_SMC_094.JPG,/home/tsaga/projects/beefresearch-bima/data/dataset_root/DAY-1/DAY-1_UMKM_SMC_094.JPG,DAY-1,UMKM,SMC,94,True,,0.053266666666666664,False,"(178, 231)"
DAY-1_UMKM_SMC_095.JPG,/home/tsaga/projects/beefresearch-bima/data/dataset_root/DAY-1/DAY-1_UMKM_SMC_095.JPG,DAY-1,UMKM,SMC,95,True,,0.06570833333333333,False,"(191, 249)"
DAY-1_UMKM_SMC_096.JPG,/home/tsaga/projects/beefresearch-bima/data/dataset_root/DAY-1/DAY-1_UMKM_SMC_096.JPG,DAY-1,UMKM,SMC,96,True,,0.06510416666666667,False,"(189, 285)"
DAY-1_UMKM_SMC_097.JPG,/home/tsaga/projects/beefresearch-bima/data/dataset_root/DAY-1/DAY-1_UMKM_SMC_097.JPG,DAY-1,UMKM,SMC,97,True,,0.05101666666666667,False,"(150, 236)"
DAY-1_UMKM_SMC_098.JPG,/home/tsaga/projects/beefresearch-bima/data/dataset_root/DAY-1/DAY-1_UMKM_SMC_098.JPG,DAY-1,UMKM,SMC,98,True,,0.05413333333333333,False,"(154, 236)"
DAY-1_UMKM_SMC_099.JPG,/home/tsaga/projects/beefresearch-bima/data/dataset_root/DAY-1/DAY-1_UMKM_SMC_099.JPG,DAY-1,UMKM,SMC,99,True,,0.07190416666666667,False,"(174, 303)"
DAY-1_UMKM_SMC_100.JPG,/home/tsaga/projects/beefresearch-bima/data/dataset_root/DAY-1/DAY-1_UMKM_SMC_100.JPG,DAY-1,UMKM,SMC,100,True,,0.06784583333333333,False,"(170, 308)"
DAY-1_UMKM_SMC_101.JPG,/home/tsaga/projects/beefresearch-bima/data/dataset_root/DAY-1/DAY-1_UMKM_SMC_101.JPG,DAY-1,UMKM,SMC,101,True,,0.061339583333333336,False,"(185, 217)"
DAY-1_UMKM_SMC_102.JPG,/home/tsaga/projects/beefresearch-bima/data/dataset_root/DAY-1/DAY-1_UMKM_SMC_102.JPG,DAY-1,UMKM,SMC,102,True,,0.05768125,False,"(179, 214)"
DAY-1_UMKM_SMC_103.JPG,/home/tsaga/projects/beefresearch-bima/data/dataset_root/DAY-1/DAY-1_UMKM_SMC_103.JPG,DAY-1,UMKM,SMC,103,True,,0.057147916666666666,False,"(171, 225)"
DAY-1_UMKM_SMC_104.JPG,/home/tsaga/projects/beefresearch-bima/data/dataset_root/DAY-1/DAY-1_UMKM_SMC_104.JPG,DAY-1,UMKM,SMC,104,True,,0.05813125,False,"(162, 248)"
DAY-1_UMKM_SMC_105.JPG,/home/tsaga/projects/beefresearch-bima/data/dataset_root/DAY-1/DAY-1_UMKM_SMC_105.JPG,DAY-1,UMKM,SMC,105,True,,0.06713125,False,"(178, 241)"
DAY-1_UMKM_SMC_107.JPG,/home/tsaga/projects/beefresearch-bima/data/dataset_root/DAY-1/DAY-1_UMKM_SMC_107.JPG,DAY-1,UMKM,SMC,107,True,,0.07204375,False,"(193, 237)"
DAY-1_UMKM_SMC_108.JPG,/home/tsaga/projects/beefresearch-bima/data/dataset_root/DAY-1/DAY-1_UMKM_SMC_108.JPG,DAY-1,UMKM,SMC,108,True,,0.061720833333333336,False,"(178, 221)"
DAY-1_UMKM_SMC_109.JPG,/home/tsaga/projects/beefresearch-bima/data/dataset_root/DAY-1/DAY-1_UMKM_SMC_109.JPG,DAY-1,UMKM,SMC,109,True,,0.07568541666666667,False,"(205, 283)"
DAY-1_UMKM_SMC_110.JPG,/home/tsaga/projects/beefresearch-bima/data/dataset_root/DAY-1/DAY-1_UMKM_SMC_110.JPG,DAY-1,UMKM,SMC,110,True,,0.07640416666666666,False,"(204, 269)"
DAY-1_UMKM_SMC_111.JPG,/home/tsaga/projects/beefresearch-bima/data/dataset_root/DAY-1/DAY-1_UMKM_SMC_111.JPG,DAY-1,UMKM,SMC,111,True,,0.047627083333333334,False,"(167, 219)"
DAY-1_UMKM_SMC_112.JPG,/home/tsaga/projects/beefresearch-bima/data/dataset_root/DAY-1/DAY-1_UMKM_SMC_112.JPG,DAY-1,UMKM,SMC,112,True,,0.054060416666666666,False,"(187, 237)"
DAY-1_UMKM_SMC_113.JPG,/home/tsaga/projects/beefresearch-bima/data/dataset_root/DAY-1/DAY-1_UMKM_SMC_113.JPG,DAY-1,UMKM,SMC,113,True,,0.06251875,False,"(200, 205)"
DAY-1_UMKM_SMC_115.JPG,/home/tsaga/projects/beefresearch-bima/data/dataset_root/DAY-1/DAY-1_UMKM_SMC_115.JPG,DAY-1,UMKM,SMC,115,True,,0.0661375,False,"(178, 225)"
DAY-1_UMKM_SMC_116.JPG,/home/tsaga/projects/beefresearch-bima/data/dataset_root/DAY-1/DAY-1_UMKM_SMC_116.JPG,DAY-1,UMKM,SMC,116,True,,0.0645125,False,"(182, 224)"
DAY-1_UMKM_SMC_117.JPG,/home/tsaga/projects/beefresearch-bima/data/dataset_root/DAY-1/DAY-1_UMKM_SMC_117.JPG,DAY-1,UMKM,SMC,117,True,,0.03998541666666667,False,"(176, 230)"
DAY-1_UMKM_SMC_118.JPG,/home/tsaga/projects/beefresearch-bima/data/dataset_root/DAY-1/DAY-1_UMKM_SMC_118.JPG,DAY-1,UMKM,SMC,118,True,,0.06839166666666667,False,"(197, 253)"
DAY-1_UMKM_SMC_119.JPG,/home/tsaga/projects/beefresearch-bima/data/dataset_root/DAY-1/DAY-1_UMKM_SMC_119.JPG,DAY-1,UMKM,SMC,119,True,,0.07119166666666667,False,"(195, 227)"
DAY-1_UMKM_SMC_120.JPG,/home/tsaga/projects/beefresearch-bima/data/dataset_root/DAY-1/DAY-1_UMKM_SMC_120.JPG,DAY-1,UMKM,SMC,120,True,,0.07021875,False,"(195, 223)"
DAY-1_UMKM_SMC_121.JPG,/home/tsaga/projects/beefresearch-bima/data/dataset_root/DAY-1/DAY-1_UMKM_SMC_121.JPG,DAY-1,UMKM,SMC,121,True,,0.08211875,False,"(192, 256)"
DAY-1_UMKM_SMC_123.JPG,/home/tsaga/projects/beefresearch-bima/data/dataset_root/DAY-1/DAY-1_UMKM_SMC_123.JPG,DAY-1,UMKM,SMC,123,True,,0.06652708333333333,False,"(179, 233)"
DAY-1_UMKM_SMC_124.JPG,/home/tsaga/projects/beefresearch-bima/data/dataset_root/DAY-1/DAY-1_UMKM_SMC_124.JPG,DAY-1,UMKM,SMC,124,True,,0.061572916666666665,False,"(176, 217)"
DAY-1_UMKM_SMC_125.JPG,/home/tsaga/projects/beefresearch-bima/data/dataset_root/DAY-1/DAY-1_UMKM_SMC_125.JPG,DAY-1,UMKM,SMC,125,True,,0.0808625,False,"(206, 244)"
DAY-1_UMKM_SMC_126.JPG,/home/tsaga/projects/beefresearch-bima/data/dataset_root/DAY-1/DAY-1_UMKM_SMC_126.JPG,DAY-1,UMKM,SMC,126,True,,0.08575625,False,"(217, 236)"
DAY-1_UMKM_SMC_127.JPG,/home/tsaga/projects/beefresearch-bima/data/dataset_root/DAY-1/DAY-1_UMKM_SMC_127.JPG,DAY-1,UMKM,SMC,127,True,,0.07797083333333334,False,"(184, 263)"
DAY-1_UMKM_SMC_128.JPG,/home/tsaga/projects/beefresearch-bima/data/dataset_root/DAY-1/DAY-1_UMKM_SMC_128.JPG,DAY-1,UMKM,SMC,128,True,,0.0860875,False,"(198, 294)"
DAY-1_UMKM_SMC_129.JPG,/home/tsaga/projects/beefresearch-bima/data/dataset_root/DAY-1/DAY-1_UMKM_SMC_129.JPG,DAY-1,UMKM,SMC,129,True,,0.07929166666666666,False,"(207, 258)"
DAY-1_UMKM_SMC_130.JPG,/home/tsaga/projects/beefresearch-bima/data/dataset_root/DAY-1/DAY-1_UMKM_SMC_130.JPG,DAY-1,UMKM,SMC,130,True,,0.08675,False,"(213, 270)"
DAY-1_UMKM_SMC_131.JPG,/home/tsaga/projects/beefresearch-bima/data/dataset_root/DAY-1/DAY-1_UMKM_SMC_131.JPG,DAY-1,UMKM,SMC,131,True,,0.07292291666666667,False,"(207, 216)"
DAY-1_UMKM_SMC_132.JPG,/home/tsaga/projects/beefresearch-bima/data/dataset_root/DAY-1/DAY-1_UMKM_SMC_132.JPG,DAY-1,UMKM,SMC,132,True,,0.06658541666666666,False,"(190, 215)"
DAY-1_UMKM_SMC_133.JPG,/home/tsaga/projects/beefresearch-bima/data/dataset_root/DAY-1/DAY-1_UMKM_SMC_133.JPG,DAY-1,UMKM,SMC,133,True,,0.057564583333333336,False,"(174, 209)"
DAY-1_UMKM_SMC_134.JPG,/home/tsaga/projects/beefresearch-bima/data/dataset_root/DAY-1/DAY-1_UMKM_SMC_134.JPG,DAY-1,UMKM,SMC,134,True,,0.06143125,False,"(198, 228)"
DAY-1_UMKM_SMC_135.JPG,/home/tsaga/projects/beefresearch-bima/data/dataset_root/DAY-1/DAY-1_UMKM_SMC_135.JPG,DAY-1,UMKM,SMC,135,True,,0.08233333333333333,False,"(222, 242)"
DAY-1_UMKM_SMC_136.JPG,/home/tsaga/projects/beefresearch-bima/data/dataset_root/DAY-1/DAY-1_UMKM_SMC_136.JPG,DAY-1,UMKM,SMC,136,True,,0.0868,False,"(221, 271)"
DAY-1_UMKM_SMC_137.JPG,/home/tsaga/projects/beefresearch-bima/data/dataset_root/DAY-1/DAY-1_UMKM_SMC_137.JPG,DAY-1,UMKM,SMC,137,True,,0.06704166666666667,False,"(173, 249)"
DAY-1_UMKM_SMC_138.JPG,/home/tsaga/projects/beefresearch-bima/data/dataset_root/DAY-1/DAY-1_UMKM_SMC_138.JPG,DAY-1,UMKM,SMC,138,True,,0.07597083333333333,False,"(159, 278)"
DAY-1_UMKM_SMC_139.JPG,/home/tsaga/projects/beefresearch-bima/data/dataset_root/DAY-1/DAY-1_UMKM_SMC_139.JPG,DAY-1,UMKM,SMC,139,True,,0.09192083333333333,False,"(201, 287)"
DAY-1_UMKM_SMC_140.JPG,/home/tsaga/projects/beefresearch-bima/data/dataset_root/DAY-1/DAY-1_UMKM_SMC_140.JPG,DAY-1,UMKM,SMC,140,True,,0.09569791666666666,False,"(205, 283)"
DAY-2_RPH_HDM_001.JPG,/home/tsaga/projects/beefresearch-bima/data/dataset_root/DAY-2/DAY-2_RPH_HDM_001.JPG,DAY-2,RPH,HDM,1,True,,0.029660416666666668,False,"(142, 152)"
DAY-2_RPH_HDM_002.JPG,/home/tsaga/projects/beefresearch-bima/data/dataset_root/DAY-2/DAY-2_RPH_HDM_002.JPG,DAY-2,RPH,HDM,2,True,,0.02699375,False,"(141, 162)"
DAY-2_RPH_HDM_003.JPG,/home/tsaga/projects/beefresearch-bima/data/dataset_root/DAY-2/DAY-2_RPH_HDM_003.JPG,DAY-2,RPH,HDM,3,True,,0.024585416666666665,False,"(128, 142)"
DAY-2_RPH_HDM_004.JPG,/home/tsaga/projects/beefresearch-bima/data/dataset_root/DAY-2/DAY-2_RPH_HDM_004.JPG,DAY-2,RPH,HDM,4,True,,0.0286,False,"(131, 165)"
DAY-2_RPH_HDM_005.JPG,/home/tsaga/projects/beefresearch-bima/data/dataset_root/DAY-2/DAY-2_RPH_HDM_005.JPG,DAY-2,RPH,HDM,5,True,,0.03909166666666666,False,"(133, 225)"
DAY-2_RPH_HDM_006.JPG,/home/tsaga/projects/beefresearch-bima/data/dataset_root/DAY-2/DAY-2_RPH_HDM_006.JPG,DAY-2,RPH,HDM,6,True,,0.03877708333333333,False,"(136, 213)"
DAY-2_RPH_HDM_007.JPG,/home/tsaga/projects/beefresearch-bima/data/dataset_root/DAY-2/DAY-2_RPH_HDM_007.JPG,DAY-2,RPH,HDM,7,True,,0.0349125,False,"(133, 195)"
DAY-2_RPH_HDM_008.JPG,/home/tsaga/projects/beefresearch-bima/data/dataset_root/DAY-2/DAY-2_RPH_HDM_008.JPG,DAY-2,RPH,HDM,8,True,,0.03646875,False,"(128, 211)"
DAY-2_RPH_HDM_009.JPG,/home/tsaga/projects/beefresearch-bima/data/dataset_root/DAY-2/DAY-2_RPH_HDM_009.JPG,DAY-2,RPH,HDM,9,True,,0.05227916666666667,False,"(176, 210)"
DAY-2_RPH_HDM_010.JPG,/home/tsaga/projects/beefresearch-bima/data/dataset_root/DAY-2/DAY-2_RPH_HDM_010.JPG,DAY-2,RPH,HDM,10,True,,0.05156666666666666,False,"(179, 214)"
DAY-2_RPH_HDM_011.JPG,/home/tsaga/projects/beefresearch-bima/data/dataset_root/DAY-2/DAY-2_RPH_HDM_011.JPG,DAY-2,RPH,HDM,11,True,,0.022725,False,"(124, 135)"
DAY-2_RPH_HDM_012.JPG,/home/tsaga/projects/beefresearch-bima/data/dataset_root/DAY-2/DAY-2_RPH_HDM_012.JPG,DAY-2,RPH,HDM,12,True,,0.02664375,False,"(124, 140)"
DAY-2_RPH_HDM_013.JPG,/home/tsaga/projects/beefresearch-bima/data/dataset_root/DAY-2/DAY-2_RPH_HDM_013.JPG,DAY-2,RPH,HDM,13,True,,0.03855,False,"(166, 199)"
DAY-2_RPH_HDM_014.JPG,/home/tsaga/projects/beefresearch-bima/data/dataset_root/DAY-2/DAY-2_RPH_HDM_014.JPG,DAY-2,RPH,HDM,14,True,,0.041939583333333336,False,"(138, 195)"
DAY-2_RPH_HDM_015.JPG,/home/tsaga/projects/beefresearch-bima/data/dataset_root/DAY-2/DAY-2_RPH_HDM_015.JPG,DAY-2,RPH,HDM,15,True,,0.0225125,False,"(111, 171)"
DAY-2_RPH_HDM_016.JPG,/home/tsaga/projects/beefresearch-bima/data/dataset_root/DAY-2/DAY-2_RPH_HDM_016.JPG,DAY-2,RPH,HDM,16,True,,0.0346125,False,"(146, 170)"
DAY-2_RPH_HDM_017.JPG,/home/tsaga/projects/beefresearch-bima/data/dataset_root/DAY-2/DAY-2_RPH_HDM_017.JPG,DAY-2,RPH,HDM,17,True,,0.028933333333333332,False,"(132, 179)"
DAY-2_RPH_HDM_018.JPG,/home/tsaga/projects/beefresearch-bima/data/dataset_root/DAY-2/DAY-2_RPH_HDM_018.JPG,DAY-2,RPH,HDM,18,True,,0.03595,False,"(135, 179)"
DAY-2_RPH_HDM_019.JPG,/home/tsaga/projects/beefresearch-bima/data/dataset_root/DAY-2/DAY-2_RPH_HDM_019.JPG,DAY-2,RPH,HDM,19,True,,0.027895833333333335,False,"(58, 243)"
DAY-2_RPH_HDM_020.JPG,/home/tsaga/projects/beefresearch-bima/data/dataset_root/DAY-2/DAY-2_RPH_HDM_020.JPG,DAY-2,RPH,HDM,20,True,,0.024666666666666667,False,"(130, 133)"
DAY-2_RPH_HDM_021.JPG,/home/tsaga/projects/beefresearch-bima/data/dataset_root/DAY-2/DAY-2_RPH_HDM_021.JPG,DAY-2,RPH,HDM,21,True,,0.033772916666666666,False,"(144, 145)"
DAY-2_RPH_HDM_022.JPG,/home/tsaga/projects/beefresearch-bima/data/dataset_root/DAY-2/DAY-2_RPH_HDM_022.JPG,DAY-2,RPH,HDM,22,True,,0.0286125,False,"(127, 141)"
DAY-2_RPH_HDM_023.JPG,/home/tsaga/projects/beefresearch-bima/data/dataset_root/DAY-2/DAY-2_RPH_HDM_023.JPG,DAY-2,RPH,HDM,23,True,,0.031635416666666666,False,"(135, 162)"
DAY-2_RPH_HDM_024.JPG,/home/tsaga/projects/beefresearch-bima/data/dataset_root/DAY-2/DAY-2_RPH_HDM_024.JPG,DAY-2,RPH,HDM,24,True,,0.03161875,False,"(128, 139)"
DAY-2_RPH_HDM_025.JPG,/home/tsaga/projects/beefresearch-bima/data/dataset_root/DAY-2/DAY-2_RPH_HDM_025.JPG,DAY-2,RPH,HDM,25,True,,0.029079166666666666,False,"(126, 147)"
DAY-2_RPH_HDM_026.JPG,/home/tsaga/projects/beefresearch-bima/data/dataset_root/DAY-2/DAY-2_RPH_HDM_026.JPG,DAY-2,RPH,HDM,26,True,,0.02975416666666667,False,"(132, 144)"
DAY-2_RPH_HDM_027.JPG,/home/tsaga/projects/beefresearch-bima/data/dataset_root/DAY-2/DAY-2_RPH_HDM_027.JPG,DAY-2,RPH,HDM,27,True,,0.036602083333333334,False,"(149, 166)"
DAY-2_RPH_HDM_028.JPG,/home/tsaga/projects/beefresearch-bima/data/dataset_root/DAY-2/DAY-2_RPH_HDM_028.JPG,DAY-2,RPH,HDM,28,True,,0.03805416666666667,False,"(141, 169)"
DAY-2_RPH_HDM_029.JPG,/home/tsaga/projects/beefresearch-bima/data/dataset_root/DAY-2/DAY-2_RPH_HDM_029.JPG,DAY-2,RPH,HDM,29,True,,0.050452083333333335,False,"(183, 166)"
DAY-2_RPH_HDM_030.JPG,/home/tsaga/projects/beefresearch-bima/data/dataset_root/DAY-2/DAY-2_RPH_HDM_030.JPG,DAY-2,RPH,HDM,30,True,,0.048489583333333336,False,"(171, 163)"
DAY-2_RPH_HDM_031.JPG,/home/tsaga/projects/beefresearch-bima/data/dataset_root/DAY-2/DAY-2_RPH_HDM_031.JPG,DAY-2,RPH,HDM,31,True,,0.044929166666666666,False,"(155, 198)"
DAY-2_RPH_HDM_032.JPG,/home/tsaga/projects/beefresearch-bima/data/dataset_root/DAY-2/DAY-2_RPH_HDM_032.JPG,DAY-2,RPH,HDM,32,True,,0.04638958333333333,False,"(147, 201)"
DAY-2_RPH_HDM_033.JPG,/home/tsaga/projects/beefresearch-bima/data/dataset_root/DAY-2/DAY-2_RPH_HDM_033.JPG,DAY-2,RPH,HDM,33,True,,0.03451875,False,"(132, 165)"
DAY-2_RPH_HDM_034.JPG,/home/tsaga/projects/beefresearch-bima/data/dataset_root/DAY-2/DAY-2_RPH_HDM_034.JPG,DAY-2,RPH,HDM,34,True,,0.040320833333333334,False,"(148, 180)"
DAY-2_RPH_HDM_035.JPG,/home/tsaga/projects/beefresearch-bima/data/dataset_root/DAY-2/DAY-2_RPH_HDM_035.JPG,DAY-2,RPH,HDM,35,True,,0.022283333333333332,False,"(132, 120)"
DAY-2_RPH_HDM_036.JPG,/home/tsaga/projects/beefresearch-bima/data/dataset_root/DAY-2/DAY-2_RPH_HDM_036.JPG,DAY-2,RPH,HDM,36,True,,0.02816875,False,"(137, 146)"
DAY-2_RPH_HDM_037.JPG,/home/tsaga/projects/beefresearch-bima/data/dataset_root/DAY-2/DAY-2_RPH_HDM_037.JPG,DAY-2,RPH,HDM,37,True,,0.04745208333333333,False,"(158, 192)"
DAY-2_RPH_HDM_038.JPG,/home/tsaga/projects/beefresearch-bima/data/dataset_root/DAY-2/DAY-2_RPH_HDM_038.JPG,DAY-2,RPH,HDM,38,True,,0.05165625,False,"(163, 193)"
DAY-2_RPH_HDM_039.JPG,/home/tsaga/projects/beefresearch-bima/data/dataset_root/DAY-2/DAY-2_RPH_HDM_039.JPG,DAY-2,RPH,HDM,39,True,,0.038435416666666666,False,"(134, 208)"
DAY-2_RPH_HDM_040.JPG,/home/tsaga/projects/beefresearch-bima/data/dataset_root/DAY-2/DAY-2_RPH_HDM_040.JPG,DAY-2,RPH,HDM,40,True,,0.0485375,False,"(160, 232)"
DAY-2_RPH_HDM_041.JPG,/home/tsaga/projects/beefresearch-bima/data/dataset_root/DAY-2/DAY-2_RPH_HDM_041.JPG,DAY-2,RPH,HDM,41,True,,0.05025625,False,"(156, 198)"
DAY-2_RPH_HDM_042.JPG,/home/tsaga/projects/beefresearch-bima/data/dataset_root/DAY-2/DAY-2_RPH_HDM_042.JPG,DAY-2,RPH,HDM,42,True,,0.05122291666666667,False,"(158, 219)"
DAY-2_RPH_HDM_043.JPG,/home/tsaga/projects/beefresearch-bima/data/dataset_root/DAY-2/DAY-2_RPH_HDM_043.JPG,DAY-2,RPH,HDM,43,True,,0.03833333333333333,False,"(136, 186)"
DAY-2_RPH_HDM_044.JPG,/home/tsaga/projects/beefresearch-bima/data/dataset_root/DAY-2/DAY-2_RPH_HDM_044.JPG,DAY-2,RPH,HDM,44,True,,0.03801875,False,"(134, 188)"
DAY-2_RPH_HDM_045.JPG,/home/tsaga/projects/beefresearch-bima/data/dataset_root/DAY-2/DAY-2_RPH_HDM_045.JPG,DAY-2,RPH,HDM,45,True,,0.057529166666666666,False,"(175, 208)"
DAY-2_RPH_HDM_046.JPG,/home/tsaga/projects/beefresearch-bima/data/dataset_root/DAY-2/DAY-2_RPH_HDM_046.JPG,DAY-2,RPH,HDM,46,True,,0.0569625,False,"(178, 198)"
DAY-2_RPH_HDM_047.JPG,/home/tsaga/projects/beefresearch-bima/data/dataset_root/DAY-2/DAY-2_RPH_HDM_047.JPG,DAY-2,RPH,HDM,47,True,,0.0484125,False,"(190, 182)"
DAY-2_RPH_HDM_048.JPG,/home/tsaga/projects/beefresearch-bima/data/dataset_root/DAY-2/DAY-2_RPH_HDM_048.JPG,DAY-2,RPH,HDM,48,True,,0.04627916666666667,False,"(162, 198)"
DAY-2_RPH_HDM_049.JPG,/home/tsaga/projects/beefresearch-bima/data/dataset_root/DAY-2/DAY-2_RPH_HDM_049.JPG,DAY-2,RPH,HDM,49,True,,0.05210833333333333,False,"(208, 178)"
DAY-2_RPH_HDM_050.JPG,/home/tsaga/projects/beefresearch-bima/data/dataset_root/DAY-2/DAY-2_RPH_HDM_050.JPG,DAY-2,RPH,HDM,50,True,,0.045766666666666664,False,"(195, 183)"
DAY-2_RPH_HDM_051.JPG,/home/tsaga/projects/beefresearch-bima/data/dataset_root/DAY-2/DAY-2_RPH_HDM_051.JPG,DAY-2,RPH,HDM,51,True,,0.04434791666666667,False,"(148, 191)"
DAY-2_RPH_HDM_052.JPG,/home/tsaga/projects/beefresearch-bima/data/dataset_root/DAY-2/DAY-2_RPH_HDM_052.JPG,DAY-2,RPH,HDM,52,True,,0.044,False,"(150, 192)"
DAY-2_RPH_HDM_053.JPG,/home/tsaga/projects/beefresearch-bima/data/dataset_root/DAY-2/DAY-2_RPH_HDM_053.JPG,DAY-2,RPH,HDM,53,True,,0.040695833333333334,False,"(164, 168)"
DAY-2_RPH_HDM_054.JPG,/home/tsaga/projects/beefresearch-bima/data/dataset_root/DAY-2/DAY-2_RPH_HDM_054.JPG,DAY-2,RPH,HDM,54,True,,0.037525,False,"(158, 161)"
DAY-2_RPH_HDM_055.JPG,/home/tsaga/projects/beefresearch-bima/data/dataset_root/DAY-2/DAY-2_RPH_HDM_055.JPG,DAY-2,RPH,HDM,55,True,,0.0505375,False,"(156, 200)"
DAY-2_RPH_HDM_056.JPG,/home/tsaga/projects/beefresearch-bima/data/dataset_root/DAY-2/DAY-2_RPH_HDM_056.JPG,DAY-2,RPH,HDM,56,True,,0.04900625,False,"(160, 180)"
DAY-2_RPH_HDM_057.JPG,/home/tsaga/projects/beefresearch-bima/data/dataset_root/DAY-2/DAY-2_RPH_HDM_057.JPG,DAY-2,RPH,HDM,57,True,,0.03733125,False,"(123, 200)"
DAY-2_RPH_HDM_058.JPG,/home/tsaga/projects/beefresearch-bima/data/dataset_root/DAY-2/DAY-2_RPH_HDM_058.JPG,DAY-2,RPH,HDM,58,True,,0.03639791666666667,False,"(120, 198)"
DAY-2_RPH_HDM_059.JPG,/home/tsaga/projects/beefresearch-bima/data/dataset_root/DAY-2/DAY-2_RPH_HDM_059.JPG,DAY-2,RPH,HDM,59,True,,0.04917291666666666,False,"(166, 183)"
DAY-2_RPH_HDM_060.JPG,/home/tsaga/projects/beefresearch-bima/data/dataset_root/DAY-2/DAY-2_RPH_HDM_060.JPG,DAY-2,RPH,HDM,60,True,,0.04742291666666667,False,"(173, 174)"
DAY-2_RPH_HDM_061.JPG,/home/tsaga/projects/beefresearch-bima/data/dataset_root/DAY-2/DAY-2_RPH_HDM_061.JPG,DAY-2,RPH,HDM,61,True,,0.032825,False,"(140, 163)"
DAY-2_RPH_HDM_062.JPG,/home/tsaga/projects/beefresearch-bima/data/dataset_root/DAY-2/DAY-2_RPH_HDM_062.JPG,DAY-2,RPH,HDM,62,True,,0.031654166666666664,False,"(151, 147)"
DAY-2_RPH_HDM_063.JPG,/home/tsaga/projects/beefresearch-bima/data/dataset_root/DAY-2/DAY-2_RPH_HDM_063.JPG,DAY-2,RPH,HDM,63,True,,0.03621666666666667,False,"(127, 171)"
DAY-2_RPH_HDM_064.JPG,/home/tsaga/projects/beefresearch-bima/data/dataset_root/DAY-2/DAY-2_RPH_HDM_064.JPG,DAY-2,RPH,HDM,64,True,,0.03807708333333333,False,"(133, 169)"
DAY-2_RPH_HDM_065.JPG,/home/tsaga/projects/beefresearch-bima/data/dataset_root/DAY-2/DAY-2_RPH_HDM_065.JPG,DAY-2,RPH,HDM,65,True,,0.04115833333333333,False,"(147, 193)"
DAY-2_RPH_HDM_066.JPG,/home/tsaga/projects/beefresearch-bima/data/dataset_root/DAY-2/DAY-2_RPH_HDM_066.JPG,DAY-2,RPH,HDM,66,True,,0.039425,False,"(144, 184)"
DAY-2_RPH_HDM_067.JPG,/home/tsaga/projects/beefresearch-bima/data/dataset_root/DAY-2/DAY-2_RPH_HDM_067.JPG,DAY-2,RPH,HDM,67,True,,0.058775,False,"(177, 208)"
DAY-2_RPH_HDM_068.JPG,/home/tsaga/projects/beefresearch-bima/data/dataset_root/DAY-2/DAY-2_RPH_HDM_068.JPG,DAY-2,RPH,HDM,68,True,,0.06065625,False,"(180, 212)"
DAY-2_RPH_HDM_069.JPG,/home/tsaga/projects/beefresearch-bima/data/dataset_root/DAY-2/DAY-2_RPH_HDM_069.JPG,DAY-2,RPH,HDM,69,True,,0.038760416666666665,False,"(148, 175)"
DAY-2_RPH_HDM_070.JPG,/home/tsaga/projects/beefresearch-bima/data/dataset_root/DAY-2/DAY-2_RPH_HDM_070.JPG,DAY-2,RPH,HDM,70,True,,0.044741666666666666,False,"(151, 180)"
DAY-2_RPH_HDM_071.JPG,/home/tsaga/projects/beefresearch-bima/data/dataset_root/DAY-2/DAY-2_RPH_HDM_071.JPG,DAY-2,RPH,HDM,71,True,,0.04686875,False,"(170, 164)"
DAY-2_RPH_HDM_072.JPG,/home/tsaga/projects/beefresearch-bima/data/dataset_root/DAY-2/DAY-2_RPH_HDM_072.JPG,DAY-2,RPH,HDM,72,True,,0.04603125,False,"(163, 167)"
DAY-2_RPH_HDM_073.JPG,/home/tsaga/projects/beefresearch-bima/data/dataset_root/DAY-2/DAY-2_RPH_HDM_073.JPG,DAY-2,RPH,HDM,73,True,,0.039227083333333336,False,"(141, 189)"
DAY-2_RPH_HDM_074.JPG,/home/tsaga/projects/beefresearch-bima/data/dataset_root/DAY-2/DAY-2_RPH_HDM_074.JPG,DAY-2,RPH,HDM,74,True,,0.03878125,False,"(141, 182)"
DAY-2_RPH_HDM_075.JPG,/home/tsaga/projects/beefresearch-bima/data/dataset_root/DAY-2/DAY-2_RPH_HDM_075.JPG,DAY-2,RPH,HDM,75,True,,0.03981041666666667,False,"(130, 182)"
DAY-2_RPH_HDM_076.JPG,/home/tsaga/projects/beefresearch-bima/data/dataset_root/DAY-2/DAY-2_RPH_HDM_076.JPG,DAY-2,RPH,HDM,76,True,,0.04328333333333333,False,"(144, 182)"
DAY-2_RPH_HDM_077.JPG,/home/tsaga/projects/beefresearch-bima/data/dataset_root/DAY-2/DAY-2_RPH_HDM_077.JPG,DAY-2,RPH,HDM,77,True,,0.042672916666666665,False,"(163, 194)"
DAY-2_RPH_HDM_078.JPG,/home/tsaga/projects/beefresearch-bima/data/dataset_root/DAY-2/DAY-2_RPH_HDM_078.JPG,DAY-2,RPH,HDM,78,True,,0.042985416666666665,False,"(165, 185)"
DAY-2_RPH_HDM_079.JPG,/home/tsaga/projects/beefresearch-bima/data/dataset_root/DAY-2/DAY-2_RPH_HDM_079.JPG,DAY-2,RPH,HDM,79,True,,0.03568333333333333,False,"(132, 166)"
DAY-2_RPH_HDM_080.JPG,/home/tsaga/projects/beefresearch-bima/data/dataset_root/DAY-2/DAY-2_RPH_HDM_080.JPG,DAY-2,RPH,HDM,80,True,,0.03535833333333333,False,"(129, 166)"
DAY-2_RPH_HDM_081.JPG,/home/tsaga/projects/beefresearch-bima/data/dataset_root/DAY-2/DAY-2_RPH_HDM_081.JPG,DAY-2,RPH,HDM,81,True,,0.04927083333333333,False,"(153, 190)"
DAY-2_RPH_HDM_082.JPG,/home/tsaga/projects/beefresearch-bima/data/dataset_root/DAY-2/DAY-2_RPH_HDM_082.JPG,DAY-2,RPH,HDM,82,True,,0.0507875,False,"(163, 188)"
DAY-2_RPH_HDM_083.JPG,/home/tsaga/projects/beefresearch-bima/data/dataset_root/DAY-2/DAY-2_RPH_HDM_083.JPG,DAY-2,RPH,HDM,83,True,,0.05225833333333333,False,"(165, 187)"
DAY-2_RPH_HDM_084.JPG,/home/tsaga/projects/beefresearch-bima/data/dataset_root/DAY-2/DAY-2_RPH_HDM_084.JPG,DAY-2,RPH,HDM,84,True,,0.05347291666666667,False,"(164, 189)"
DAY-2_RPH_HDM_085.JPG,/home/tsaga/projects/beefresearch-bima/data/dataset_root/DAY-2/DAY-2_RPH_HDM_085.JPG,DAY-2,RPH,HDM,85,True,,0.036741666666666666,False,"(133, 161)"
DAY-2_RPH_HDM_086.JPG,/home/tsaga/projects/beefresearch-bima/data/dataset_root/DAY-2/DAY-2_RPH_HDM_086.JPG,DAY-2,RPH,HDM,86,True,,0.0379875,False,"(140, 163)"
DAY-2_RPH_HDM_087.JPG,/home/tsaga/projects/beefresearch-bima/data/dataset_root/DAY-2/DAY-2_RPH_HDM_087.JPG,DAY-2,RPH,HDM,87,True,,0.04715833333333333,False,"(186, 170)"
DAY-2_RPH_HDM_088.JPG,/home/tsaga/projects/beefresearch-bima/data/dataset_root/DAY-2/DAY-2_RPH_HDM_088.JPG,DAY-2,RPH,HDM,88,True,,0.042175,False,"(176, 165)"
DAY-2_RPH_HDM_089.JPG,/home/tsaga/projects/beefresearch-bima/data/dataset_root/DAY-2/DAY-2_RPH_HDM_089.JPG,DAY-2,RPH,HDM,89,True,,0.043375,False,"(153, 179)"
DAY-2_RPH_HDM_090.JPG,/home/tsaga/projects/beefresearch-bima/data/dataset_root/DAY-2/DAY-2_RPH_HDM_090.JPG,DAY-2,RPH,HDM,90,True,,0.04920625,False,"(161, 209)"
DAY-2_RPH_HDM_091.JPG,/home/tsaga/projects/beefresearch-bima/data/dataset_root/DAY-2/DAY-2_RPH_HDM_091.JPG,DAY-2,RPH,HDM,91,True,,0.0472625,False,"(141, 187)"
DAY-2_RPH_HDM_092.JPG,/home/tsaga/projects/beefresearch-bima/data/dataset_root/DAY-2/DAY-2_RPH_HDM_092.JPG,DAY-2,RPH,HDM,92,True,,0.04700208333333333,False,"(153, 188)"
DAY-2_RPH_HDM_093.JPG,/home/tsaga/projects/beefresearch-bima/data/dataset_root/DAY-2/DAY-2_RPH_HDM_093.JPG,DAY-2,RPH,HDM,93,True,,0.04575208333333333,False,"(173, 164)"
DAY-2_RPH_HDM_094.JPG,/home/tsaga/projects/beefresearch-bima/data/dataset_root/DAY-2/DAY-2_RPH_HDM_094.JPG,DAY-2,RPH,HDM,94,True,,0.04596875,False,"(164, 174)"
DAY-2_RPH_HDM_095.JPG,/home/tsaga/projects/beefresearch-bima/data/dataset_root/DAY-2/DAY-2_RPH_HDM_095.JPG,DAY-2,RPH,HDM,95,True,,0.05514583333333333,False,"(157, 228)"
DAY-2_RPH_HDM_096.JPG,/home/tsaga/projects/beefresearch-bima/data/dataset_root/DAY-2/DAY-2_RPH_HDM_096.JPG,DAY-2,RPH,HDM,96,True,,0.0551625,False,"(150, 249)"
DAY-2_RPH_HDM_097.JPG,/home/tsaga/projects/beefresearch-bima/data/dataset_root/DAY-2/DAY-2_RPH_HDM_097.JPG,DAY-2,RPH,HDM,97,True,,0.04722291666666667,False,"(159, 191)"
DAY-2_RPH_HDM_098.JPG,/home/tsaga/projects/beefresearch-bima/data/dataset_root/DAY-2/DAY-2_RPH_HDM_098.JPG,DAY-2,RPH,HDM,98,True,,0.048325,False,"(145, 197)"
DAY-2_RPH_HDM_099.JPG,/home/tsaga/projects/beefresearch-bima/data/dataset_root/DAY-2/DAY-2_RPH_HDM_099.JPG,DAY-2,RPH,HDM,99,True,,0.030602083333333332,False,"(128, 166)"
DAY-2_RPH_HDM_100.JPG,/home/tsaga/projects/beefresearch-bima/data/dataset_root/DAY-2/DAY-2_RPH_HDM_100.JPG,DAY-2,RPH,HDM,100,True,,0.028385416666666666,False,"(105, 178)"
DAY-2_RPH_HDM_101.JPG,/home/tsaga/projects/beefresearch-bima/data/dataset_root/DAY-2/DAY-2_RPH_HDM_101.JPG,DAY-2,RPH,HDM,101,True,,0.050666666666666665,False,"(190, 176)"
DAY-2_RPH_HDM_102.JPG,/home/tsaga/projects/beefresearch-bima/data/dataset_root/DAY-2/DAY-2_RPH_HDM_102.JPG,DAY-2,RPH,HDM,102,True,,0.04784375,False,"(182, 176)"
DAY-2_RPH_HDM_103.JPG,/home/tsaga/projects/beefresearch-bima/data/dataset_root/DAY-2/DAY-2_RPH_HDM_103.JPG,DAY-2,RPH,HDM,103,True,,0.03626041666666667,False,"(145, 158)"
DAY-2_RPH_HDM_104.JPG,/home/tsaga/projects/beefresearch-bima/data/dataset_root/DAY-2/DAY-2_RPH_HDM_104.JPG,DAY-2,RPH,HDM,104,True,,0.035872916666666664,False,"(147, 167)"
DAY-2_RPH_HDM_105.JPG,/home/tsaga/projects/beefresearch-bima/data/dataset_root/DAY-2/DAY-2_RPH_HDM_105.JPG,DAY-2,RPH,HDM,105,True,,0.04717916666666667,False,"(158, 188)"
DAY-2_RPH_HDM_106.JPG,/home/tsaga/projects/beefresearch-bima/data/dataset_root/DAY-2/DAY-2_RPH_HDM_106.JPG,DAY-2,RPH,HDM,106,True,,0.04522916666666667,False,"(162, 181)"
DAY-2_RPH_HDM_107.JPG,/home/tsaga/projects/beefresearch-bima/data/dataset_root/DAY-2/DAY-2_RPH_HDM_107.JPG,DAY-2,RPH,HDM,107,True,,0.052725,False,"(164, 193)"
DAY-2_RPH_HDM_108.JPG,/home/tsaga/projects/beefresearch-bima/data/dataset_root/DAY-2/DAY-2_RPH_HDM_108.JPG,DAY-2,RPH,HDM,108,True,,0.05116041666666667,False,"(176, 180)"
DAY-2_RPH_HDM_109.JPG,/home/tsaga/projects/beefresearch-bima/data/dataset_root/DAY-2/DAY-2_RPH_HDM_109.JPG,DAY-2,RPH,HDM,109,True,,0.043258333333333336,False,"(133, 195)"
DAY-2_RPH_HDM_110.JPG,/home/tsaga/projects/beefresearch-bima/data/dataset_root/DAY-2/DAY-2_RPH_HDM_110.JPG,DAY-2,RPH,HDM,110,True,,0.04457083333333333,False,"(166, 181)"
DAY-2_RPH_HDM_111.JPG,/home/tsaga/projects/beefresearch-bima/data/dataset_root/DAY-2/DAY-2_RPH_HDM_111.JPG,DAY-2,RPH,HDM,111,True,,0.044735416666666666,False,"(151, 167)"
DAY-2_RPH_HDM_112.JPG,/home/tsaga/projects/beefresearch-bima/data/dataset_root/DAY-2/DAY-2_RPH_HDM_112.JPG,DAY-2,RPH,HDM,112,True,,0.0493375,False,"(157, 179)"
DAY-2_RPH_HDM_113.JPG,/home/tsaga/projects/beefresearch-bima/data/dataset_root/DAY-2/DAY-2_RPH_HDM_113.JPG,DAY-2,RPH,HDM,113,True,,0.03768125,False,"(132, 192)"
DAY-2_RPH_HDM_114.JPG,/home/tsaga/projects/beefresearch-bima/data/dataset_root/DAY-2/DAY-2_RPH_HDM_114.JPG,DAY-2,RPH,HDM,114,True,,0.0430375,False,"(137, 184)"
DAY-2_RPH_HDM_115.JPG,/home/tsaga/projects/beefresearch-bima/data/dataset_root/DAY-2/DAY-2_RPH_HDM_115.JPG,DAY-2,RPH,HDM,115,True,,0.04107291666666667,False,"(138, 195)"
DAY-2_RPH_HDM_116.JPG,/home/tsaga/projects/beefresearch-bima/data/dataset_root/DAY-2/DAY-2_RPH_HDM_116.JPG,DAY-2,RPH,HDM,116,True,,0.042520833333333334,False,"(132, 200)"
DAY-2_RPH_HDM_117.JPG,/home/tsaga/projects/beefresearch-bima/data/dataset_root/DAY-2/DAY-2_RPH_HDM_117.JPG,DAY-2,RPH,HDM,117,True,,0.04091875,False,"(137, 180)"
DAY-2_RPH_HDM_118.JPG,/home/tsaga/projects/beefresearch-bima/data/dataset_root/DAY-2/DAY-2_RPH_HDM_118.JPG,DAY-2,RPH,HDM,118,True,,0.0414375,False,"(139, 178)"
DAY-2_RPH_HDM_119.JPG,/home/tsaga/projects/beefresearch-bima/data/dataset_root/DAY-2/DAY-2_RPH_HDM_119.JPG,DAY-2,RPH,HDM,119,True,,0.04457291666666666,False,"(165, 164)"
DAY-2_RPH_HDM_120.JPG,/home/tsaga/projects/beefresearch-bima/data/dataset_root/DAY-2/DAY-2_RPH_HDM_120.JPG,DAY-2,RPH,HDM,120,True,,0.0432,False,"(160, 161)"
DAY-2_RPH_HDM_121.JPG,/home/tsaga/projects/beefresearch-bima/data/dataset_root/DAY-2/DAY-2_RPH_HDM_121.JPG,DAY-2,RPH,HDM,121,True,,0.05014791666666667,False,"(154, 192)"
DAY-2_RPH_HDM_122.JPG,/home/tsaga/projects/beefresearch-bima/data/dataset_root/DAY-2/DAY-2_RPH_HDM_122.JPG,DAY-2,RPH,HDM,122,True,,0.05334166666666667,False,"(167, 193)"
DAY-2_RPH_HDM_123.JPG,/home/tsaga/projects/beefresearch-bima/data/dataset_root/DAY-2/DAY-2_RPH_HDM_123.JPG,DAY-2,RPH,HDM,123,True,,0.0398,False,"(140, 174)"
DAY-2_RPH_HDM_124.JPG,/home/tsaga/projects/beefresearch-bima/data/dataset_root/DAY-2/DAY-2_RPH_HDM_124.JPG,DAY-2,RPH,HDM,124,True,,0.04174791666666667,False,"(147, 181)"
DAY-2_RPH_HDM_125.JPG,/home/tsaga/projects/beefresearch-bima/data/dataset_root/DAY-2/DAY-2_RPH_HDM_125.JPG,DAY-2,RPH,HDM,125,True,,0.044158333333333334,False,"(138, 188)"
DAY-2_RPH_HDM_126.JPG,/home/tsaga/projects/beefresearch-bima/data/dataset_root/DAY-2/DAY-2_RPH_HDM_126.JPG,DAY-2,RPH,HDM,126,True,,0.04503541666666667,False,"(146, 185)"
DAY-2_RPH_HDM_127.JPG,/home/tsaga/projects/beefresearch-bima/data/dataset_root/DAY-2/DAY-2_RPH_HDM_127.JPG,DAY-2,RPH,HDM,127,True,,0.036304166666666665,False,"(127, 186)"
DAY-2_RPH_HDM_128.JPG,/home/tsaga/projects/beefresearch-bima/data/dataset_root/DAY-2/DAY-2_RPH_HDM_128.JPG,DAY-2,RPH,HDM,128,True,,0.04073125,False,"(148, 174)"
DAY-2_RPH_HDM_129.JPG,/home/tsaga/projects/beefresearch-bima/data/dataset_root/DAY-2/DAY-2_RPH_HDM_129.JPG,DAY-2,RPH,HDM,129,True,,0.04008333333333333,False,"(139, 183)"
DAY-2_RPH_HDM_130.JPG,/home/tsaga/projects/beefresearch-bima/data/dataset_root/DAY-2/DAY-2_RPH_HDM_130.JPG,DAY-2,RPH,HDM,130,True,,0.03888333333333333,False,"(135, 170)"
DAY-2_RPH_HDM_131.JPG,/home/tsaga/projects/beefresearch-bima/data/dataset_root/DAY-2/DAY-2_RPH_HDM_131.JPG,DAY-2,RPH,HDM,131,True,,0.042604166666666665,False,"(134, 189)"
DAY-2_RPH_HDM_132.JPG,/home/tsaga/projects/beefresearch-bima/data/dataset_root/DAY-2/DAY-2_RPH_HDM_132.JPG,DAY-2,RPH,HDM,132,True,,0.04534791666666667,False,"(141, 180)"
DAY-2_RPH_HDM_133.JPG,/home/tsaga/projects/beefresearch-bima/data/dataset_root/DAY-2/DAY-2_RPH_HDM_133.JPG,DAY-2,RPH,HDM,133,True,,0.04418333333333333,False,"(156, 186)"
DAY-2_RPH_HDM_134.JPG,/home/tsaga/projects/beefresearch-bima/data/dataset_root/DAY-2/DAY-2_RPH_HDM_134.JPG,DAY-2,RPH,HDM,134,True,,0.04382291666666667,False,"(154, 194)"
DAY-2_RPH_HDM_135.JPG,/home/tsaga/projects/beefresearch-bima/data/dataset_root/DAY-2/DAY-2_RPH_HDM_135.JPG,DAY-2,RPH,HDM,135,True,,0.0472,False,"(161, 181)"
DAY-2_RPH_HDM_136.JPG,/home/tsaga/projects/beefresearch-bima/data/dataset_root/DAY-2/DAY-2_RPH_HDM_136.JPG,DAY-2,RPH,HDM,136,True,,0.044025,False,"(151, 175)"
DAY-2_RPH_HDM_137.JPG,/home/tsaga/projects/beefresearch-bima/data/dataset_root/DAY-2/DAY-2_RPH_HDM_137.JPG,DAY-2,RPH,HDM,137,True,,0.03712083333333333,False,"(126, 170)"
DAY-2_RPH_HDM_138.JPG,/home/tsaga/projects/beefresearch-bima/data/dataset_root/DAY-2/DAY-2_RPH_HDM_138.JPG,DAY-2,RPH,HDM,138,True,,0.03729375,False,"(140, 163)"
DAY-2_RPH_HDM_139.JPG,/home/tsaga/projects/beefresearch-bima/data/dataset_root/DAY-2/DAY-2_RPH_HDM_139.JPG,DAY-2,RPH,HDM,139,True,,0.05957916666666667,False,"(166, 232)"
DAY-2_RPH_HDM_140.JPG,/home/tsaga/projects/beefresearch-bima/data/dataset_root/DAY-2/DAY-2_RPH_HDM_140.JPG,DAY-2,RPH,HDM,140,True,,0.057875,False,"(161, 223)"
DAY-2_RPH_HLR_001.JPG,/home/tsaga/projects/beefresearch-bima/data/dataset_root/DAY-2/DAY-2_RPH_HLR_001.JPG,DAY-2,RPH,HLR,1,True,,0.019920833333333332,False,"(114, 139)"
DAY-2_RPH_HLR_002.JPG,/home/tsaga/projects/beefresearch-bima/data/dataset_root/DAY-2/DAY-2_RPH_HLR_002.JPG,DAY-2,RPH,HLR,2,True,,0.032660416666666664,False,"(82, 251)"
DAY-2_RPH_HLR_003.JPG,/home/tsaga/projects/beefresearch-bima/data/dataset_root/DAY-2/DAY-2_RPH_HLR_003.JPG,DAY-2,RPH,HLR,3,True,,0.02928125,False,"(121, 169)"
DAY-2_RPH_HLR_004.JPG,/home/tsaga/projects/beefresearch-bima/data/dataset_root/DAY-2/DAY-2_RPH_HLR_004.JPG,DAY-2,RPH,HLR,4,True,,0.031697916666666666,False,"(124, 179)"
DAY-2_RPH_HLR_005.JPG,/home/tsaga/projects/beefresearch-bima/data/dataset_root/DAY-2/DAY-2_RPH_HLR_005.JPG,DAY-2,RPH,HLR,5,True,,0.01545,False,"(107, 135)"
DAY-2_RPH_HLR_006.JPG,/home/tsaga/projects/beefresearch-bima/data/dataset_root/DAY-2/DAY-2_RPH_HLR_006.JPG,DAY-2,RPH,HLR,6,True,,0.026622916666666666,False,"(113, 171)"
DAY-2_RPH_HLR_007.JPG,/home/tsaga/projects/beefresearch-bima/data/dataset_root/DAY-2/DAY-2_RPH_HLR_007.JPG,DAY-2,RPH,HLR,7,True,,0.016066666666666667,False,"(75, 148)"
DAY-2_RPH_HLR_008.JPG,/home/tsaga/projects/beefresearch-bima/data/dataset_root/DAY-2/DAY-2_RPH_HLR_008.JPG,DAY-2,RPH,HLR,8,True,,0.018077083333333334,False,"(108, 129)"
DAY-2_RPH_HLR_009.JPG,/home/tsaga/projects/beefresearch-bima/data/dataset_root/DAY-2/DAY-2_RPH_HLR_009.JPG,DAY-2,RPH,HLR,9,True,,0.021527083333333332,False,"(114, 149)"
DAY-2_RPH_HLR_010.JPG,/home/tsaga/projects/beefresearch-bima/data/dataset_root/DAY-2/DAY-2_RPH_HLR_010.JPG,DAY-2,RPH,HLR,10,True,,0.0267125,False,"(146, 116)"
DAY-2_RPH_HLR_011.JPG,/home/tsaga/projects/beefresearch-bima/data/dataset_root/DAY-2/DAY-2_RPH_HLR_011.JPG,DAY-2,RPH,HLR,11,True,,0.037875,False,"(89, 211)"
DAY-2_RPH_HLR_012.JPG,/home/tsaga/projects/beefresearch-bima/data/dataset_root/DAY-2/DAY-2_RPH_HLR_012.JPG,DAY-2,RPH,HLR,12,True,,0.01781875,False,"(107, 125)"
DAY-2_RPH_HLR_013.JPG,/home/tsaga/projects/beefresearch-bima/data/dataset_root/DAY-2/DAY-2_RPH_HLR_013.JPG,DAY-2,RPH,HLR,13,True,,0.02494375,False,"(126, 134)"
DAY-2_RPH_HLR_015.JPG,/home/tsaga/projects/beefresearch-bima/data/dataset_root/DAY-2/DAY-2_RPH_HLR_015.JPG,DAY-2,RPH,HLR,15,True,,0.0226,False,"(121, 132)"
DAY-2_RPH_HLR_016.JPG,/home/tsaga/projects/beefresearch-bima/data/dataset_root/DAY-2/DAY-2_RPH_HLR_016.JPG,DAY-2,RPH,HLR,16,True,,0.028072916666666666,False,"(124, 139)"
DAY-2_RPH_HLR_017.JPG,/home/tsaga/projects/beefresearch-bima/data/dataset_root/DAY-2/DAY-2_RPH_HLR_017.JPG,DAY-2,RPH,HLR,17,True,,0.025410416666666668,False,"(138, 130)"
DAY-2_RPH_HLR_018.JPG,/home/tsaga/projects/beefresearch-bima/data/dataset_root/DAY-2/DAY-2_RPH_HLR_018.JPG,DAY-2,RPH,HLR,18,True,,0.028214583333333335,False,"(133, 144)"
DAY-2_RPH_HLR_019.JPG,/home/tsaga/projects/beefresearch-bima/data/dataset_root/DAY-2/DAY-2_RPH_HLR_019.JPG,DAY-2,RPH,HLR,19,True,,0.02354375,False,"(106, 176)"
DAY-2_RPH_HLR_020.JPG,/home/tsaga/projects/beefresearch-bima/data/dataset_root/DAY-2/DAY-2_RPH_HLR_020.JPG,DAY-2,RPH,HLR,20,True,,0.026139583333333334,False,"(106, 165)"
DAY-2_RPH_HLR_021.JPG,/home/tsaga/projects/beefresearch-bima/data/dataset_root/DAY-2/DAY-2_RPH_HLR_021.JPG,DAY-2,RPH,HLR,21,True,,0.0258,False,"(117, 162)"
DAY-2_RPH_HLR_022.JPG,/home/tsaga/projects/beefresearch-bima/data/dataset_root/DAY-2/DAY-2_RPH_HLR_022.JPG,DAY-2,RPH,HLR,22,True,,0.025289583333333334,False,"(107, 167)"
DAY-2_RPH_HLR_023.JPG,/home/tsaga/projects/beefresearch-bima/data/dataset_root/DAY-2/DAY-2_RPH_HLR_023.JPG,DAY-2,RPH,HLR,23,True,,0.01985625,False,"(122, 136)"
DAY-2_RPH_HLR_024.JPG,/home/tsaga/projects/beefresearch-bima/data/dataset_root/DAY-2/DAY-2_RPH_HLR_024.JPG,DAY-2,RPH,HLR,24,True,,0.029158333333333335,False,"(141, 142)"
DAY-2_RPH_HLR_025.JPG,/home/tsaga/projects/beefresearch-bima/data/dataset_root/DAY-2/DAY-2_RPH_HLR_025.JPG,DAY-2,RPH,HLR,25,True,,0.024375,False,"(112, 164)"
DAY-2_RPH_HLR_026.JPG,/home/tsaga/projects/beefresearch-bima/data/dataset_root/DAY-2/DAY-2_RPH_HLR_026.JPG,DAY-2,RPH,HLR,26,True,,0.0264,False,"(132, 172)"
DAY-2_RPH_HLR_027.JPG,/home/tsaga/projects/beefresearch-bima/data/dataset_root/DAY-2/DAY-2_RPH_HLR_027.JPG,DAY-2,RPH,HLR,27,True,,0.016345833333333334,False,"(86, 137)"
DAY-2_RPH_HLR_028.JPG,/home/tsaga/projects/beefresearch-bima/data/dataset_root/DAY-2/DAY-2_RPH_HLR_028.JPG,DAY-2,RPH,HLR,28,True,,0.018804166666666667,False,"(86, 140)"
DAY-2_RPH_HLR_029.JPG,/home/tsaga/projects/beefresearch-bima/data/dataset_root/DAY-2/DAY-2_RPH_HLR_029.JPG,DAY-2,RPH,HLR,29,True,,0.029854166666666668,False,"(121, 158)"
DAY-2_RPH_HLR_030.JPG,/home/tsaga/projects/beefresearch-bima/data/dataset_root/DAY-2/DAY-2_RPH_HLR_030.JPG,DAY-2,RPH,HLR,30,True,,0.029375,False,"(129, 143)"
DAY-2_RPH_HLR_031.JPG,/home/tsaga/projects/beefresearch-bima/data/dataset_root/DAY-2/DAY-2_RPH_HLR_031.JPG,DAY-2,RPH,HLR,31,True,,0.04275,False,"(94, 225)"
DAY-2_RPH_HLR_032.JPG,/home/tsaga/projects/beefresearch-bima/data/dataset_root/DAY-2/DAY-2_RPH_HLR_032.JPG,DAY-2,RPH,HLR,32,True,,0.038475,False,"(89, 214)"
DAY-2_RPH_HLR_033.JPG,/home/tsaga/projects/beefresearch-bima/data/dataset_root/DAY-2/DAY-2_RPH_HLR_033.JPG,DAY-2,RPH,HLR,33,True,,0.02971875,False,"(152, 141)"
DAY-2_RPH_HLR_034.JPG,/home/tsaga/projects/beefresearch-bima/data/dataset_root/DAY-2/DAY-2_RPH_HLR_034.JPG,DAY-2,RPH,HLR,34,True,,0.03234375,False,"(145, 157)"
DAY-2_RPH_HLR_035.JPG,/home/tsaga/projects/beefresearch-bima/data/dataset_root/DAY-2/DAY-2_RPH_HLR_035.JPG,DAY-2,RPH,HLR,35,True,,0.03486875,False,"(80, 216)"
DAY-2_RPH_HLR_036.JPG,/home/tsaga/projects/beefresearch-bima/data/dataset_root/DAY-2/DAY-2_RPH_HLR_036.JPG,DAY-2,RPH,HLR,36,True,,0.037497916666666666,False,"(86, 216)"
DAY-2_RPH_HLR_037.JPG,/home/tsaga/projects/beefresearch-bima/data/dataset_root/DAY-2/DAY-2_RPH_HLR_037.JPG,DAY-2,RPH,HLR,37,True,,0.03367708333333334,False,"(72, 287)"
DAY-2_RPH_HLR_038.JPG,/home/tsaga/projects/beefresearch-bima/data/dataset_root/DAY-2/DAY-2_RPH_HLR_038.JPG,DAY-2,RPH,HLR,38,True,,0.018347916666666665,False,"(105, 127)"
DAY-2_RPH_HLR_040.JPG,/home/tsaga/projects/beefresearch-bima/data/dataset_root/DAY-2/DAY-2_RPH_HLR_040.JPG,DAY-2,RPH,HLR,40,True,,0.023875,False,"(110, 130)"
DAY-2_RPH_HLR_041.JPG,/home/tsaga/projects/beefresearch-bima/data/dataset_root/DAY-2/DAY-2_RPH_HLR_041.JPG,DAY-2,RPH,HLR,41,True,,0.0270875,False,"(134, 132)"
DAY-2_RPH_HLR_042.JPG,/home/tsaga/projects/beefresearch-bima/data/dataset_root/DAY-2/DAY-2_RPH_HLR_042.JPG,DAY-2,RPH,HLR,42,True,,0.029385416666666667,False,"(134, 150)"
DAY-2_RPH_HLR_043.JPG,/home/tsaga/projects/beefresearch-bima/data/dataset_root/DAY-2/DAY-2_RPH_HLR_043.JPG,DAY-2,RPH,HLR,43,True,,0.03787708333333333,False,"(86, 220)"
DAY-2_RPH_HLR_044.JPG,/home/tsaga/projects/beefresearch-bima/data/dataset_root/DAY-2/DAY-2_RPH_HLR_044.JPG,DAY-2,RPH,HLR,44,True,,0.0173,False,"(94, 128)"
DAY-2_RPH_HLR_045.JPG,/home/tsaga/projects/beefresearch-bima/data/dataset_root/DAY-2/DAY-2_RPH_HLR_045.JPG,DAY-2,RPH,HLR,45,True,,0.03922083333333334,False,"(82, 238)"
DAY-2_RPH_HLR_046.JPG,/home/tsaga/projects/beefresearch-bima/data/dataset_root/DAY-2/DAY-2_RPH_HLR_046.JPG,DAY-2,RPH,HLR,46,True,,0.038925,False,"(82, 239)"
DAY-2_RPH_HLR_047.JPG,/home/tsaga/projects/beefresearch-bima/data/dataset_root/DAY-2/DAY-2_RPH_HLR_047.JPG,DAY-2,RPH,HLR,47,True,,0.0289,False,"(137, 154)"
DAY-2_RPH_HLR_048.JPG,/home/tsaga/projects/beefresearch-bima/data/dataset_root/DAY-2/DAY-2_RPH_HLR_048.JPG,DAY-2,RPH,HLR,48,True,,0.03073125,False,"(134, 164)"
DAY-2_RPH_HLR_049.JPG,/home/tsaga/projects/beefresearch-bima/data/dataset_root/DAY-2/DAY-2_RPH_HLR_049.JPG,DAY-2,RPH,HLR,49,True,,0.03911041666666667,False,"(155, 181)"
DAY-2_RPH_HLR_050.JPG,/home/tsaga/projects/beefresearch-bima/data/dataset_root/DAY-2/DAY-2_RPH_HLR_050.JPG,DAY-2,RPH,HLR,50,True,,0.03979791666666667,False,"(154, 210)"
DAY-2_RPH_HLR_051.JPG,/home/tsaga/projects/beefresearch-bima/data/dataset_root/DAY-2/DAY-2_RPH_HLR_051.JPG,DAY-2,RPH,HLR,51,True,,0.03869375,False,"(80, 243)"
DAY-2_RPH_HLR_052.JPG,/home/tsaga/projects/beefresearch-bima/data/dataset_root/DAY-2/DAY-2_RPH_HLR_052.JPG,DAY-2,RPH,HLR,52,True,,0.04257916666666667,False,"(87, 244)"
DAY-2_RPH_HLR_053.JPG,/home/tsaga/projects/beefresearch-bima/data/dataset_root/DAY-2/DAY-2_RPH_HLR_053.JPG,DAY-2,RPH,HLR,53,True,,0.028410416666666667,False,"(136, 153)"
DAY-2_RPH_HLR_054.JPG,/home/tsaga/projects/beefresearch-bima/data/dataset_root/DAY-2/DAY-2_RPH_HLR_054.JPG,DAY-2,RPH,HLR,54,True,,0.029972916666666665,False,"(132, 153)"
DAY-2_RPH_HLR_055.JPG,/home/tsaga/projects/beefresearch-bima/data/dataset_root/DAY-2/DAY-2_RPH_HLR_055.JPG,DAY-2,RPH,HLR,55,True,,0.018670833333333334,False,"(89, 146)"
DAY-2_RPH_HLR_056.JPG,/home/tsaga/projects/beefresearch-bima/data/dataset_root/DAY-2/DAY-2_RPH_HLR_056.JPG,DAY-2,RPH,HLR,56,True,,0.017516666666666666,False,"(93, 139)"
DAY-2_RPH_HLR_057.JPG,/home/tsaga/projects/beefresearch-bima/data/dataset_root/DAY-2/DAY-2_RPH_HLR_057.JPG,DAY-2,RPH,HLR,57,True,,0.0219625,False,"(122, 121)"
DAY-2_RPH_HLR_058.JPG,/home/tsaga/projects/beefresearch-bima/data/dataset_root/DAY-2/DAY-2_RPH_HLR_058.JPG,DAY-2,RPH,HLR,58,True,,0.023229166666666665,False,"(119, 137)"
DAY-2_RPH_HLR_059.JPG,/home/tsaga/projects/beefresearch-bima/data/dataset_root/DAY-2/DAY-2_RPH_HLR_059.JPG,DAY-2,RPH,HLR,59,True,,0.038475,False,"(81, 240)"
DAY-2_RPH_HLR_060.JPG,/home/tsaga/projects/beefresearch-bima/data/dataset_root/DAY-2/DAY-2_RPH_HLR_060.JPG,DAY-2,RPH,HLR,60,True,,0.0165375,False,"(98, 126)"
DAY-2_RPH_HLR_062.JPG,/home/tsaga/projects/beefresearch-bima/data/dataset_root/DAY-2/DAY-2_RPH_HLR_062.JPG,DAY-2,RPH,HLR,62,True,,0.02446875,False,"(112, 147)"
DAY-2_RPH_HLR_063.JPG,/home/tsaga/projects/beefresearch-bima/data/dataset_root/DAY-2/DAY-2_RPH_HLR_063.JPG,DAY-2,RPH,HLR,63,True,,0.027966666666666667,False,"(135, 135)"
DAY-2_RPH_HLR_064.JPG,/home/tsaga/projects/beefresearch-bima/data/dataset_root/DAY-2/DAY-2_RPH_HLR_064.JPG,DAY-2,RPH,HLR,64,True,,0.02796875,False,"(123, 147)"
DAY-2_RPH_HLR_065.JPG,/home/tsaga/projects/beefresearch-bima/data/dataset_root/DAY-2/DAY-2_RPH_HLR_065.JPG,DAY-2,RPH,HLR,65,True,,0.030885416666666665,False,"(154, 143)"
DAY-2_RPH_HLR_066.JPG,/home/tsaga/projects/beefresearch-bima/data/dataset_root/DAY-2/DAY-2_RPH_HLR_066.JPG,DAY-2,RPH,HLR,66,True,,0.030647916666666667,False,"(150, 150)"
DAY-2_RPH_HLR_067.JPG,/home/tsaga/projects/beefresearch-bima/data/dataset_root/DAY-2/DAY-2_RPH_HLR_067.JPG,DAY-2,RPH,HLR,67,True,,0.03311875,False,"(77, 231)"
DAY-2_RPH_HLR_068.JPG,/home/tsaga/projects/beefresearch-bima/data/dataset_root/DAY-2/DAY-2_RPH_HLR_068.JPG,DAY-2,RPH,HLR,68,True,,0.022383333333333335,False,"(123, 138)"
DAY-2_RPH_HLR_069.JPG,/home/tsaga/projects/beefresearch-bima/data/dataset_root/DAY-2/DAY-2_RPH_HLR_069.JPG,DAY-2,RPH,HLR,69,True,,0.03330416666666667,False,"(60, 318)"
DAY-2_RPH_HLR_070.JPG,/home/tsaga/projects/beefresearch-bima/data/dataset_root/DAY-2/DAY-2_RPH_HLR_070.JPG,DAY-2,RPH,HLR,70,True,,0.022452083333333334,False,"(125, 139)"
DAY-2_RPH_HLR_071.JPG,/home/tsaga/projects/beefresearch-bima/data/dataset_root/DAY-2/DAY-2_RPH_HLR_071.JPG,DAY-2,RPH,HLR,71,True,,0.034525,False,"(161, 179)"
DAY-2_RPH_HLR_072.JPG,/home/tsaga/projects/beefresearch-bima/data/dataset_root/DAY-2/DAY-2_RPH_HLR_072.JPG,DAY-2,RPH,HLR,72,True,,0.03173541666666667,False,"(130, 152)"
DAY-2_RPH_HLR_073.JPG,/home/tsaga/projects/beefresearch-bima/data/dataset_root/DAY-2/DAY-2_RPH_HLR_073.JPG,DAY-2,RPH,HLR,73,True,,0.02431875,False,"(130, 133)"
DAY-2_RPH_HLR_074.JPG,/home/tsaga/projects/beefresearch-bima/data/dataset_root/DAY-2/DAY-2_RPH_HLR_074.JPG,DAY-2,RPH,HLR,74,True,,0.024158333333333334,False,"(132, 139)"
DAY-2_RPH_HLR_075.JPG,/home/tsaga/projects/beefresearch-bima/data/dataset_root/DAY-2/DAY-2_RPH_HLR_075.JPG,DAY-2,RPH,HLR,75,True,,0.026258333333333335,False,"(123, 179)"
DAY-2_RPH_HLR_076.JPG,/home/tsaga/projects/beefresearch-bima/data/dataset_root/DAY-2/DAY-2_RPH_HLR_076.JPG,DAY-2,RPH,HLR,76,True,,0.030560416666666666,False,"(129, 198)"
DAY-2_RPH_HLR_078.JPG,/home/tsaga/projects/beefresearch-bima/data/dataset_root/DAY-2/DAY-2_RPH_HLR_078.JPG,DAY-2,RPH,HLR,78,True,,0.020602083333333333,False,"(103, 143)"
DAY-2_RPH_HLR_079.JPG,/home/tsaga/projects/beefresearch-bima/data/dataset_root/DAY-2/DAY-2_RPH_HLR_079.JPG,DAY-2,RPH,HLR,79,True,,0.025427083333333333,False,"(129, 135)"
DAY-2_RPH_HLR_080.JPG,/home/tsaga/projects/beefresearch-bima/data/dataset_root/DAY-2/DAY-2_RPH_HLR_080.JPG,DAY-2,RPH,HLR,80,True,,0.026277083333333333,False,"(138, 129)"
DAY-2_RPH_HLR_081.JPG,/home/tsaga/projects/beefresearch-bima/data/dataset_root/DAY-2/DAY-2_RPH_HLR_081.JPG,DAY-2,RPH,HLR,81,True,,0.026254166666666665,False,"(122, 156)"
DAY-2_RPH_HLR_082.JPG,/home/tsaga/projects/beefresearch-bima/data/dataset_root/DAY-2/DAY-2_RPH_HLR_082.JPG,DAY-2,RPH,HLR,82,True,,0.016797916666666666,False,"(133, 132)"
DAY-2_RPH_HLR_083.JPG,/home/tsaga/projects/beefresearch-bima/data/dataset_root/DAY-2/DAY-2_RPH_HLR_083.JPG,DAY-2,RPH,HLR,83,True,,0.025154166666666665,False,"(115, 135)"
DAY-2_RPH_HLR_084.JPG,/home/tsaga/projects/beefresearch-bima/data/dataset_root/DAY-2/DAY-2_RPH_HLR_084.JPG,DAY-2,RPH,HLR,84,True,,0.027977083333333333,False,"(128, 133)"
DAY-2_RPH_HLR_085.JPG,/home/tsaga/projects/beefresearch-bima/data/dataset_root/DAY-2/DAY-2_RPH_HLR_085.JPG,DAY-2,RPH,HLR,85,True,,0.035872916666666664,False,"(79, 284)"
DAY-2_RPH_HLR_086.JPG,/home/tsaga/projects/beefresearch-bima/data/dataset_root/DAY-2/DAY-2_RPH_HLR_086.JPG,DAY-2,RPH,HLR,86,True,,0.016816666666666667,False,"(90, 139)"
DAY-2_RPH_HLR_087.JPG,/home/tsaga/projects/beefresearch-bima/data/dataset_root/DAY-2/DAY-2_RPH_HLR_087.JPG,DAY-2,RPH,HLR,87,True,,0.039614583333333335,False,"(140, 171)"
DAY-2_RPH_HLR_088.JPG,/home/tsaga/projects/beefresearch-bima/data/dataset_root/DAY-2/DAY-2_RPH_HLR_088.JPG,DAY-2,RPH,HLR,88,True,,0.0380375,False,"(144, 171)"
DAY-2_RPH_HLR_089.JPG,/home/tsaga/projects/beefresearch-bima/data/dataset_root/DAY-2/DAY-2_RPH_HLR_089.JPG,DAY-2,RPH,HLR,89,True,,0.0314,False,"(136, 144)"
DAY-2_RPH_HLR_090.JPG,/home/tsaga/projects/beefresearch-bima/data/dataset_root/DAY-2/DAY-2_RPH_HLR_090.JPG,DAY-2,RPH,HLR,90,True,,0.032347916666666664,False,"(153, 136)"
DAY-2_RPH_HLR_091.JPG,/home/tsaga/projects/beefresearch-bima/data/dataset_root/DAY-2/DAY-2_RPH_HLR_091.JPG,DAY-2,RPH,HLR,91,True,,0.034383333333333335,False,"(158, 145)"
DAY-2_RPH_HLR_092.JPG,/home/tsaga/projects/beefresearch-bima/data/dataset_root/DAY-2/DAY-2_RPH_HLR_092.JPG,DAY-2,RPH,HLR,92,True,,0.03386875,False,"(154, 148)"
DAY-2_RPH_HLR_094.JPG,/home/tsaga/projects/beefresearch-bima/data/dataset_root/DAY-2/DAY-2_RPH_HLR_094.JPG,DAY-2,RPH,HLR,94,True,,0.030860416666666668,False,"(136, 150)"
DAY-2_RPH_HLR_095.JPG,/home/tsaga/projects/beefresearch-bima/data/dataset_root/DAY-2/DAY-2_RPH_HLR_095.JPG,DAY-2,RPH,HLR,95,True,,0.05823125,False,"(165, 232)"
DAY-2_RPH_HLR_096.JPG,/home/tsaga/projects/beefresearch-bima/data/dataset_root/DAY-2/DAY-2_RPH_HLR_096.JPG,DAY-2,RPH,HLR,96,True,,0.05950833333333334,False,"(174, 220)"
DAY-2_RPH_HLR_097.JPG,/home/tsaga/projects/beefresearch-bima/data/dataset_root/DAY-2/DAY-2_RPH_HLR_097.JPG,DAY-2,RPH,HLR,97,True,,0.03438125,False,"(143, 165)"
DAY-2_RPH_HLR_098.JPG,/home/tsaga/projects/beefresearch-bima/data/dataset_root/DAY-2/DAY-2_RPH_HLR_098.JPG,DAY-2,RPH,HLR,98,True,,0.042297916666666664,False,"(152, 175)"
DAY-2_RPH_HLR_099.JPG,/home/tsaga/projects/beefresearch-bima/data/dataset_root/DAY-2/DAY-2_RPH_HLR_099.JPG,DAY-2,RPH,HLR,99,True,,0.03821041666666666,False,"(146, 179)"
DAY-2_RPH_HLR_100.JPG,/home/tsaga/projects/beefresearch-bima/data/dataset_root/DAY-2/DAY-2_RPH_HLR_100.JPG,DAY-2,RPH,HLR,100,True,,0.03995,False,"(134, 184)"
DAY-2_RPH_HLR_101.JPG,/home/tsaga/projects/beefresearch-bima/data/dataset_root/DAY-2/DAY-2_RPH_HLR_101.JPG,DAY-2,RPH,HLR,101,True,,0.04439375,False,"(149, 214)"
DAY-2_RPH_HLR_102.JPG,/home/tsaga/projects/beefresearch-bima/data/dataset_root/DAY-2/DAY-2_RPH_HLR_102.JPG,DAY-2,RPH,HLR,102,True,,0.04345,False,"(141, 205)"
DAY-2_RPH_HLR_103.JPG,/home/tsaga/projects/beefresearch-bima/data/dataset_root/DAY-2/DAY-2_RPH_HLR_103.JPG,DAY-2,RPH,HLR,103,True,,0.04253333333333333,False,"(144, 189)"
DAY-2_RPH_HLR_104.JPG,/home/tsaga/projects/beefresearch-bima/data/dataset_root/DAY-2/DAY-2_RPH_HLR_104.JPG,DAY-2,RPH,HLR,104,True,,0.04357916666666667,False,"(144, 192)"
DAY-2_RPH_HLR_105.JPG,/home/tsaga/projects/beefresearch-bima/data/dataset_root/DAY-2/DAY-2_RPH_HLR_105.JPG,DAY-2,RPH,HLR,105,True,,0.058910416666666666,False,"(165, 224)"
DAY-2_RPH_HLR_106.JPG,/home/tsaga/projects/beefresearch-bima/data/dataset_root/DAY-2/DAY-2_RPH_HLR_106.JPG,DAY-2,RPH,HLR,106,True,,0.058154166666666667,False,"(177, 226)"
DAY-2_RPH_HLR_107.JPG,/home/tsaga/projects/beefresearch-bima/data/dataset_root/DAY-2/DAY-2_RPH_HLR_107.JPG,DAY-2,RPH,HLR,107,True,,0.039814583333333334,False,"(139, 199)"
DAY-2_RPH_HLR_109.JPG,/home/tsaga/projects/beefresearch-bima/data/dataset_root/DAY-2/DAY-2_RPH_HLR_109.JPG,DAY-2,RPH,HLR,109,True,,0.041245833333333336,False,"(127, 205)"
DAY-2_RPH_HLR_110.JPG,/home/tsaga/projects/beefresearch-bima/data/dataset_root/DAY-2/DAY-2_RPH_HLR_110.JPG,DAY-2,RPH,HLR,110,True,,0.04181666666666667,False,"(131, 185)"
DAY-2_RPH_HLR_111.JPG,/home/tsaga/projects/beefresearch-bima/data/dataset_root/DAY-2/DAY-2_RPH_HLR_111.JPG,DAY-2,RPH,HLR,111,True,,0.04916458333333333,False,"(169, 191)"
DAY-2_RPH_HLR_112.JPG,/home/tsaga/projects/beefresearch-bima/data/dataset_root/DAY-2/DAY-2_RPH_HLR_112.JPG,DAY-2,RPH,HLR,112,True,,0.0524375,False,"(162, 191)"
DAY-2_RPH_HLR_113.JPG,/home/tsaga/projects/beefresearch-bima/data/dataset_root/DAY-2/DAY-2_RPH_HLR_113.JPG,DAY-2,RPH,HLR,113,True,,0.041416666666666664,False,"(158, 164)"
DAY-2_RPH_HLR_114.JPG,/home/tsaga/projects/beefresearch-bima/data/dataset_root/DAY-2/DAY-2_RPH_HLR_114.JPG,DAY-2,RPH,HLR,114,True,,0.046575,False,"(163, 184)"
DAY-2_RPH_HLR_115.JPG,/home/tsaga/projects/beefresearch-bima/data/dataset_root/DAY-2/DAY-2_RPH_HLR_115.JPG,DAY-2,RPH,HLR,115,True,,0.04265833333333333,False,"(143, 215)"
DAY-2_RPH_HLR_116.JPG,/home/tsaga/projects/beefresearch-bima/data/dataset_root/DAY-2/DAY-2_RPH_HLR_116.JPG,DAY-2,RPH,HLR,116,True,,0.0494625,False,"(146, 226)"
DAY-2_RPH_HLR_117.JPG,/home/tsaga/projects/beefresearch-bima/data/dataset_root/DAY-2/DAY-2_RPH_HLR_117.JPG,DAY-2,RPH,HLR,117,True,,0.0621125,False,"(169, 245)"
DAY-2_RPH_HLR_118.JPG,/home/tsaga/projects/beefresearch-bima/data/dataset_root/DAY-2/DAY-2_RPH_HLR_118.JPG,DAY-2,RPH,HLR,118,True,,0.0626375,False,"(192, 232)"
DAY-2_RPH_HLR_119.JPG,/home/tsaga/projects/beefresearch-bima/data/dataset_root/DAY-2/DAY-2_RPH_HLR_119.JPG,DAY-2,RPH,HLR,119,True,,0.05099375,False,"(172, 217)"
DAY-2_RPH_HLR_120.JPG,/home/tsaga/projects/beefresearch-bima/data/dataset_root/DAY-2/DAY-2_RPH_HLR_120.JPG,DAY-2,RPH,HLR,120,True,,0.04936875,False,"(150, 237)"
DAY-2_RPH_HLR_121.JPG,/home/tsaga/projects/beefresearch-bima/data/dataset_root/DAY-2/DAY-2_RPH_HLR_121.JPG,DAY-2,RPH,HLR,121,True,,0.037420833333333334,False,"(153, 165)"
DAY-2_RPH_HLR_122.JPG,/home/tsaga/projects/beefresearch-bima/data/dataset_root/DAY-2/DAY-2_RPH_HLR_122.JPG,DAY-2,RPH,HLR,122,True,,0.04190208333333333,False,"(148, 177)"
DAY-2_RPH_HLR_123.JPG,/home/tsaga/projects/beefresearch-bima/data/dataset_root/DAY-2/DAY-2_RPH_HLR_123.JPG,DAY-2,RPH,HLR,123,True,,0.03455625,False,"(140, 175)"
DAY-2_RPH_HLR_124.JPG,/home/tsaga/projects/beefresearch-bima/data/dataset_root/DAY-2/DAY-2_RPH_HLR_124.JPG,DAY-2,RPH,HLR,124,True,,0.04231875,False,"(135, 185)"
DAY-2_RPH_HLR_125.JPG,/home/tsaga/projects/beefresearch-bima/data/dataset_root/DAY-2/DAY-2_RPH_HLR_125.JPG,DAY-2,RPH,HLR,125,True,,0.051720833333333334,False,"(164, 218)"
DAY-2_RPH_HLR_126.JPG,/home/tsaga/projects/beefresearch-bima/data/dataset_root/DAY-2/DAY-2_RPH_HLR_126.JPG,DAY-2,RPH,HLR,126,True,,0.054433333333333334,False,"(180, 214)"
DAY-2_RPH_HLR_128.JPG,/home/tsaga/projects/beefresearch-bima/data/dataset_root/DAY-2/DAY-2_RPH_HLR_128.JPG,DAY-2,RPH,HLR,128,True,,0.05106666666666667,False,"(168, 196)"
DAY-2_RPH_HLR_129.JPG,/home/tsaga/projects/beefresearch-bima/data/dataset_root/DAY-2/DAY-2_RPH_HLR_129.JPG,DAY-2,RPH,HLR,129,True,,0.029772916666666666,False,"(143, 145)"
DAY-2_RPH_HLR_130.JPG,/home/tsaga/projects/beefresearch-bima/data/dataset_root/DAY-2/DAY-2_RPH_HLR_130.JPG,DAY-2,RPH,HLR,130,True,,0.029945833333333335,False,"(142, 140)"
DAY-2_RPH_HLR_131.JPG,/home/tsaga/projects/beefresearch-bima/data/dataset_root/DAY-2/DAY-2_RPH_HLR_131.JPG,DAY-2,RPH,HLR,131,True,,0.042554166666666664,False,"(163, 199)"
DAY-2_RPH_HLR_132.JPG,/home/tsaga/projects/beefresearch-bima/data/dataset_root/DAY-2/DAY-2_RPH_HLR_132.JPG,DAY-2,RPH,HLR,132,True,,0.05010208333333333,False,"(182, 204)"
DAY-2_RPH_HLR_133.JPG,/home/tsaga/projects/beefresearch-bima/data/dataset_root/DAY-2/DAY-2_RPH_HLR_133.JPG,DAY-2,RPH,HLR,133,True,,0.042383333333333335,False,"(175, 169)"
DAY-2_RPH_HLR_134.JPG,/home/tsaga/projects/beefresearch-bima/data/dataset_root/DAY-2/DAY-2_RPH_HLR_134.JPG,DAY-2,RPH,HLR,134,True,,0.04298125,False,"(171, 162)"
DAY-2_RPH_HLR_135.JPG,/home/tsaga/projects/beefresearch-bima/data/dataset_root/DAY-2/DAY-2_RPH_HLR_135.JPG,DAY-2,RPH,HLR,135,True,,0.035327083333333335,False,"(119, 169)"
DAY-2_RPH_HLR_136.JPG,/home/tsaga/projects/beefresearch-bima/data/dataset_root/DAY-2/DAY-2_RPH_HLR_136.JPG,DAY-2,RPH,HLR,136,True,,0.03535,False,"(120, 174)"
DAY-2_RPH_HLR_137.JPG,/home/tsaga/projects/beefresearch-bima/data/dataset_root/DAY-2/DAY-2_RPH_HLR_137.JPG,DAY-2,RPH,HLR,137,True,,0.036491666666666665,False,"(132, 183)"
DAY-2_RPH_HLR_138.JPG,/home/tsaga/projects/beefresearch-bima/data/dataset_root/DAY-2/DAY-2_RPH_HLR_138.JPG,DAY-2,RPH,HLR,138,True,,0.03785416666666667,False,"(134, 174)"
DAY-2_RPH_HLR_139.JPG,/home/tsaga/projects/beefresearch-bima/data/dataset_root/DAY-2/DAY-2_RPH_HLR_139.JPG,DAY-2,RPH,HLR,139,True,,0.042645833333333334,False,"(132, 223)"
DAY-2_RPH_HLR_140.JPG,/home/tsaga/projects/beefresearch-bima/data/dataset_root/DAY-2/DAY-2_RPH_HLR_140.JPG,DAY-2,RPH,HLR,140,True,,0.04737916666666667,False,"(129, 226)"
DAY-2_RPH_KLP_001.JPG,/home/tsaga/projects/beefresearch-bima/data/dataset_root/DAY-2/DAY-2_RPH_KLP_001.JPG,DAY-2,RPH,KLP,1,True,,0.04161666666666667,False,"(173, 164)"
DAY-2_RPH_KLP_002.JPG,/home/tsaga/projects/beefresearch-bima/data/dataset_root/DAY-2/DAY-2_RPH_KLP_002.JPG,DAY-2,RPH,KLP,2,True,,0.03569375,False,"(147, 176)"
DAY-2_RPH_KLP_003.JPG,/home/tsaga/projects/beefresearch-bima/data/dataset_root/DAY-2/DAY-2_RPH_KLP_003.JPG,DAY-2,RPH,KLP,3,True,,0.03211875,False,"(122, 180)"
DAY-2_RPH_KLP_004.JPG,/home/tsaga/projects/beefresearch-bima/data/dataset_root/DAY-2/DAY-2_RPH_KLP_004.JPG,DAY-2,RPH,KLP,4,True,,0.035008333333333336,False,"(129, 188)"
DAY-2_RPH_KLP_005.JPG,/home/tsaga/projects/beefresearch-bima/data/dataset_root/DAY-2/DAY-2_RPH_KLP_005.JPG,DAY-2,RPH,KLP,5,True,,0.040904166666666665,False,"(158, 216)"
DAY-2_RPH_KLP_006.JPG,/home/tsaga/projects/beefresearch-bima/data/dataset_root/DAY-2/DAY-2_RPH_KLP_006.JPG,DAY-2,RPH,KLP,6,True,,0.03799375,False,"(149, 177)"
DAY-2_RPH_KLP_007.JPG,/home/tsaga/projects/beefresearch-bima/data/dataset_root/DAY-2/DAY-2_RPH_KLP_007.JPG,DAY-2,RPH,KLP,7,True,,0.0511625,False,"(154, 258)"
DAY-2_RPH_KLP_008.JPG,/home/tsaga/projects/beefresearch-bima/data/dataset_root/DAY-2/DAY-2_RPH_KLP_008.JPG,DAY-2,RPH,KLP,8,True,,0.04843125,False,"(154, 260)"
DAY-2_RPH_KLP_009.JPG,/home/tsaga/projects/beefresearch-bima/data/dataset_root/DAY-2/DAY-2_RPH_KLP_009.JPG,DAY-2,RPH,KLP,9,True,,0.04352291666666667,False,"(137, 221)"
DAY-2_RPH_KLP_010.JPG,/home/tsaga/projects/beefresearch-bima/data/dataset_root/DAY-2/DAY-2_RPH_KLP_010.JPG,DAY-2,RPH,KLP,10,True,,0.04338541666666667,False,"(132, 228)"
DAY-2_RPH_KLP_011.JPG,/home/tsaga/projects/beefresearch-bima/data/dataset_root/DAY-2/DAY-2_RPH_KLP_011.JPG,DAY-2,RPH,KLP,11,True,,0.03386875,False,"(138, 201)"
DAY-2_RPH_KLP_012.JPG,/home/tsaga/projects/beefresearch-bima/data/dataset_root/DAY-2/DAY-2_RPH_KLP_012.JPG,DAY-2,RPH,KLP,12,True,,0.03192291666666667,False,"(143, 162)"
DAY-2_RPH_KLP_013.JPG,/home/tsaga/projects/beefresearch-bima/data/dataset_root/DAY-2/DAY-2_RPH_KLP_013.JPG,DAY-2,RPH,KLP,13,True,,0.029829166666666667,False,"(120, 190)"
DAY-2_RPH_KLP_014.JPG,/home/tsaga/projects/beefresearch-bima/data/dataset_root/DAY-2/DAY-2_RPH_KLP_014.JPG,DAY-2,RPH,KLP,14,True,,0.025789583333333334,False,"(138, 139)"
DAY-2_RPH_KLP_015.JPG,/home/tsaga/projects/beefresearch-bima/data/dataset_root/DAY-2/DAY-2_RPH_KLP_015.JPG,DAY-2,RPH,KLP,15,True,,0.03525625,False,"(138, 170)"
DAY-2_RPH_KLP_016.JPG,/home/tsaga/projects/beefresearch-bima/data/dataset_root/DAY-2/DAY-2_RPH_KLP_016.JPG,DAY-2,RPH,KLP,16,True,,0.039279166666666664,False,"(157, 182)"
DAY-2_RPH_KLP_017.JPG,/home/tsaga/projects/beefresearch-bima/data/dataset_root/DAY-2/DAY-2_RPH_KLP_017.JPG,DAY-2,RPH,KLP,17,True,,0.0359125,False,"(171, 176)"
DAY-2_RPH_KLP_018.JPG,/home/tsaga/projects/beefresearch-bima/data/dataset_root/DAY-2/DAY-2_RPH_KLP_018.JPG,DAY-2,RPH,KLP,18,True,,0.035747916666666664,False,"(138, 180)"
DAY-2_RPH_KLP_019.JPG,/home/tsaga/projects/beefresearch-bima/data/dataset_root/DAY-2/DAY-2_RPH_KLP_019.JPG,DAY-2,RPH,KLP,19,True,,0.0383125,False,"(129, 191)"
DAY-2_RPH_KLP_020.JPG,/home/tsaga/projects/beefresearch-bima/data/dataset_root/DAY-2/DAY-2_RPH_KLP_020.JPG,DAY-2,RPH,KLP,20,True,,0.034466666666666666,False,"(116, 197)"
DAY-2_RPH_KLP_021.JPG,/home/tsaga/projects/beefresearch-bima/data/dataset_root/DAY-2/DAY-2_RPH_KLP_021.JPG,DAY-2,RPH,KLP,21,True,,0.0301625,False,"(115, 173)"
DAY-2_RPH_KLP_022.JPG,/home/tsaga/projects/beefresearch-bima/data/dataset_root/DAY-2/DAY-2_RPH_KLP_022.JPG,DAY-2,RPH,KLP,22,True,,0.029233333333333333,False,"(107, 164)"
DAY-2_RPH_KLP_023.JPG,/home/tsaga/projects/beefresearch-bima/data/dataset_root/DAY-2/DAY-2_RPH_KLP_023.JPG,DAY-2,RPH,KLP,23,True,,0.0366375,False,"(134, 183)"
DAY-2_RPH_KLP_024.JPG,/home/tsaga/projects/beefresearch-bima/data/dataset_root/DAY-2/DAY-2_RPH_KLP_024.JPG,DAY-2,RPH,KLP,24,True,,0.036991666666666666,False,"(138, 176)"
DAY-2_RPH_KLP_025.JPG,/home/tsaga/projects/beefresearch-bima/data/dataset_root/DAY-2/DAY-2_RPH_KLP_025.JPG,DAY-2,RPH,KLP,25,True,,0.04187291666666667,False,"(154, 172)"
DAY-2_RPH_KLP_026.JPG,/home/tsaga/projects/beefresearch-bima/data/dataset_root/DAY-2/DAY-2_RPH_KLP_026.JPG,DAY-2,RPH,KLP,26,True,,0.0460375,False,"(159, 176)"
DAY-2_RPH_KLP_027.JPG,/home/tsaga/projects/beefresearch-bima/data/dataset_root/DAY-2/DAY-2_RPH_KLP_027.JPG,DAY-2,RPH,KLP,27,True,,0.03786458333333333,False,"(149, 176)"
DAY-2_RPH_KLP_028.JPG,/home/tsaga/projects/beefresearch-bima/data/dataset_root/DAY-2/DAY-2_RPH_KLP_028.JPG,DAY-2,RPH,KLP,28,True,,0.0326625,False,"(144, 155)"
DAY-2_RPH_KLP_029.JPG,/home/tsaga/projects/beefresearch-bima/data/dataset_root/DAY-2/DAY-2_RPH_KLP_029.JPG,DAY-2,RPH,KLP,29,True,,0.042008333333333335,False,"(149, 190)"
DAY-2_RPH_KLP_030.JPG,/home/tsaga/projects/beefresearch-bima/data/dataset_root/DAY-2/DAY-2_RPH_KLP_030.JPG,DAY-2,RPH,KLP,30,True,,0.03902708333333333,False,"(143, 168)"
DAY-2_RPH_KLP_031.JPG,/home/tsaga/projects/beefresearch-bima/data/dataset_root/DAY-2/DAY-2_RPH_KLP_031.JPG,DAY-2,RPH,KLP,31,True,,0.04343333333333333,False,"(146, 199)"
DAY-2_RPH_KLP_032.JPG,/home/tsaga/projects/beefresearch-bima/data/dataset_root/DAY-2/DAY-2_RPH_KLP_032.JPG,DAY-2,RPH,KLP,32,True,,0.04382291666666667,False,"(166, 196)"
DAY-2_RPH_KLP_033.JPG,/home/tsaga/projects/beefresearch-bima/data/dataset_root/DAY-2/DAY-2_RPH_KLP_033.JPG,DAY-2,RPH,KLP,33,True,,0.03625,False,"(152, 165)"
DAY-2_RPH_KLP_034.JPG,/home/tsaga/projects/beefresearch-bima/data/dataset_root/DAY-2/DAY-2_RPH_KLP_034.JPG,DAY-2,RPH,KLP,34,True,,0.034202083333333334,False,"(133, 179)"
DAY-2_RPH_KLP_035.JPG,/home/tsaga/projects/beefresearch-bima/data/dataset_root/DAY-2/DAY-2_RPH_KLP_035.JPG,DAY-2,RPH,KLP,35,True,,0.04318125,False,"(160, 173)"
DAY-2_RPH_KLP_036.JPG,/home/tsaga/projects/beefresearch-bima/data/dataset_root/DAY-2/DAY-2_RPH_KLP_036.JPG,DAY-2,RPH,KLP,36,True,,0.04535625,False,"(169, 164)"
DAY-2_RPH_KLP_037.JPG,/home/tsaga/projects/beefresearch-bima/data/dataset_root/DAY-2/DAY-2_RPH_KLP_037.JPG,DAY-2,RPH,KLP,37,True,,0.03376875,False,"(142, 192)"
DAY-2_RPH_KLP_038.JPG,/home/tsaga/projects/beefresearch-bima/data/dataset_root/DAY-2/DAY-2_RPH_KLP_038.JPG,DAY-2,RPH,KLP,38,True,,0.03134375,False,"(129, 172)"
DAY-2_RPH_KLP_039.JPG,/home/tsaga/projects/beefresearch-bima/data/dataset_root/DAY-2/DAY-2_RPH_KLP_039.JPG,DAY-2,RPH,KLP,39,True,,0.0341625,False,"(129, 187)"
DAY-2_RPH_KLP_040.JPG,/home/tsaga/projects/beefresearch-bima/data/dataset_root/DAY-2/DAY-2_RPH_KLP_040.JPG,DAY-2,RPH,KLP,40,True,,0.0340625,False,"(114, 205)"
DAY-2_RPH_KLP_041.JPG,/home/tsaga/projects/beefresearch-bima/data/dataset_root/DAY-2/DAY-2_RPH_KLP_041.JPG,DAY-2,RPH,KLP,41,True,,0.029152083333333332,False,"(119, 164)"
DAY-2_RPH_KLP_042.JPG,/home/tsaga/projects/beefresearch-bima/data/dataset_root/DAY-2/DAY-2_RPH_KLP_042.JPG,DAY-2,RPH,KLP,42,True,,0.027335416666666668,False,"(118, 143)"
DAY-2_RPH_KLP_043.JPG,/home/tsaga/projects/beefresearch-bima/data/dataset_root/DAY-2/DAY-2_RPH_KLP_043.JPG,DAY-2,RPH,KLP,43,True,,0.031110416666666668,False,"(111, 187)"
DAY-2_RPH_KLP_044.JPG,/home/tsaga/projects/beefresearch-bima/data/dataset_root/DAY-2/DAY-2_RPH_KLP_044.JPG,DAY-2,RPH,KLP,44,True,,0.029395833333333333,False,"(114, 197)"
DAY-2_RPH_KLP_045.JPG,/home/tsaga/projects/beefresearch-bima/data/dataset_root/DAY-2/DAY-2_RPH_KLP_045.JPG,DAY-2,RPH,KLP,45,True,,0.032677083333333336,False,"(149, 147)"
DAY-2_RPH_KLP_046.JPG,/home/tsaga/projects/beefresearch-bima/data/dataset_root/DAY-2/DAY-2_RPH_KLP_046.JPG,DAY-2,RPH,KLP,46,True,,0.033889583333333334,False,"(137, 185)"
DAY-2_RPH_KLP_047.JPG,/home/tsaga/projects/beefresearch-bima/data/dataset_root/DAY-2/DAY-2_RPH_KLP_047.JPG,DAY-2,RPH,KLP,47,True,,0.04127708333333333,False,"(161, 165)"
DAY-2_RPH_KLP_048.JPG,/home/tsaga/projects/beefresearch-bima/data/dataset_root/DAY-2/DAY-2_RPH_KLP_048.JPG,DAY-2,RPH,KLP,48,True,,0.047825,False,"(159, 195)"
DAY-2_RPH_KLP_049.JPG,/home/tsaga/projects/beefresearch-bima/data/dataset_root/DAY-2/DAY-2_RPH_KLP_049.JPG,DAY-2,RPH,KLP,49,True,,0.027627083333333333,False,"(117, 157)"
DAY-2_RPH_KLP_050.JPG,/home/tsaga/projects/beefresearch-bima/data/dataset_root/DAY-2/DAY-2_RPH_KLP_050.JPG,DAY-2,RPH,KLP,50,True,,0.025025,False,"(113, 149)"
DAY-2_RPH_KLP_051.JPG,/home/tsaga/projects/beefresearch-bima/data/dataset_root/DAY-2/DAY-2_RPH_KLP_051.JPG,DAY-2,RPH,KLP,51,True,,0.03547083333333333,False,"(139, 173)"
DAY-2_RPH_KLP_052.JPG,/home/tsaga/projects/beefresearch-bima/data/dataset_root/DAY-2/DAY-2_RPH_KLP_052.JPG,DAY-2,RPH,KLP,52,True,,0.03336041666666666,False,"(138, 166)"
DAY-2_RPH_KLP_053.JPG,/home/tsaga/projects/beefresearch-bima/data/dataset_root/DAY-2/DAY-2_RPH_KLP_053.JPG,DAY-2,RPH,KLP,53,True,,0.036679166666666665,False,"(146, 161)"
DAY-2_RPH_KLP_054.JPG,/home/tsaga/projects/beefresearch-bima/data/dataset_root/DAY-2/DAY-2_RPH_KLP_054.JPG,DAY-2,RPH,KLP,54,True,,0.03637083333333333,False,"(161, 153)"
DAY-2_RPH_KLP_055.JPG,/home/tsaga/projects/beefresearch-bima/data/dataset_root/DAY-2/DAY-2_RPH_KLP_055.JPG,DAY-2,RPH,KLP,55,True,,0.027166666666666665,False,"(120, 138)"
DAY-2_RPH_KLP_056.JPG,/home/tsaga/projects/beefresearch-bima/data/dataset_root/DAY-2/DAY-2_RPH_KLP_056.JPG,DAY-2,RPH,KLP,56,True,,0.0309625,False,"(134, 146)"
DAY-2_RPH_KLP_057.JPG,/home/tsaga/projects/beefresearch-bima/data/dataset_root/DAY-2/DAY-2_RPH_KLP_057.JPG,DAY-2,RPH,KLP,57,True,,0.0404375,False,"(120, 216)"
DAY-2_RPH_KLP_058.JPG,/home/tsaga/projects/beefresearch-bima/data/dataset_root/DAY-2/DAY-2_RPH_KLP_058.JPG,DAY-2,RPH,KLP,58,True,,0.0404375,False,"(121, 214)"
DAY-2_RPH_KLP_059.JPG,/home/tsaga/projects/beefresearch-bima/data/dataset_root/DAY-2/DAY-2_RPH_KLP_059.JPG,DAY-2,RPH,KLP,59,True,,0.02970625,False,"(137, 141)"
DAY-2_RPH_KLP_060.JPG,/home/tsaga/projects/beefresearch-bima/data/dataset_root/DAY-2/DAY-2_RPH_KLP_060.JPG,DAY-2,RPH,KLP,60,True,,0.030275,False,"(141, 138)"
DAY-2_RPH_KLP_061.JPG,/home/tsaga/projects/beefresearch-bima/data/dataset_root/DAY-2/DAY-2_RPH_KLP_061.JPG,DAY-2,RPH,KLP,61,True,,0.04360625,False,"(152, 192)"
DAY-2_RPH_KLP_062.JPG,/home/tsaga/projects/beefresearch-bima/data/dataset_root/DAY-2/DAY-2_RPH_KLP_062.JPG,DAY-2,RPH,KLP,62,True,,0.0413375,False,"(138, 183)"
DAY-2_RPH_KLP_063.JPG,/home/tsaga/projects/beefresearch-bima/data/dataset_root/DAY-2/DAY-2_RPH_KLP_063.JPG,DAY-2,RPH,KLP,63,True,,0.03212916666666667,False,"(143, 172)"
DAY-2_RPH_KLP_064.JPG,/home/tsaga/projects/beefresearch-bima/data/dataset_root/DAY-2/DAY-2_RPH_KLP_064.JPG,DAY-2,RPH,KLP,64,True,,0.039885416666666666,False,"(149, 187)"
DAY-2_RPH_KLP_065.JPG,/home/tsaga/projects/beefresearch-bima/data/dataset_root/DAY-2/DAY-2_RPH_KLP_065.JPG,DAY-2,RPH,KLP,65,True,,0.04052708333333333,False,"(174, 173)"
DAY-2_RPH_KLP_066.JPG,/home/tsaga/projects/beefresearch-bima/data/dataset_root/DAY-2/DAY-2_RPH_KLP_066.JPG,DAY-2,RPH,KLP,66,True,,0.04154375,False,"(163, 174)"
DAY-2_RPH_KLP_067.JPG,/home/tsaga/projects/beefresearch-bima/data/dataset_root/DAY-2/DAY-2_RPH_KLP_067.JPG,DAY-2,RPH,KLP,67,True,,0.03838958333333333,False,"(141, 184)"
DAY-2_RPH_KLP_068.JPG,/home/tsaga/projects/beefresearch-bima/data/dataset_root/DAY-2/DAY-2_RPH_KLP_068.JPG,DAY-2,RPH,KLP,68,True,,0.03811041666666667,False,"(143, 209)"
DAY-2_RPH_KLP_069.JPG,/home/tsaga/projects/beefresearch-bima/data/dataset_root/DAY-2/DAY-2_RPH_KLP_069.JPG,DAY-2,RPH,KLP,69,True,,0.042241666666666663,False,"(154, 164)"
DAY-2_RPH_KLP_070.JPG,/home/tsaga/projects/beefresearch-bima/data/dataset_root/DAY-2/DAY-2_RPH_KLP_070.JPG,DAY-2,RPH,KLP,70,True,,0.04293958333333334,False,"(161, 160)"
DAY-2_RPH_KLP_071.JPG,/home/tsaga/projects/beefresearch-bima/data/dataset_root/DAY-2/DAY-2_RPH_KLP_071.JPG,DAY-2,RPH,KLP,71,True,,0.041647916666666666,False,"(145, 170)"
DAY-2_RPH_KLP_072.JPG,/home/tsaga/projects/beefresearch-bima/data/dataset_root/DAY-2/DAY-2_RPH_KLP_072.JPG,DAY-2,RPH,KLP,72,True,,0.039375,False,"(142, 161)"
DAY-2_RPH_KLP_073.JPG,/home/tsaga/projects/beefresearch-bima/data/dataset_root/DAY-2/DAY-2_RPH_KLP_073.JPG,DAY-2,RPH,KLP,73,True,,0.03525,False,"(139, 190)"
DAY-2_RPH_KLP_074.JPG,/home/tsaga/projects/beefresearch-bima/data/dataset_root/DAY-2/DAY-2_RPH_KLP_074.JPG,DAY-2,RPH,KLP,74,True,,0.034172916666666664,False,"(136, 168)"
DAY-2_RPH_KLP_075.JPG,/home/tsaga/projects/beefresearch-bima/data/dataset_root/DAY-2/DAY-2_RPH_KLP_075.JPG,DAY-2,RPH,KLP,75,True,,0.04085208333333333,False,"(147, 168)"
DAY-2_RPH_KLP_076.JPG,/home/tsaga/projects/beefresearch-bima/data/dataset_root/DAY-2/DAY-2_RPH_KLP_076.JPG,DAY-2,RPH,KLP,76,True,,0.04043125,False,"(134, 181)"
DAY-2_RPH_KLP_077.JPG,/home/tsaga/projects/beefresearch-bima/data/dataset_root/DAY-2/DAY-2_RPH_KLP_077.JPG,DAY-2,RPH,KLP,77,True,,0.03701458333333333,False,"(124, 219)"
DAY-2_RPH_KLP_078.JPG,/home/tsaga/projects/beefresearch-bima/data/dataset_root/DAY-2/DAY-2_RPH_KLP_078.JPG,DAY-2,RPH,KLP,78,True,,0.041745833333333336,False,"(132, 233)"
DAY-2_RPH_KLP_079.JPG,/home/tsaga/projects/beefresearch-bima/data/dataset_root/DAY-2/DAY-2_RPH_KLP_079.JPG,DAY-2,RPH,KLP,79,True,,0.02550625,False,"(115, 154)"
DAY-2_RPH_KLP_080.JPG,/home/tsaga/projects/beefresearch-bima/data/dataset_root/DAY-2/DAY-2_RPH_KLP_080.JPG,DAY-2,RPH,KLP,80,True,,0.026025,False,"(114, 150)"
DAY-2_RPH_KLP_081.JPG,/home/tsaga/projects/beefresearch-bima/data/dataset_root/DAY-2/DAY-2_RPH_KLP_081.JPG,DAY-2,RPH,KLP,81,True,,0.03175625,False,"(148, 160)"
DAY-2_RPH_KLP_082.JPG,/home/tsaga/projects/beefresearch-bima/data/dataset_root/DAY-2/DAY-2_RPH_KLP_082.JPG,DAY-2,RPH,KLP,82,True,,0.032975,False,"(127, 205)"
DAY-2_RPH_KLP_083.JPG,/home/tsaga/projects/beefresearch-bima/data/dataset_root/DAY-2/DAY-2_RPH_KLP_083.JPG,DAY-2,RPH,KLP,83,True,,0.0499,False,"(144, 192)"
DAY-2_RPH_KLP_084.JPG,/home/tsaga/projects/beefresearch-bima/data/dataset_root/DAY-2/DAY-2_RPH_KLP_084.JPG,DAY-2,RPH,KLP,84,True,,0.050825,False,"(162, 195)"
DAY-2_RPH_KLP_086.JPG,/home/tsaga/projects/beefresearch-bima/data/dataset_root/DAY-2/DAY-2_RPH_KLP_086.JPG,DAY-2,RPH,KLP,86,True,,0.04833958333333333,False,"(143, 215)"
DAY-2_RPH_KLP_087.JPG,/home/tsaga/projects/beefresearch-bima/data/dataset_root/DAY-2/DAY-2_RPH_KLP_087.JPG,DAY-2,RPH,KLP,87,True,,0.03342083333333333,False,"(139, 157)"
DAY-2_RPH_KLP_088.JPG,/home/tsaga/projects/beefresearch-bima/data/dataset_root/DAY-2/DAY-2_RPH_KLP_088.JPG,DAY-2,RPH,KLP,88,True,,0.033104166666666664,False,"(144, 152)"
DAY-2_RPH_KLP_089.JPG,/home/tsaga/projects/beefresearch-bima/data/dataset_root/DAY-2/DAY-2_RPH_KLP_089.JPG,DAY-2,RPH,KLP,89,True,,0.034564583333333336,False,"(141, 145)"
DAY-2_RPH_KLP_090.JPG,/home/tsaga/projects/beefresearch-bima/data/dataset_root/DAY-2/DAY-2_RPH_KLP_090.JPG,DAY-2,RPH,KLP,90,True,,0.0383,False,"(141, 149)"
DAY-2_RPH_KLP_091.JPG,/home/tsaga/projects/beefresearch-bima/data/dataset_root/DAY-2/DAY-2_RPH_KLP_091.JPG,DAY-2,RPH,KLP,91,True,,0.04469375,False,"(167, 174)"
DAY-2_RPH_KLP_092.JPG,/home/tsaga/projects/beefresearch-bima/data/dataset_root/DAY-2/DAY-2_RPH_KLP_092.JPG,DAY-2,RPH,KLP,92,True,,0.045345833333333335,False,"(168, 171)"
DAY-2_RPH_KLP_093.JPG,/home/tsaga/projects/beefresearch-bima/data/dataset_root/DAY-2/DAY-2_RPH_KLP_093.JPG,DAY-2,RPH,KLP,93,True,,0.043935416666666664,False,"(180, 158)"
DAY-2_RPH_KLP_094.JPG,/home/tsaga/projects/beefresearch-bima/data/dataset_root/DAY-2/DAY-2_RPH_KLP_094.JPG,DAY-2,RPH,KLP,94,True,,0.0427,False,"(153, 185)"
DAY-2_RPH_KLP_095.JPG,/home/tsaga/projects/beefresearch-bima/data/dataset_root/DAY-2/DAY-2_RPH_KLP_095.JPG,DAY-2,RPH,KLP,95,True,,0.04948958333333333,False,"(164, 195)"
DAY-2_RPH_KLP_096.JPG,/home/tsaga/projects/beefresearch-bima/data/dataset_root/DAY-2/DAY-2_RPH_KLP_096.JPG,DAY-2,RPH,KLP,96,True,,0.047295833333333336,False,"(155, 207)"
DAY-2_RPH_KLP_097.JPG,/home/tsaga/projects/beefresearch-bima/data/dataset_root/DAY-2/DAY-2_RPH_KLP_097.JPG,DAY-2,RPH,KLP,97,True,,0.03545,False,"(125, 173)"
DAY-2_RPH_KLP_098.JPG,/home/tsaga/projects/beefresearch-bima/data/dataset_root/DAY-2/DAY-2_RPH_KLP_098.JPG,DAY-2,RPH,KLP,98,True,,0.037075,False,"(125, 176)"
DAY-2_RPH_KLP_099.JPG,/home/tsaga/projects/beefresearch-bima/data/dataset_root/DAY-2/DAY-2_RPH_KLP_099.JPG,DAY-2,RPH,KLP,99,True,,0.037685416666666666,False,"(140, 172)"
DAY-2_RPH_KLP_100.JPG,/home/tsaga/projects/beefresearch-bima/data/dataset_root/DAY-2/DAY-2_RPH_KLP_100.JPG,DAY-2,RPH,KLP,100,True,,0.037825,False,"(135, 165)"
DAY-2_RPH_KLP_101.JPG,/home/tsaga/projects/beefresearch-bima/data/dataset_root/DAY-2/DAY-2_RPH_KLP_101.JPG,DAY-2,RPH,KLP,101,True,,0.03323333333333333,False,"(134, 179)"
DAY-2_RPH_KLP_102.JPG,/home/tsaga/projects/beefresearch-bima/data/dataset_root/DAY-2/DAY-2_RPH_KLP_102.JPG,DAY-2,RPH,KLP,102,True,,0.031427083333333335,False,"(112, 190)"
DAY-2_RPH_KLP_103.JPG,/home/tsaga/projects/beefresearch-bima/data/dataset_root/DAY-2/DAY-2_RPH_KLP_103.JPG,DAY-2,RPH,KLP,103,True,,0.04184583333333333,False,"(156, 171)"
DAY-2_RPH_KLP_104.JPG,/home/tsaga/projects/beefresearch-bima/data/dataset_root/DAY-2/DAY-2_RPH_KLP_104.JPG,DAY-2,RPH,KLP,104,True,,0.0424625,False,"(154, 177)"
DAY-2_RPH_KLP_105.JPG,/home/tsaga/projects/beefresearch-bima/data/dataset_root/DAY-2/DAY-2_RPH_KLP_105.JPG,DAY-2,RPH,KLP,105,True,,0.04404375,False,"(168, 179)"
DAY-2_RPH_KLP_106.JPG,/home/tsaga/projects/beefresearch-bima/data/dataset_root/DAY-2/DAY-2_RPH_KLP_106.JPG,DAY-2,RPH,KLP,106,True,,0.04389791666666667,False,"(140, 221)"
DAY-2_RPH_KLP_107.JPG,/home/tsaga/projects/beefresearch-bima/data/dataset_root/DAY-2/DAY-2_RPH_KLP_107.JPG,DAY-2,RPH,KLP,107,True,,0.04715833333333333,False,"(155, 204)"
DAY-2_RPH_KLP_108.JPG,/home/tsaga/projects/beefresearch-bima/data/dataset_root/DAY-2/DAY-2_RPH_KLP_108.JPG,DAY-2,RPH,KLP,108,True,,0.05253125,False,"(150, 209)"
DAY-2_RPH_KLP_109.JPG,/home/tsaga/projects/beefresearch-bima/data/dataset_root/DAY-2/DAY-2_RPH_KLP_109.JPG,DAY-2,RPH,KLP,109,True,,0.045983333333333334,False,"(163, 178)"
DAY-2_RPH_KLP_110.JPG,/home/tsaga/projects/beefresearch-bima/data/dataset_root/DAY-2/DAY-2_RPH_KLP_110.JPG,DAY-2,RPH,KLP,110,True,,0.04655416666666667,False,"(170, 181)"
DAY-2_RPH_KLP_111.JPG,/home/tsaga/projects/beefresearch-bima/data/dataset_root/DAY-2/DAY-2_RPH_KLP_111.JPG,DAY-2,RPH,KLP,111,True,,0.0279125,False,"(116, 149)"
DAY-2_RPH_KLP_112.JPG,/home/tsaga/projects/beefresearch-bima/data/dataset_root/DAY-2/DAY-2_RPH_KLP_112.JPG,DAY-2,RPH,KLP,112,True,,0.02800625,False,"(114, 158)"
DAY-2_RPH_KLP_113.JPG,/home/tsaga/projects/beefresearch-bima/data/dataset_root/DAY-2/DAY-2_RPH_KLP_113.JPG,DAY-2,RPH,KLP,113,True,,0.04516041666666667,False,"(154, 172)"
DAY-2_RPH_KLP_114.JPG,/home/tsaga/projects/beefresearch-bima/data/dataset_root/DAY-2/DAY-2_RPH_KLP_114.JPG,DAY-2,RPH,KLP,114,True,,0.04344375,False,"(154, 170)"
DAY-2_RPH_KLP_115.JPG,/home/tsaga/projects/beefresearch-bima/data/dataset_root/DAY-2/DAY-2_RPH_KLP_115.JPG,DAY-2,RPH,KLP,115,True,,0.045208333333333336,False,"(175, 187)"
DAY-2_RPH_KLP_116.JPG,/home/tsaga/projects/beefresearch-bima/data/dataset_root/DAY-2/DAY-2_RPH_KLP_116.JPG,DAY-2,RPH,KLP,116,True,,0.04640416666666667,False,"(178, 177)"
DAY-2_RPH_KLP_117.JPG,/home/tsaga/projects/beefresearch-bima/data/dataset_root/DAY-2/DAY-2_RPH_KLP_117.JPG,DAY-2,RPH,KLP,117,True,,0.04776458333333333,False,"(166, 176)"
DAY-2_RPH_KLP_118.JPG,/home/tsaga/projects/beefresearch-bima/data/dataset_root/DAY-2/DAY-2_RPH_KLP_118.JPG,DAY-2,RPH,KLP,118,True,,0.047029166666666664,False,"(161, 189)"
DAY-2_RPH_KLP_119.JPG,/home/tsaga/projects/beefresearch-bima/data/dataset_root/DAY-2/DAY-2_RPH_KLP_119.JPG,DAY-2,RPH,KLP,119,True,,0.0495375,False,"(146, 198)"
DAY-2_RPH_KLP_120.JPG,/home/tsaga/projects/beefresearch-bima/data/dataset_root/DAY-2/DAY-2_RPH_KLP_120.JPG,DAY-2,RPH,KLP,120,True,,0.04914375,False,"(153, 198)"
DAY-2_RPH_KLP_121.JPG,/home/tsaga/projects/beefresearch-bima/data/dataset_root/DAY-2/DAY-2_RPH_KLP_121.JPG,DAY-2,RPH,KLP,121,True,,0.04200625,False,"(159, 164)"
DAY-2_RPH_KLP_122.JPG,/home/tsaga/projects/beefresearch-bima/data/dataset_root/DAY-2/DAY-2_RPH_KLP_122.JPG,DAY-2,RPH,KLP,122,True,,0.04068541666666667,False,"(157, 158)"
DAY-2_RPH_KLP_123.JPG,/home/tsaga/projects/beefresearch-bima/data/dataset_root/DAY-2/DAY-2_RPH_KLP_123.JPG,DAY-2,RPH,KLP,123,True,,0.045102083333333334,False,"(150, 196)"
DAY-2_RPH_KLP_124.JPG,/home/tsaga/projects/beefresearch-bima/data/dataset_root/DAY-2/DAY-2_RPH_KLP_124.JPG,DAY-2,RPH,KLP,124,True,,0.046664583333333336,False,"(177, 186)"
DAY-2_RPH_KLP_125.JPG,/home/tsaga/projects/beefresearch-bima/data/dataset_root/DAY-2/DAY-2_RPH_KLP_125.JPG,DAY-2,RPH,KLP,125,True,,0.03478125,False,"(160, 162)"
DAY-2_RPH_KLP_126.JPG,/home/tsaga/projects/beefresearch-bima/data/dataset_root/DAY-2/DAY-2_RPH_KLP_126.JPG,DAY-2,RPH,KLP,126,True,,0.033466666666666665,False,"(144, 154)"
DAY-2_RPH_KLP_127.JPG,/home/tsaga/projects/beefresearch-bima/data/dataset_root/DAY-2/DAY-2_RPH_KLP_127.JPG,DAY-2,RPH,KLP,127,True,,0.031591666666666664,False,"(143, 145)"
DAY-2_RPH_KLP_128.JPG,/home/tsaga/projects/beefresearch-bima/data/dataset_root/DAY-2/DAY-2_RPH_KLP_128.JPG,DAY-2,RPH,KLP,128,True,,0.031097916666666666,False,"(128, 151)"
DAY-2_RPH_KLP_129.JPG,/home/tsaga/projects/beefresearch-bima/data/dataset_root/DAY-2/DAY-2_RPH_KLP_129.JPG,DAY-2,RPH,KLP,129,True,,0.04116458333333333,False,"(138, 186)"
DAY-2_RPH_KLP_130.JPG,/home/tsaga/projects/beefresearch-bima/data/dataset_root/DAY-2/DAY-2_RPH_KLP_130.JPG,DAY-2,RPH,KLP,130,True,,0.03660833333333333,False,"(123, 185)"
DAY-2_RPH_KLP_131.JPG,/home/tsaga/projects/beefresearch-bima/data/dataset_root/DAY-2/DAY-2_RPH_KLP_131.JPG,DAY-2,RPH,KLP,131,True,,0.04879375,False,"(142, 209)"
DAY-2_RPH_KLP_132.JPG,/home/tsaga/projects/beefresearch-bima/data/dataset_root/DAY-2/DAY-2_RPH_KLP_132.JPG,DAY-2,RPH,KLP,132,True,,0.0475125,False,"(137, 210)"
DAY-2_RPH_KLP_133.JPG,/home/tsaga/projects/beefresearch-bima/data/dataset_root/DAY-2/DAY-2_RPH_KLP_133.JPG,DAY-2,RPH,KLP,133,True,,0.03390833333333333,False,"(122, 181)"
DAY-2_RPH_KLP_134.JPG,/home/tsaga/projects/beefresearch-bima/data/dataset_root/DAY-2/DAY-2_RPH_KLP_134.JPG,DAY-2,RPH,KLP,134,True,,0.03936041666666667,False,"(131, 194)"
DAY-2_RPH_KLP_135.JPG,/home/tsaga/projects/beefresearch-bima/data/dataset_root/DAY-2/DAY-2_RPH_KLP_135.JPG,DAY-2,RPH,KLP,135,True,,0.03194583333333333,False,"(136, 152)"
DAY-2_RPH_KLP_136.JPG,/home/tsaga/projects/beefresearch-bima/data/dataset_root/DAY-2/DAY-2_RPH_KLP_136.JPG,DAY-2,RPH,KLP,136,True,,0.028916666666666667,False,"(132, 136)"
DAY-2_RPH_KLP_137.JPG,/home/tsaga/projects/beefresearch-bima/data/dataset_root/DAY-2/DAY-2_RPH_KLP_137.JPG,DAY-2,RPH,KLP,137,True,,0.03787083333333333,False,"(151, 190)"
DAY-2_RPH_KLP_138.JPG,/home/tsaga/projects/beefresearch-bima/data/dataset_root/DAY-2/DAY-2_RPH_KLP_138.JPG,DAY-2,RPH,KLP,138,True,,0.04072083333333333,False,"(154, 200)"
DAY-2_RPH_KLP_139.JPG,/home/tsaga/projects/beefresearch-bima/data/dataset_root/DAY-2/DAY-2_RPH_KLP_139.JPG,DAY-2,RPH,KLP,139,True,,0.030539583333333332,False,"(126, 172)"
DAY-2_RPH_KLP_140.JPG,/home/tsaga/projects/beefresearch-bima/data/dataset_root/DAY-2/DAY-2_RPH_KLP_140.JPG,DAY-2,RPH,KLP,140,True,,0.02879375,False,"(116, 167)"
DAY-2_RPH_LMS_001.JPG,/home/tsaga/projects/beefresearch-bima/data/dataset_root/DAY-2/DAY-2_RPH_LMS_001.JPG,DAY-2,RPH,LMS,1,True,,0.04326041666666667,False,"(138, 210)"
DAY-2_RPH_LMS_002.JPG,/home/tsaga/projects/beefresearch-bima/data/dataset_root/DAY-2/DAY-2_RPH_LMS_002.JPG,DAY-2,RPH,LMS,2,True,,0.04436458333333333,False,"(134, 211)"
DAY-2_RPH_LMS_003.JPG,/home/tsaga/projects/beefresearch-bima/data/dataset_root/DAY-2/DAY-2_RPH_LMS_003.JPG,DAY-2,RPH,LMS,3,True,,0.037727083333333335,False,"(129, 187)"
DAY-2_RPH_LMS_004.JPG,/home/tsaga/projects/beefresearch-bima/data/dataset_root/DAY-2/DAY-2_RPH_LMS_004.JPG,DAY-2,RPH,LMS,4,True,,0.037170833333333334,False,"(136, 186)"
DAY-2_RPH_LMS_005.JPG,/home/tsaga/projects/beefresearch-bima/data/dataset_root/DAY-2/DAY-2_RPH_LMS_005.JPG,DAY-2,RPH,LMS,5,True,,0.03684791666666667,False,"(145, 153)"
DAY-2_RPH_LMS_006.JPG,/home/tsaga/projects/beefresearch-bima/data/dataset_root/DAY-2/DAY-2_RPH_LMS_006.JPG,DAY-2,RPH,LMS,6,True,,0.03619791666666667,False,"(149, 151)"
DAY-2_RPH_LMS_007.JPG,/home/tsaga/projects/beefresearch-bima/data/dataset_root/DAY-2/DAY-2_RPH_LMS_007.JPG,DAY-2,RPH,LMS,7,True,,0.026433333333333333,False,"(120, 156)"
DAY-2_RPH_LMS_008.JPG,/home/tsaga/projects/beefresearch-bima/data/dataset_root/DAY-2/DAY-2_RPH_LMS_008.JPG,DAY-2,RPH,LMS,8,True,,0.02754375,False,"(124, 162)"
DAY-2_RPH_LMS_009.JPG,/home/tsaga/projects/beefresearch-bima/data/dataset_root/DAY-2/DAY-2_RPH_LMS_009.JPG,DAY-2,RPH,LMS,9,True,,0.04284375,False,"(150, 197)"
DAY-2_RPH_LMS_010.JPG,/home/tsaga/projects/beefresearch-bima/data/dataset_root/DAY-2/DAY-2_RPH_LMS_010.JPG,DAY-2,RPH,LMS,10,True,,0.04483125,False,"(153, 198)"
DAY-2_RPH_LMS_011.JPG,/home/tsaga/projects/beefresearch-bima/data/dataset_root/DAY-2/DAY-2_RPH_LMS_011.JPG,DAY-2,RPH,LMS,11,True,,0.049591666666666666,False,"(167, 196)"
DAY-2_RPH_LMS_012.JPG,/home/tsaga/projects/beefresearch-bima/data/dataset_root/DAY-2/DAY-2_RPH_LMS_012.JPG,DAY-2,RPH,LMS,12,True,,0.0505875,False,"(175, 183)"
DAY-2_RPH_LMS_013.JPG,/home/tsaga/projects/beefresearch-bima/data/dataset_root/DAY-2/DAY-2_RPH_LMS_013.JPG,DAY-2,RPH,LMS,13,True,,0.038572916666666665,False,"(160, 167)"
DAY-2_RPH_LMS_014.JPG,/home/tsaga/projects/beefresearch-bima/data/dataset_root/DAY-2/DAY-2_RPH_LMS_014.JPG,DAY-2,RPH,LMS,14,True,,0.03651666666666667,False,"(134, 176)"
DAY-2_RPH_LMS_015.JPG,/home/tsaga/projects/beefresearch-bima/data/dataset_root/DAY-2/DAY-2_RPH_LMS_015.JPG,DAY-2,RPH,LMS,15,True,,0.04300208333333334,False,"(131, 199)"
DAY-2_RPH_LMS_016.JPG,/home/tsaga/projects/beefresearch-bima/data/dataset_root/DAY-2/DAY-2_RPH_LMS_016.JPG,DAY-2,RPH,LMS,16,True,,0.04262083333333333,False,"(137, 208)"
DAY-2_RPH_LMS_017.JPG,/home/tsaga/projects/beefresearch-bima/data/dataset_root/DAY-2/DAY-2_RPH_LMS_017.JPG,DAY-2,RPH,LMS,17,True,,0.04247083333333333,False,"(148, 186)"
DAY-2_RPH_LMS_018.JPG,/home/tsaga/projects/beefresearch-bima/data/dataset_root/DAY-2/DAY-2_RPH_LMS_018.JPG,DAY-2,RPH,LMS,18,True,,0.03858958333333333,False,"(136, 178)"
DAY-2_RPH_LMS_019.JPG,/home/tsaga/projects/beefresearch-bima/data/dataset_root/DAY-2/DAY-2_RPH_LMS_019.JPG,DAY-2,RPH,LMS,19,True,,0.03321875,False,"(123, 178)"
DAY-2_RPH_LMS_020.JPG,/home/tsaga/projects/beefresearch-bima/data/dataset_root/DAY-2/DAY-2_RPH_LMS_020.JPG,DAY-2,RPH,LMS,20,True,,0.027527083333333334,False,"(125, 168)"
DAY-2_RPH_LMS_021.JPG,/home/tsaga/projects/beefresearch-bima/data/dataset_root/DAY-2/DAY-2_RPH_LMS_021.JPG,DAY-2,RPH,LMS,21,True,,0.04284166666666667,False,"(152, 190)"
DAY-2_RPH_LMS_022.JPG,/home/tsaga/projects/beefresearch-bima/data/dataset_root/DAY-2/DAY-2_RPH_LMS_022.JPG,DAY-2,RPH,LMS,22,True,,0.04048125,False,"(141, 187)"
DAY-2_RPH_LMS_023.JPG,/home/tsaga/projects/beefresearch-bima/data/dataset_root/DAY-2/DAY-2_RPH_LMS_023.JPG,DAY-2,RPH,LMS,23,True,,0.05523541666666667,False,"(189, 215)"
DAY-2_RPH_LMS_024.JPG,/home/tsaga/projects/beefresearch-bima/data/dataset_root/DAY-2/DAY-2_RPH_LMS_024.JPG,DAY-2,RPH,LMS,24,True,,0.06089583333333334,False,"(199, 214)"
DAY-2_RPH_LMS_025.JPG,/home/tsaga/projects/beefresearch-bima/data/dataset_root/DAY-2/DAY-2_RPH_LMS_025.JPG,DAY-2,RPH,LMS,25,True,,0.054995833333333334,False,"(179, 199)"
DAY-2_RPH_LMS_026.JPG,/home/tsaga/projects/beefresearch-bima/data/dataset_root/DAY-2/DAY-2_RPH_LMS_026.JPG,DAY-2,RPH,LMS,26,True,,0.04699791666666667,False,"(168, 192)"
DAY-2_RPH_LMS_027.JPG,/home/tsaga/projects/beefresearch-bima/data/dataset_root/DAY-2/DAY-2_RPH_LMS_027.JPG,DAY-2,RPH,LMS,27,True,,0.049577083333333334,False,"(182, 176)"
DAY-2_RPH_LMS_028.JPG,/home/tsaga/projects/beefresearch-bima/data/dataset_root/DAY-2/DAY-2_RPH_LMS_028.JPG,DAY-2,RPH,LMS,28,True,,0.04910625,False,"(176, 178)"
DAY-2_RPH_LMS_029.JPG,/home/tsaga/projects/beefresearch-bima/data/dataset_root/DAY-2/DAY-2_RPH_LMS_029.JPG,DAY-2,RPH,LMS,29,True,,0.04914375,False,"(164, 187)"
DAY-2_RPH_LMS_030.JPG,/home/tsaga/projects/beefresearch-bima/data/dataset_root/DAY-2/DAY-2_RPH_LMS_030.JPG,DAY-2,RPH,LMS,30,True,,0.05254583333333333,False,"(174, 186)"
DAY-2_RPH_LMS_031.JPG,/home/tsaga/projects/beefresearch-bima/data/dataset_root/DAY-2/DAY-2_RPH_LMS_031.JPG,DAY-2,RPH,LMS,31,True,,0.04151875,False,"(162, 149)"
DAY-2_RPH_LMS_032.JPG,/home/tsaga/projects/beefresearch-bima/data/dataset_root/DAY-2/DAY-2_RPH_LMS_032.JPG,DAY-2,RPH,LMS,32,True,,0.039216666666666664,False,"(159, 155)"
DAY-2_RPH_LMS_033.JPG,/home/tsaga/projects/beefresearch-bima/data/dataset_root/DAY-2/DAY-2_RPH_LMS_033.JPG,DAY-2,RPH,LMS,33,True,,0.038658333333333336,False,"(177, 161)"
DAY-2_RPH_LMS_034.JPG,/home/tsaga/projects/beefresearch-bima/data/dataset_root/DAY-2/DAY-2_RPH_LMS_034.JPG,DAY-2,RPH,LMS,34,True,,0.04069375,False,"(164, 191)"
DAY-2_RPH_LMS_035.JPG,/home/tsaga/projects/beefresearch-bima/data/dataset_root/DAY-2/DAY-2_RPH_LMS_035.JPG,DAY-2,RPH,LMS,35,True,,0.03900833333333333,False,"(141, 233)"
DAY-2_RPH_LMS_036.JPG,/home/tsaga/projects/beefresearch-bima/data/dataset_root/DAY-2/DAY-2_RPH_LMS_036.JPG,DAY-2,RPH,LMS,36,True,,0.0454875,False,"(160, 223)"
DAY-2_RPH_LMS_037.JPG,/home/tsaga/projects/beefresearch-bima/data/dataset_root/DAY-2/DAY-2_RPH_LMS_037.JPG,DAY-2,RPH,LMS,37,True,,0.044333333333333336,False,"(156, 176)"
DAY-2_RPH_LMS_038.JPG,/home/tsaga/projects/beefresearch-bima/data/dataset_root/DAY-2/DAY-2_RPH_LMS_038.JPG,DAY-2,RPH,LMS,38,True,,0.04718958333333333,False,"(172, 193)"
DAY-2_RPH_LMS_039.JPG,/home/tsaga/projects/beefresearch-bima/data/dataset_root/DAY-2/DAY-2_RPH_LMS_039.JPG,DAY-2,RPH,LMS,39,True,,0.04700625,False,"(180, 172)"
DAY-2_RPH_LMS_040.JPG,/home/tsaga/projects/beefresearch-bima/data/dataset_root/DAY-2/DAY-2_RPH_LMS_040.JPG,DAY-2,RPH,LMS,40,True,,0.04937291666666667,False,"(180, 168)"
DAY-2_RPH_LMS_041.JPG,/home/tsaga/projects/beefresearch-bima/data/dataset_root/DAY-2/DAY-2_RPH_LMS_041.JPG,DAY-2,RPH,LMS,41,True,,0.05028125,False,"(165, 182)"
DAY-2_RPH_LMS_042.JPG,/home/tsaga/projects/beefresearch-bima/data/dataset_root/DAY-2/DAY-2_RPH_LMS_042.JPG,DAY-2,RPH,LMS,42,True,,0.049570833333333335,False,"(162, 194)"
DAY-2_RPH_LMS_043.JPG,/home/tsaga/projects/beefresearch-bima/data/dataset_root/DAY-2/DAY-2_RPH_LMS_043.JPG,DAY-2,RPH,LMS,43,True,,0.0371625,False,"(179, 142)"
DAY-2_RPH_LMS_044.JPG,/home/tsaga/projects/beefresearch-bima/data/dataset_root/DAY-2/DAY-2_RPH_LMS_044.JPG,DAY-2,RPH,LMS,44,True,,0.031825,False,"(142, 173)"
DAY-2_RPH_LMS_045.JPG,/home/tsaga/projects/beefresearch-bima/data/dataset_root/DAY-2/DAY-2_RPH_LMS_045.JPG,DAY-2,RPH,LMS,45,True,,0.05143125,False,"(165, 206)"
DAY-2_RPH_LMS_046.JPG,/home/tsaga/projects/beefresearch-bima/data/dataset_root/DAY-2/DAY-2_RPH_LMS_046.JPG,DAY-2,RPH,LMS,46,True,,0.0491,False,"(170, 211)"
DAY-2_RPH_LMS_047.JPG,/home/tsaga/projects/beefresearch-bima/data/dataset_root/DAY-2/DAY-2_RPH_LMS_047.JPG,DAY-2,RPH,LMS,47,True,,0.04434375,False,"(153, 191)"
DAY-2_RPH_LMS_048.JPG,/home/tsaga/projects/beefresearch-bima/data/dataset_root/DAY-2/DAY-2_RPH_LMS_048.JPG,DAY-2,RPH,LMS,48,True,,0.04466666666666667,False,"(143, 201)"
DAY-2_RPH_LMS_049.JPG,/home/tsaga/projects/beefresearch-bima/data/dataset_root/DAY-2/DAY-2_RPH_LMS_049.JPG,DAY-2,RPH,LMS,49,True,,0.04051041666666667,False,"(160, 185)"
DAY-2_RPH_LMS_050.JPG,/home/tsaga/projects/beefresearch-bima/data/dataset_root/DAY-2/DAY-2_RPH_LMS_050.JPG,DAY-2,RPH,LMS,50,True,,0.04072708333333333,False,"(160, 187)"
DAY-2_RPH_LMS_051.JPG,/home/tsaga/projects/beefresearch-bima/data/dataset_root/DAY-2/DAY-2_RPH_LMS_051.JPG,DAY-2,RPH,LMS,51,True,,0.03487916666666667,False,"(141, 160)"
DAY-2_RPH_LMS_052.JPG,/home/tsaga/projects/beefresearch-bima/data/dataset_root/DAY-2/DAY-2_RPH_LMS_052.JPG,DAY-2,RPH,LMS,52,True,,0.035610416666666665,False,"(136, 172)"
DAY-2_RPH_LMS_053.JPG,/home/tsaga/projects/beefresearch-bima/data/dataset_root/DAY-2/DAY-2_RPH_LMS_053.JPG,DAY-2,RPH,LMS,53,True,,0.03723125,False,"(147, 186)"
DAY-2_RPH_LMS_054.JPG,/home/tsaga/projects/beefresearch-bima/data/dataset_root/DAY-2/DAY-2_RPH_LMS_054.JPG,DAY-2,RPH,LMS,54,True,,0.04436458333333333,False,"(136, 209)"
DAY-2_RPH_LMS_055.JPG,/home/tsaga/projects/beefresearch-bima/data/dataset_root/DAY-2/DAY-2_RPH_LMS_055.JPG,DAY-2,RPH,LMS,55,True,,0.057445833333333335,False,"(165, 218)"
DAY-2_RPH_LMS_056.JPG,/home/tsaga/projects/beefresearch-bima/data/dataset_root/DAY-2/DAY-2_RPH_LMS_056.JPG,DAY-2,RPH,LMS,56,True,,0.06008125,False,"(175, 214)"
DAY-2_RPH_LMS_057.JPG,/home/tsaga/projects/beefresearch-bima/data/dataset_root/DAY-2/DAY-2_RPH_LMS_057.JPG,DAY-2,RPH,LMS,57,True,,0.0364,False,"(129, 217)"
DAY-2_RPH_LMS_058.JPG,/home/tsaga/projects/beefresearch-bima/data/dataset_root/DAY-2/DAY-2_RPH_LMS_058.JPG,DAY-2,RPH,LMS,58,True,,0.04053125,False,"(138, 191)"
DAY-2_RPH_LMS_059.JPG,/home/tsaga/projects/beefresearch-bima/data/dataset_root/DAY-2/DAY-2_RPH_LMS_059.JPG,DAY-2,RPH,LMS,59,True,,0.047125,False,"(161, 206)"
DAY-2_RPH_LMS_060.JPG,/home/tsaga/projects/beefresearch-bima/data/dataset_root/DAY-2/DAY-2_RPH_LMS_060.JPG,DAY-2,RPH,LMS,60,True,,0.04993125,False,"(160, 227)"
DAY-2_RPH_LMS_061.JPG,/home/tsaga/projects/beefresearch-bima/data/dataset_root/DAY-2/DAY-2_RPH_LMS_061.JPG,DAY-2,RPH,LMS,61,True,,0.04923541666666666,False,"(162, 212)"
DAY-2_RPH_LMS_062.JPG,/home/tsaga/projects/beefresearch-bima/data/dataset_root/DAY-2/DAY-2_RPH_LMS_062.JPG,DAY-2,RPH,LMS,62,True,,0.04858125,False,"(157, 198)"
DAY-2_RPH_LMS_063.JPG,/home/tsaga/projects/beefresearch-bima/data/dataset_root/DAY-2/DAY-2_RPH_LMS_063.JPG,DAY-2,RPH,LMS,63,True,,0.04337916666666667,False,"(138, 230)"
DAY-2_RPH_LMS_064.JPG,/home/tsaga/projects/beefresearch-bima/data/dataset_root/DAY-2/DAY-2_RPH_LMS_064.JPG,DAY-2,RPH,LMS,64,True,,0.04692291666666667,False,"(143, 246)"
DAY-2_RPH_LMS_065.JPG,/home/tsaga/projects/beefresearch-bima/data/dataset_root/DAY-2/DAY-2_RPH_LMS_065.JPG,DAY-2,RPH,LMS,65,True,,0.0430875,False,"(137, 217)"
DAY-2_RPH_LMS_066.JPG,/home/tsaga/projects/beefresearch-bima/data/dataset_root/DAY-2/DAY-2_RPH_LMS_066.JPG,DAY-2,RPH,LMS,66,True,,0.04768541666666667,False,"(147, 214)"
DAY-2_RPH_LMS_067.JPG,/home/tsaga/projects/beefresearch-bima/data/dataset_root/DAY-2/DAY-2_RPH_LMS_067.JPG,DAY-2,RPH,LMS,67,True,,0.046772916666666664,False,"(166, 198)"
DAY-2_RPH_LMS_068.JPG,/home/tsaga/projects/beefresearch-bima/data/dataset_root/DAY-2/DAY-2_RPH_LMS_068.JPG,DAY-2,RPH,LMS,68,True,,0.0473125,False,"(155, 212)"
DAY-2_RPH_LMS_069.JPG,/home/tsaga/projects/beefresearch-bima/data/dataset_root/DAY-2/DAY-2_RPH_LMS_069.JPG,DAY-2,RPH,LMS,69,True,,0.0402125,False,"(159, 180)"
DAY-2_RPH_LMS_070.JPG,/home/tsaga/projects/beefresearch-bima/data/dataset_root/DAY-2/DAY-2_RPH_LMS_070.JPG,DAY-2,RPH,LMS,70,True,,0.04040208333333333,False,"(163, 178)"
DAY-2_RPH_LMS_071.JPG,/home/tsaga/projects/beefresearch-bima/data/dataset_root/DAY-2/DAY-2_RPH_LMS_071.JPG,DAY-2,RPH,LMS,71,True,,0.05204166666666667,False,"(158, 198)"
DAY-2_RPH_LMS_072.JPG,/home/tsaga/projects/beefresearch-bima/data/dataset_root/DAY-2/DAY-2_RPH_LMS_072.JPG,DAY-2,RPH,LMS,72,True,,0.048785416666666664,False,"(146, 195)"
DAY-2_RPH_LMS_073.JPG,/home/tsaga/projects/beefresearch-bima/data/dataset_root/DAY-2/DAY-2_RPH_LMS_073.JPG,DAY-2,RPH,LMS,73,True,,0.05400625,False,"(176, 188)"
DAY-2_RPH_LMS_074.JPG,/home/tsaga/projects/beefresearch-bima/data/dataset_root/DAY-2/DAY-2_RPH_LMS_074.JPG,DAY-2,RPH,LMS,74,True,,0.05400833333333333,False,"(166, 190)"
DAY-2_RPH_LMS_075.JPG,/home/tsaga/projects/beefresearch-bima/data/dataset_root/DAY-2/DAY-2_RPH_LMS_075.JPG,DAY-2,RPH,LMS,75,True,,0.04705416666666667,False,"(145, 230)"
DAY-2_RPH_LMS_076.JPG,/home/tsaga/projects/beefresearch-bima/data/dataset_root/DAY-2/DAY-2_RPH_LMS_076.JPG,DAY-2,RPH,LMS,76,True,,0.049529166666666666,False,"(152, 222)"
DAY-2_RPH_LMS_077.JPG,/home/tsaga/projects/beefresearch-bima/data/dataset_root/DAY-2/DAY-2_RPH_LMS_077.JPG,DAY-2,RPH,LMS,77,True,,0.055983333333333336,False,"(188, 221)"
DAY-2_RPH_LMS_078.JPG,/home/tsaga/projects/beefresearch-bima/data/dataset_root/DAY-2/DAY-2_RPH_LMS_078.JPG,DAY-2,RPH,LMS,78,True,,0.057097916666666665,False,"(190, 225)"
DAY-2_RPH_LMS_079.JPG,/home/tsaga/projects/beefresearch-bima/data/dataset_root/DAY-2/DAY-2_RPH_LMS_079.JPG,DAY-2,RPH,LMS,79,True,,0.03796875,False,"(144, 204)"
DAY-2_RPH_LMS_080.JPG,/home/tsaga/projects/beefresearch-bima/data/dataset_root/DAY-2/DAY-2_RPH_LMS_080.JPG,DAY-2,RPH,LMS,80,True,,0.041722916666666665,False,"(141, 211)"
DAY-2_RPH_LMS_081.JPG,/home/tsaga/projects/beefresearch-bima/data/dataset_root/DAY-2/DAY-2_RPH_LMS_081.JPG,DAY-2,RPH,LMS,81,True,,0.04479166666666667,False,"(133, 245)"
DAY-2_RPH_LMS_082.JPG,/home/tsaga/projects/beefresearch-bima/data/dataset_root/DAY-2/DAY-2_RPH_LMS_082.JPG,DAY-2,RPH,LMS,82,True,,0.048341666666666665,False,"(151, 241)"
DAY-2_RPH_LMS_083.JPG,/home/tsaga/projects/beefresearch-bima/data/dataset_root/DAY-2/DAY-2_RPH_LMS_083.JPG,DAY-2,RPH,LMS,83,True,,0.04643333333333333,False,"(143, 209)"
DAY-2_RPH_LMS_084.JPG,/home/tsaga/projects/beefresearch-bima/data/dataset_root/DAY-2/DAY-2_RPH_LMS_084.JPG,DAY-2,RPH,LMS,84,True,,0.04760625,False,"(153, 198)"
DAY-2_RPH_LMS_085.JPG,/home/tsaga/projects/beefresearch-bima/data/dataset_root/DAY-2/DAY-2_RPH_LMS_085.JPG,DAY-2,RPH,LMS,85,True,,0.03818333333333333,False,"(124, 227)"
DAY-2_RPH_LMS_086.JPG,/home/tsaga/projects/beefresearch-bima/data/dataset_root/DAY-2/DAY-2_RPH_LMS_086.JPG,DAY-2,RPH,LMS,86,True,,0.03949375,False,"(125, 227)"
DAY-2_RPH_LMS_087.JPG,/home/tsaga/projects/beefresearch-bima/data/dataset_root/DAY-2/DAY-2_RPH_LMS_087.JPG,DAY-2,RPH,LMS,87,True,,0.04305208333333333,False,"(144, 186)"
DAY-2_RPH_LMS_088.JPG,/home/tsaga/projects/beefresearch-bima/data/dataset_root/DAY-2/DAY-2_RPH_LMS_088.JPG,DAY-2,RPH,LMS,88,True,,0.045185416666666665,False,"(154, 186)"
DAY-2_RPH_LMS_089.JPG,/home/tsaga/projects/beefresearch-bima/data/dataset_root/DAY-2/DAY-2_RPH_LMS_089.JPG,DAY-2,RPH,LMS,89,True,,0.0377375,False,"(135, 189)"
DAY-2_RPH_LMS_090.JPG,/home/tsaga/projects/beefresearch-bima/data/dataset_root/DAY-2/DAY-2_RPH_LMS_090.JPG,DAY-2,RPH,LMS,90,True,,0.039483333333333336,False,"(177, 175)"
DAY-2_RPH_LMS_091.JPG,/home/tsaga/projects/beefresearch-bima/data/dataset_root/DAY-2/DAY-2_RPH_LMS_091.JPG,DAY-2,RPH,LMS,91,True,,0.050525,False,"(172, 196)"
DAY-2_RPH_LMS_092.JPG,/home/tsaga/projects/beefresearch-bima/data/dataset_root/DAY-2/DAY-2_RPH_LMS_092.JPG,DAY-2,RPH,LMS,92,True,,0.047,False,"(160, 201)"
DAY-2_RPH_LMS_093.JPG,/home/tsaga/projects/beefresearch-bima/data/dataset_root/DAY-2/DAY-2_RPH_LMS_093.JPG,DAY-2,RPH,LMS,93,True,,0.06075208333333333,False,"(197, 196)"
DAY-2_RPH_LMS_094.JPG,/home/tsaga/projects/beefresearch-bima/data/dataset_root/DAY-2/DAY-2_RPH_LMS_094.JPG,DAY-2,RPH,LMS,94,True,,0.05623541666666667,False,"(190, 185)"
DAY-2_RPH_LMS_095.JPG,/home/tsaga/projects/beefresearch-bima/data/dataset_root/DAY-2/DAY-2_RPH_LMS_095.JPG,DAY-2,RPH,LMS,95,True,,0.03729791666666667,False,"(148, 159)"
DAY-2_RPH_LMS_096.JPG,/home/tsaga/projects/beefresearch-bima/data/dataset_root/DAY-2/DAY-2_RPH_LMS_096.JPG,DAY-2,RPH,LMS,96,True,,0.038095833333333336,False,"(151, 156)"
DAY-2_RPH_LMS_097.JPG,/home/tsaga/projects/beefresearch-bima/data/dataset_root/DAY-2/DAY-2_RPH_LMS_097.JPG,DAY-2,RPH,LMS,97,True,,0.03607916666666667,False,"(141, 164)"
DAY-2_RPH_LMS_098.JPG,/home/tsaga/projects/beefresearch-bima/data/dataset_root/DAY-2/DAY-2_RPH_LMS_098.JPG,DAY-2,RPH,LMS,98,True,,0.036866666666666666,False,"(147, 174)"
DAY-2_RPH_LMS_099.JPG,/home/tsaga/projects/beefresearch-bima/data/dataset_root/DAY-2/DAY-2_RPH_LMS_099.JPG,DAY-2,RPH,LMS,99,True,,0.05325208333333333,False,"(157, 216)"
DAY-2_RPH_LMS_100.JPG,/home/tsaga/projects/beefresearch-bima/data/dataset_root/DAY-2/DAY-2_RPH_LMS_100.JPG,DAY-2,RPH,LMS,100,True,,0.04889583333333333,False,"(150, 217)"
DAY-2_RPH_LMS_101.JPG,/home/tsaga/projects/beefresearch-bima/data/dataset_root/DAY-2/DAY-2_RPH_LMS_101.JPG,DAY-2,RPH,LMS,101,True,,0.03609375,False,"(127, 181)"
DAY-2_RPH_LMS_102.JPG,/home/tsaga/projects/beefresearch-bima/data/dataset_root/DAY-2/DAY-2_RPH_LMS_102.JPG,DAY-2,RPH,LMS,102,True,,0.03547083333333333,False,"(128, 177)"
DAY-2_RPH_LMS_103.JPG,/home/tsaga/projects/beefresearch-bima/data/dataset_root/DAY-2/DAY-2_RPH_LMS_103.JPG,DAY-2,RPH,LMS,103,True,,0.04818541666666667,False,"(183, 177)"
DAY-2_RPH_LMS_104.JPG,/home/tsaga/projects/beefresearch-bima/data/dataset_root/DAY-2/DAY-2_RPH_LMS_104.JPG,DAY-2,RPH,LMS,104,True,,0.04562708333333333,False,"(157, 215)"
DAY-2_RPH_LMS_105.JPG,/home/tsaga/projects/beefresearch-bima/data/dataset_root/DAY-2/DAY-2_RPH_LMS_105.JPG,DAY-2,RPH,LMS,105,True,,0.04413333333333333,False,"(190, 184)"
DAY-2_RPH_LMS_106.JPG,/home/tsaga/projects/beefresearch-bima/data/dataset_root/DAY-2/DAY-2_RPH_LMS_106.JPG,DAY-2,RPH,LMS,106,True,,0.04548125,False,"(172, 188)"
DAY-2_RPH_LMS_107.JPG,/home/tsaga/projects/beefresearch-bima/data/dataset_root/DAY-2/DAY-2_RPH_LMS_107.JPG,DAY-2,RPH,LMS,107,True,,0.042895833333333334,False,"(141, 211)"
DAY-2_RPH_LMS_108.JPG,/home/tsaga/projects/beefresearch-bima/data/dataset_root/DAY-2/DAY-2_RPH_LMS_108.JPG,DAY-2,RPH,LMS,108,True,,0.04515625,False,"(154, 193)"
DAY-2_RPH_LMS_109.JPG,/home/tsaga/projects/beefresearch-bima/data/dataset_root/DAY-2/DAY-2_RPH_LMS_109.JPG,DAY-2,RPH,LMS,109,True,,0.04762916666666667,False,"(182, 172)"
DAY-2_RPH_LMS_110.JPG,/home/tsaga/projects/beefresearch-bima/data/dataset_root/DAY-2/DAY-2_RPH_LMS_110.JPG,DAY-2,RPH,LMS,110,True,,0.04611875,False,"(160, 180)"
DAY-2_RPH_LMS_111.JPG,/home/tsaga/projects/beefresearch-bima/data/dataset_root/DAY-2/DAY-2_RPH_LMS_111.JPG,DAY-2,RPH,LMS,111,True,,0.04270625,False,"(142, 207)"
DAY-2_RPH_LMS_112.JPG,/home/tsaga/projects/beefresearch-bima/data/dataset_root/DAY-2/DAY-2_RPH_LMS_112.JPG,DAY-2,RPH,LMS,112,True,,0.04240833333333333,False,"(173, 191)"
DAY-2_RPH_LMS_113.JPG,/home/tsaga/projects/beefresearch-bima/data/dataset_root/DAY-2/DAY-2_RPH_LMS_113.JPG,DAY-2,RPH,LMS,113,True,,0.046875,False,"(172, 185)"
DAY-2_RPH_LMS_114.JPG,/home/tsaga/projects/beefresearch-bima/data/dataset_root/DAY-2/DAY-2_RPH_LMS_114.JPG,DAY-2,RPH,LMS,114,True,,0.053066666666666665,False,"(198, 187)"
DAY-2_RPH_LMS_115.JPG,/home/tsaga/projects/beefresearch-bima/data/dataset_root/DAY-2/DAY-2_RPH_LMS_115.JPG,DAY-2,RPH,LMS,115,True,,0.05077291666666667,False,"(182, 170)"
DAY-2_RPH_LMS_116.JPG,/home/tsaga/projects/beefresearch-bima/data/dataset_root/DAY-2/DAY-2_RPH_LMS_116.JPG,DAY-2,RPH,LMS,116,True,,0.04961875,False,"(182, 169)"
DAY-2_RPH_LMS_117.JPG,/home/tsaga/projects/beefresearch-bima/data/dataset_root/DAY-2/DAY-2_RPH_LMS_117.JPG,DAY-2,RPH,LMS,117,True,,0.052214583333333335,False,"(158, 263)"
DAY-2_RPH_LMS_118.JPG,/home/tsaga/projects/beefresearch-bima/data/dataset_root/DAY-2/DAY-2_RPH_LMS_118.JPG,DAY-2,RPH,LMS,118,True,,0.04694583333333333,False,"(176, 229)"
DAY-2_RPH_LMS_119.JPG,/home/tsaga/projects/beefresearch-bima/data/dataset_root/DAY-2/DAY-2_RPH_LMS_119.JPG,DAY-2,RPH,LMS,119,True,,0.031522916666666664,False,"(125, 172)"
DAY-2_RPH_LMS_120.JPG,/home/tsaga/projects/beefresearch-bima/data/dataset_root/DAY-2/DAY-2_RPH_LMS_120.JPG,DAY-2,RPH,LMS,120,True,,0.03174166666666667,False,"(142, 158)"
DAY-2_RPH_LMS_121.JPG,/home/tsaga/projects/beefresearch-bima/data/dataset_root/DAY-2/DAY-2_RPH_LMS_121.JPG,DAY-2,RPH,LMS,121,True,,0.04355833333333333,False,"(139, 216)"
DAY-2_RPH_LMS_122.JPG,/home/tsaga/projects/beefresearch-bima/data/dataset_root/DAY-2/DAY-2_RPH_LMS_122.JPG,DAY-2,RPH,LMS,122,True,,0.049175,False,"(142, 217)"
DAY-2_RPH_LMS_123.JPG,/home/tsaga/projects/beefresearch-bima/data/dataset_root/DAY-2/DAY-2_RPH_LMS_123.JPG,DAY-2,RPH,LMS,123,True,,0.03148541666666667,False,"(123, 163)"
DAY-2_RPH_LMS_124.JPG,/home/tsaga/projects/beefresearch-bima/data/dataset_root/DAY-2/DAY-2_RPH_LMS_124.JPG,DAY-2,RPH,LMS,124,True,,0.03113958333333333,False,"(133, 170)"
DAY-2_RPH_LMS_125.JPG,/home/tsaga/projects/beefresearch-bima/data/dataset_root/DAY-2/DAY-2_RPH_LMS_125.JPG,DAY-2,RPH,LMS,125,True,,0.03546666666666667,False,"(135, 170)"
DAY-2_RPH_LMS_126.JPG,/home/tsaga/projects/beefresearch-bima/data/dataset_root/DAY-2/DAY-2_RPH_LMS_126.JPG,DAY-2,RPH,LMS,126,True,,0.034404166666666666,False,"(147, 175)"
DAY-2_RPH_LMS_127.JPG,/home/tsaga/projects/beefresearch-bima/data/dataset_root/DAY-2/DAY-2_RPH_LMS_127.JPG,DAY-2,RPH,LMS,127,True,,0.044497916666666665,False,"(161, 172)"
DAY-2_RPH_LMS_128.JPG,/home/tsaga/projects/beefresearch-bima/data/dataset_root/DAY-2/DAY-2_RPH_LMS_128.JPG,DAY-2,RPH,LMS,128,True,,0.04902708333333333,False,"(163, 179)"
DAY-2_RPH_LMS_129.JPG,/home/tsaga/projects/beefresearch-bima/data/dataset_root/DAY-2/DAY-2_RPH_LMS_129.JPG,DAY-2,RPH,LMS,129,True,,0.03842291666666667,False,"(141, 199)"
DAY-2_RPH_LMS_130.JPG,/home/tsaga/projects/beefresearch-bima/data/dataset_root/DAY-2/DAY-2_RPH_LMS_130.JPG,DAY-2,RPH,LMS,130,True,,0.037527083333333336,False,"(138, 179)"
DAY-2_RPH_LMS_131.JPG,/home/tsaga/projects/beefresearch-bima/data/dataset_root/DAY-2/DAY-2_RPH_LMS_131.JPG,DAY-2,RPH,LMS,131,True,,0.021652083333333332,False,"(113, 140)"
DAY-2_RPH_LMS_132.JPG,/home/tsaga/projects/beefresearch-bima/data/dataset_root/DAY-2/DAY-2_RPH_LMS_132.JPG,DAY-2,RPH,LMS,132,True,,0.025908333333333332,False,"(117, 145)"
DAY-2_RPH_LMS_133.JPG,/home/tsaga/projects/beefresearch-bima/data/dataset_root/DAY-2/DAY-2_RPH_LMS_133.JPG,DAY-2,RPH,LMS,133,True,,0.03437291666666667,False,"(126, 169)"
DAY-2_RPH_LMS_134.JPG,/home/tsaga/projects/beefresearch-bima/data/dataset_root/DAY-2/DAY-2_RPH_LMS_134.JPG,DAY-2,RPH,LMS,134,True,,0.03628125,False,"(132, 177)"
DAY-2_RPH_LMS_135.JPG,/home/tsaga/projects/beefresearch-bima/data/dataset_root/DAY-2/DAY-2_RPH_LMS_135.JPG,DAY-2,RPH,LMS,135,True,,0.0519125,False,"(150, 225)"
DAY-2_RPH_LMS_136.JPG,/home/tsaga/projects/beefresearch-bima/data/dataset_root/DAY-2/DAY-2_RPH_LMS_136.JPG,DAY-2,RPH,LMS,136,True,,0.05316041666666667,False,"(168, 226)"
DAY-2_RPH_LMS_137.JPG,/home/tsaga/projects/beefresearch-bima/data/dataset_root/DAY-2/DAY-2_RPH_LMS_137.JPG,DAY-2,RPH,LMS,137,True,,0.05235,False,"(187, 185)"
DAY-2_RPH_LMS_138.JPG,/home/tsaga/projects/beefresearch-bima/data/dataset_root/DAY-2/DAY-2_RPH_LMS_138.JPG,DAY-2,RPH,LMS,138,True,,0.05027708333333333,False,"(188, 180)"
DAY-2_RPH_LMS_139.JPG,/home/tsaga/projects/beefresearch-bima/data/dataset_root/DAY-2/DAY-2_RPH_LMS_139.JPG,DAY-2,RPH,LMS,139,True,,0.04265,False,"(146, 209)"
DAY-2_RPH_LMS_140.JPG,/home/tsaga/projects/beefresearch-bima/data/dataset_root/DAY-2/DAY-2_RPH_LMS_140.JPG,DAY-2,RPH,LMS,140,True,,0.042058333333333336,False,"(138, 223)"
DAY-2_UMKM_PDS_001.JPG,/home/tsaga/projects/beefresearch-bima/data/dataset_root/DAY-2/DAY-2_UMKM_PDS_001.JPG,DAY-2,UMKM,PDS,1,True,,0.027856347438752784,False,"(110, 118)"
DAY-2_UMKM_PDS_002.JPG,/home/tsaga/projects/beefresearch-bima/data/dataset_root/DAY-2/DAY-2_UMKM_PDS_002.JPG,DAY-2,UMKM,PDS,2,True,,0.028811247216035635,False,"(103, 130)"
DAY-2_UMKM_PDS_003.JPG,/home/tsaga/projects/beefresearch-bima/data/dataset_root/DAY-2/DAY-2_UMKM_PDS_003.JPG,DAY-2,UMKM,PDS,3,True,,0.02433184855233853,False,"(93, 128)"
DAY-2_UMKM_PDS_004.JPG,/home/tsaga/projects/beefresearch-bima/data/dataset_root/DAY-2/DAY-2_UMKM_PDS_004.JPG,DAY-2,UMKM,PDS,4,True,,0.024788418708240535,False,"(103, 123)"
DAY-2_UMKM_PDS_005.JPG,/home/tsaga/projects/beefresearch-bima/data/dataset_root/DAY-2/DAY-2_UMKM_PDS_005.JPG,DAY-2,UMKM,PDS,5,True,,0.03126113585746102,False,"(111, 142)"
DAY-2_UMKM_PDS_006.JPG,/home/tsaga/projects/beefresearch-bima/data/dataset_root/DAY-2/DAY-2_UMKM_PDS_006.JPG,DAY-2,UMKM,PDS,6,True,,0.0313195991091314,False,"(106, 142)"
DAY-2_UMKM_PDS_007.JPG,/home/tsaga/projects/beefresearch-bima/data/dataset_root/DAY-2/DAY-2_UMKM_PDS_007.JPG,DAY-2,UMKM,PDS,7,True,,0.03395879732739421,False,"(121, 130)"
DAY-2_UMKM_PDS_008.JPG,/home/tsaga/projects/beefresearch-bima/data/dataset_root/DAY-2/DAY-2_UMKM_PDS_008.JPG,DAY-2,UMKM,PDS,8,True,,0.03262249443207127,False,"(118, 132)"
DAY-2_UMKM_PDS_009.JPG,/home/tsaga/projects/beefresearch-bima/data/dataset_root/DAY-2/DAY-2_UMKM_PDS_009.JPG,DAY-2,UMKM,PDS,9,True,,0.0321380846325167,False,"(123, 121)"
DAY-2_UMKM_PDS_010.JPG,/home/tsaga/projects/beefresearch-bima/data/dataset_root/DAY-2/DAY-2_UMKM_PDS_010.JPG,DAY-2,UMKM,PDS,10,True,,0.030247772828507796,False,"(102, 131)"
DAY-2_UMKM_PDS_011.JPG,/home/tsaga/projects/beefresearch-bima/data/dataset_root/DAY-2/DAY-2_UMKM_PDS_011.JPG,DAY-2,UMKM,PDS,11,True,,0.028719376391982184,False,"(120, 130)"
DAY-2_UMKM_PDS_012.JPG,/home/tsaga/projects/beefresearch-bima/data/dataset_root/DAY-2/DAY-2_UMKM_PDS_012.JPG,DAY-2,UMKM,PDS,12,True,,0.029437639198218263,False,"(112, 130)"
DAY-2_UMKM_PDS_013.JPG,/home/tsaga/projects/beefresearch-bima/data/dataset_root/DAY-2/DAY-2_UMKM_PDS_013.JPG,DAY-2,UMKM,PDS,13,True,,0.02107739420935412,False,"(93, 102)"
DAY-2_UMKM_PDS_014.JPG,/home/tsaga/projects/beefresearch-bima/data/dataset_root/DAY-2/DAY-2_UMKM_PDS_014.JPG,DAY-2,UMKM,PDS,14,True,,0.020506681514476616,False,"(93, 99)"
DAY-2_UMKM_PDS_015.JPG,/home/tsaga/projects/beefresearch-bima/data/dataset_root/DAY-2/DAY-2_UMKM_PDS_015.JPG,DAY-2,UMKM,PDS,15,True,,0.03550946547884187,False,"(125, 139)"
DAY-2_UMKM_PDS_016.JPG,/home/tsaga/projects/beefresearch-bima/data/dataset_root/DAY-2/DAY-2_UMKM_PDS_016.JPG,DAY-2,UMKM,PDS,16,True,,0.03348552338530067,False,"(121, 140)"
DAY-2_UMKM_PDS_017.JPG,/home/tsaga/projects/beefresearch-bima/data/dataset_root/DAY-2/DAY-2_UMKM_PDS_017.JPG,DAY-2,UMKM,PDS,17,True,,0.034479398663697106,False,"(112, 143)"
DAY-2_UMKM_PDS_018.JPG,/home/tsaga/projects/beefresearch-bima/data/dataset_root/DAY-2/DAY-2_UMKM_PDS_018.JPG,DAY-2,UMKM,PDS,18,True,,0.03392538975501114,False,"(111, 153)"
DAY-2_UMKM_PDS_019.JPG,/home/tsaga/projects/beefresearch-bima/data/dataset_root/DAY-2/DAY-2_UMKM_PDS_019.JPG,DAY-2,UMKM,PDS,19,True,,0.03735244988864143,False,"(114, 154)"
DAY-2_UMKM_PDS_020.JPG,/home/tsaga/projects/beefresearch-bima/data/dataset_root/DAY-2/DAY-2_UMKM_PDS_020.JPG,DAY-2,UMKM,PDS,20,True,,0.038610801781737196,False,"(124, 141)"
DAY-2_UMKM_PDS_021.JPG,/home/tsaga/projects/beefresearch-bima/data/dataset_root/DAY-2/DAY-2_UMKM_PDS_021.JPG,DAY-2,UMKM,PDS,21,True,,0.03196826280623608,False,"(93, 154)"
DAY-2_UMKM_PDS_022.JPG,/home/tsaga/projects/beefresearch-bima/data/dataset_root/DAY-2/DAY-2_UMKM_PDS_022.JPG,DAY-2,UMKM,PDS,22,True,,0.030670935412026725,False,"(105, 148)"
DAY-2_UMKM_PDS_023.JPG,/home/tsaga/projects/beefresearch-bima/data/dataset_root/DAY-2/DAY-2_UMKM_PDS_023.JPG,DAY-2,UMKM,PDS,23,True,,0.03661748329621381,False,"(125, 135)"
DAY-2_UMKM_PDS_024.JPG,/home/tsaga/projects/beefresearch-bima/data/dataset_root/DAY-2/DAY-2_UMKM_PDS_024.JPG,DAY-2,UMKM,PDS,24,True,,0.038187639198218264,False,"(124, 135)"
DAY-2_UMKM_PDS_025.JPG,/home/tsaga/projects/beefresearch-bima/data/dataset_root/DAY-2/DAY-2_UMKM_PDS_025.JPG,DAY-2,UMKM,PDS,25,True,,0.04067928730512249,False,"(134, 137)"
DAY-2_UMKM_PDS_026.JPG,/home/tsaga/projects/beefresearch-bima/data/dataset_root/DAY-2/DAY-2_UMKM_PDS_026.JPG,DAY-2,UMKM,PDS,26,True,,0.04091870824053452,False,"(126, 145)"
DAY-2_UMKM_PDS_027.JPG,/home/tsaga/projects/beefresearch-bima/data/dataset_root/DAY-2/DAY-2_UMKM_PDS_027.JPG,DAY-2,UMKM,PDS,27,True,,0.042374721603563474,False,"(126, 158)"
DAY-2_UMKM_PDS_028.JPG,/home/tsaga/projects/beefresearch-bima/data/dataset_root/DAY-2/DAY-2_UMKM_PDS_028.JPG,DAY-2,UMKM,PDS,28,True,,0.042012806236080176,False,"(123, 165)"
DAY-2_UMKM_PDS_029.JPG,/home/tsaga/projects/beefresearch-bima/data/dataset_root/DAY-2/DAY-2_UMKM_PDS_029.JPG,DAY-2,UMKM,PDS,29,True,,0.040141982182628065,False,"(132, 135)"
DAY-2_UMKM_PDS_030.JPG,/home/tsaga/projects/beefresearch-bima/data/dataset_root/DAY-2/DAY-2_UMKM_PDS_030.JPG,DAY-2,UMKM,PDS,30,True,,0.042886971046770604,False,"(137, 136)"
DAY-2_UMKM_PDS_031.JPG,/home/tsaga/projects/beefresearch-bima/data/dataset_root/DAY-2/DAY-2_UMKM_PDS_031.JPG,DAY-2,UMKM,PDS,31,True,,0.025565144766146995,False,"(119, 118)"
DAY-2_UMKM_PDS_032.JPG,/home/tsaga/projects/beefresearch-bima/data/dataset_root/DAY-2/DAY-2_UMKM_PDS_032.JPG,DAY-2,UMKM,PDS,32,True,,0.02590478841870824,False,"(104, 132)"
DAY-2_UMKM_PDS_033.JPG,/home/tsaga/projects/beefresearch-bima/data/dataset_root/DAY-2/DAY-2_UMKM_PDS_033.JPG,DAY-2,UMKM,PDS,33,True,,0.03320991091314031,False,"(97, 147)"
DAY-2_UMKM_PDS_034.JPG,/home/tsaga/projects/beefresearch-bima/data/dataset_root/DAY-2/DAY-2_UMKM_PDS_034.JPG,DAY-2,UMKM,PDS,34,True,,0.03342984409799554,False,"(105, 146)"
DAY-2_UMKM_PDS_035.JPG,/home/tsaga/projects/beefresearch-bima/data/dataset_root/DAY-2/DAY-2_UMKM_PDS_035.JPG,DAY-2,UMKM,PDS,35,True,,0.0328424276169265,False,"(110, 158)"
DAY-2_UMKM_PDS_036.JPG,/home/tsaga/projects/beefresearch-bima/data/dataset_root/DAY-2/DAY-2_UMKM_PDS_036.JPG,DAY-2,UMKM,PDS,36,True,,0.032956570155902004,False,"(116, 149)"
DAY-2_UMKM_PDS_037.JPG,/home/tsaga/projects/beefresearch-bima/data/dataset_root/DAY-2/DAY-2_UMKM_PDS_037.JPG,DAY-2,UMKM,PDS,37,True,,0.02832126948775056,False,"(97, 133)"
DAY-2_UMKM_PDS_038.JPG,/home/tsaga/projects/beefresearch-bima/data/dataset_root/DAY-2/DAY-2_UMKM_PDS_038.JPG,DAY-2,UMKM,PDS,38,True,,0.028087416481069043,False,"(97, 127)"
DAY-2_UMKM_PDS_039.JPG,/home/tsaga/projects/beefresearch-bima/data/dataset_root/DAY-2/DAY-2_UMKM_PDS_039.JPG,DAY-2,UMKM,PDS,39,True,,0.022321826280623607,False,"(89, 122)"
DAY-2_UMKM_PDS_040.JPG,/home/tsaga/projects/beefresearch-bima/data/dataset_root/DAY-2/DAY-2_UMKM_PDS_040.JPG,DAY-2,UMKM,PDS,40,True,,0.022811804008908684,False,"(93, 118)"
DAY-2_UMKM_PDS_041.JPG,/home/tsaga/projects/beefresearch-bima/data/dataset_root/DAY-2/DAY-2_UMKM_PDS_041.JPG,DAY-2,UMKM,PDS,41,True,,0.029810690423162582,False,"(141, 115)"
DAY-2_UMKM_PDS_042.JPG,/home/tsaga/projects/beefresearch-bima/data/dataset_root/DAY-2/DAY-2_UMKM_PDS_042.JPG,DAY-2,UMKM,PDS,42,True,,0.03074053452115813,False,"(111, 138)"
DAY-2_UMKM_PDS_043.JPG,/home/tsaga/projects/beefresearch-bima/data/dataset_root/DAY-2/DAY-2_UMKM_PDS_043.JPG,DAY-2,UMKM,PDS,43,True,,0.04030345211581292,False,"(129, 150)"
DAY-2_UMKM_PDS_044.JPG,/home/tsaga/projects/beefresearch-bima/data/dataset_root/DAY-2/DAY-2_UMKM_PDS_044.JPG,DAY-2,UMKM,PDS,44,True,,0.03972438752783965,False,"(123, 156)"
DAY-2_UMKM_PDS_045.JPG,/home/tsaga/projects/beefresearch-bima/data/dataset_root/DAY-2/DAY-2_UMKM_PDS_045.JPG,DAY-2,UMKM,PDS,45,True,,0.031096881959910914,False,"(106, 144)"
DAY-2_UMKM_PDS_046.JPG,/home/tsaga/projects/beefresearch-bima/data/dataset_root/DAY-2/DAY-2_UMKM_PDS_046.JPG,DAY-2,UMKM,PDS,46,True,,0.030281180400890867,False,"(111, 121)"
DAY-2_UMKM_PDS_047.JPG,/home/tsaga/projects/beefresearch-bima/data/dataset_root/DAY-2/DAY-2_UMKM_PDS_047.JPG,DAY-2,UMKM,PDS,47,True,,0.03516703786191537,False,"(105, 157)"
DAY-2_UMKM_PDS_048.JPG,/home/tsaga/projects/beefresearch-bima/data/dataset_root/DAY-2/DAY-2_UMKM_PDS_048.JPG,DAY-2,UMKM,PDS,48,True,,0.034738307349665924,False,"(102, 163)"
DAY-2_UMKM_PDS_049.JPG,/home/tsaga/projects/beefresearch-bima/data/dataset_root/DAY-2/DAY-2_UMKM_PDS_049.JPG,DAY-2,UMKM,PDS,49,True,,0.03860244988864143,False,"(131, 146)"
DAY-2_UMKM_PDS_050.JPG,/home/tsaga/projects/beefresearch-bima/data/dataset_root/DAY-2/DAY-2_UMKM_PDS_050.JPG,DAY-2,UMKM,PDS,50,True,,0.0376586859688196,False,"(113, 159)"
DAY-2_UMKM_PDS_051.JPG,/home/tsaga/projects/beefresearch-bima/data/dataset_root/DAY-2/DAY-2_UMKM_PDS_051.JPG,DAY-2,UMKM,PDS,51,True,,0.046664810690423164,False,"(124, 173)"
DAY-2_UMKM_PDS_052.JPG,/home/tsaga/projects/beefresearch-bima/data/dataset_root/DAY-2/DAY-2_UMKM_PDS_052.JPG,DAY-2,UMKM,PDS,52,True,,0.04559576837416481,False,"(116, 182)"
DAY-2_UMKM_PDS_053.JPG,/home/tsaga/projects/beefresearch-bima/data/dataset_root/DAY-2/DAY-2_UMKM_PDS_053.JPG,DAY-2,UMKM,PDS,53,True,,0.03480512249443207,False,"(112, 144)"
DAY-2_UMKM_PDS_054.JPG,/home/tsaga/projects/beefresearch-bima/data/dataset_root/DAY-2/DAY-2_UMKM_PDS_054.JPG,DAY-2,UMKM,PDS,54,True,,0.03574610244988864,False,"(116, 146)"
DAY-2_UMKM_PDS_055.JPG,/home/tsaga/projects/beefresearch-bima/data/dataset_root/DAY-2/DAY-2_UMKM_PDS_055.JPG,DAY-2,UMKM,PDS,55,True,,0.04418708240534521,False,"(142, 146)"
DAY-2_UMKM_PDS_056.JPG,/home/tsaga/projects/beefresearch-bima/data/dataset_root/DAY-2/DAY-2_UMKM_PDS_056.JPG,DAY-2,UMKM,PDS,56,True,,0.04477728285077951,False,"(133, 147)"
DAY-2_UMKM_PDS_057.JPG,/home/tsaga/projects/beefresearch-bima/data/dataset_root/DAY-2/DAY-2_UMKM_PDS_057.JPG,DAY-2,UMKM,PDS,57,True,,0.042842427616926505,False,"(138, 146)"
DAY-2_UMKM_PDS_058.JPG,/home/tsaga/projects/beefresearch-bima/data/dataset_root/DAY-2/DAY-2_UMKM_PDS_058.JPG,DAY-2,UMKM,PDS,58,True,,0.04115812917594655,False,"(148, 140)"
DAY-2_UMKM_PDS_059.JPG,/home/tsaga/projects/beefresearch-bima/data/dataset_root/DAY-2/DAY-2_UMKM_PDS_059.JPG,DAY-2,UMKM,PDS,59,True,,0.028229398663697104,False,"(108, 130)"
DAY-2_UMKM_PDS_060.JPG,/home/tsaga/projects/beefresearch-bima/data/dataset_root/DAY-2/DAY-2_UMKM_PDS_060.JPG,DAY-2,UMKM,PDS,60,True,,0.027694877505567927,False,"(98, 132)"
DAY-2_UMKM_PDS_061.JPG,/home/tsaga/projects/beefresearch-bima/data/dataset_root/DAY-2/DAY-2_UMKM_PDS_061.JPG,DAY-2,UMKM,PDS,61,True,,0.0352728285077951,False,"(122, 129)"
DAY-2_UMKM_PDS_062.JPG,/home/tsaga/projects/beefresearch-bima/data/dataset_root/DAY-2/DAY-2_UMKM_PDS_062.JPG,DAY-2,UMKM,PDS,62,True,,0.03419821826280624,False,"(112, 135)"
DAY-2_UMKM_PDS_063.JPG,/home/tsaga/projects/beefresearch-bima/data/dataset_root/DAY-2/DAY-2_UMKM_PDS_063.JPG,DAY-2,UMKM,PDS,63,True,,0.023942093541202674,False,"(90, 114)"
DAY-2_UMKM_PDS_064.JPG,/home/tsaga/projects/beefresearch-bima/data/dataset_root/DAY-2/DAY-2_UMKM_PDS_064.JPG,DAY-2,UMKM,PDS,64,True,,0.023666481069042317,False,"(83, 121)"
DAY-2_UMKM_PDS_065.JPG,/home/tsaga/projects/beefresearch-bima/data/dataset_root/DAY-2/DAY-2_UMKM_PDS_065.JPG,DAY-2,UMKM,PDS,65,True,,0.038460467706013364,False,"(121, 139)"
DAY-2_UMKM_PDS_066.JPG,/home/tsaga/projects/beefresearch-bima/data/dataset_root/DAY-2/DAY-2_UMKM_PDS_066.JPG,DAY-2,UMKM,PDS,66,True,,0.0376586859688196,False,"(118, 138)"
DAY-2_UMKM_PDS_067.JPG,/home/tsaga/projects/beefresearch-bima/data/dataset_root/DAY-2/DAY-2_UMKM_PDS_067.JPG,DAY-2,UMKM,PDS,67,True,,0.041884743875278393,False,"(131, 142)"
DAY-2_UMKM_PDS_068.JPG,/home/tsaga/projects/beefresearch-bima/data/dataset_root/DAY-2/DAY-2_UMKM_PDS_068.JPG,DAY-2,UMKM,PDS,68,True,,0.04361080178173719,False,"(132, 161)"
DAY-2_UMKM_PDS_069.JPG,/home/tsaga/projects/beefresearch-bima/data/dataset_root/DAY-2/DAY-2_UMKM_PDS_069.JPG,DAY-2,UMKM,PDS,69,True,,0.04246380846325167,False,"(121, 164)"
DAY-2_UMKM_PDS_070.JPG,/home/tsaga/projects/beefresearch-bima/data/dataset_root/DAY-2/DAY-2_UMKM_PDS_070.JPG,DAY-2,UMKM,PDS,70,True,,0.04036469933184855,False,"(119, 161)"
DAY-2_UMKM_PDS_071.JPG,/home/tsaga/projects/beefresearch-bima/data/dataset_root/DAY-2/DAY-2_UMKM_PDS_071.JPG,DAY-2,UMKM,PDS,71,True,,0.039802338530066816,False,"(140, 136)"
DAY-2_UMKM_PDS_072.JPG,/home/tsaga/projects/beefresearch-bima/data/dataset_root/DAY-2/DAY-2_UMKM_PDS_072.JPG,DAY-2,UMKM,PDS,72,True,,0.03937360801781737,False,"(131, 135)"
DAY-2_UMKM_PDS_073.JPG,/home/tsaga/projects/beefresearch-bima/data/dataset_root/DAY-2/DAY-2_UMKM_PDS_073.JPG,DAY-2,UMKM,PDS,73,True,,0.04598830734966593,False,"(135, 163)"
DAY-2_UMKM_PDS_074.JPG,/home/tsaga/projects/beefresearch-bima/data/dataset_root/DAY-2/DAY-2_UMKM_PDS_074.JPG,DAY-2,UMKM,PDS,74,True,,0.042544543429844095,False,"(133, 163)"
DAY-2_UMKM_PDS_075.JPG,/home/tsaga/projects/beefresearch-bima/data/dataset_root/DAY-2/DAY-2_UMKM_PDS_075.JPG,DAY-2,UMKM,PDS,75,True,,0.03451559020044544,False,"(104, 152)"
DAY-2_UMKM_PDS_076.JPG,/home/tsaga/projects/beefresearch-bima/data/dataset_root/DAY-2/DAY-2_UMKM_PDS_076.JPG,DAY-2,UMKM,PDS,76,True,,0.03542316258351893,False,"(114, 142)"
DAY-2_UMKM_PDS_077.JPG,/home/tsaga/projects/beefresearch-bima/data/dataset_root/DAY-2/DAY-2_UMKM_PDS_077.JPG,DAY-2,UMKM,PDS,77,True,,0.027970489977728285,False,"(104, 134)"
DAY-2_UMKM_PDS_078.JPG,/home/tsaga/projects/beefresearch-bima/data/dataset_root/DAY-2/DAY-2_UMKM_PDS_078.JPG,DAY-2,UMKM,PDS,78,True,,0.027138084632516705,False,"(91, 132)"
DAY-2_UMKM_PDS_079.JPG,/home/tsaga/projects/beefresearch-bima/data/dataset_root/DAY-2/DAY-2_UMKM_PDS_079.JPG,DAY-2,UMKM,PDS,79,True,,0.034443207126948774,False,"(109, 140)"
DAY-2_UMKM_PDS_080.JPG,/home/tsaga/projects/beefresearch-bima/data/dataset_root/DAY-2/DAY-2_UMKM_PDS_080.JPG,DAY-2,UMKM,PDS,80,True,,0.03471046770601336,False,"(107, 145)"
DAY-2_UMKM_PDS_081.JPG,/home/tsaga/projects/beefresearch-bima/data/dataset_root/DAY-2/DAY-2_UMKM_PDS_081.JPG,DAY-2,UMKM,PDS,81,True,,0.02367761692650334,False,"(84, 120)"
DAY-2_UMKM_PDS_082.JPG,/home/tsaga/projects/beefresearch-bima/data/dataset_root/DAY-2/DAY-2_UMKM_PDS_082.JPG,DAY-2,UMKM,PDS,82,True,,0.023691536748329623,False,"(92, 118)"
DAY-2_UMKM_PDS_083.JPG,/home/tsaga/projects/beefresearch-bima/data/dataset_root/DAY-2/DAY-2_UMKM_PDS_083.JPG,DAY-2,UMKM,PDS,83,True,,0.02681236080178174,False,"(96, 120)"
DAY-2_UMKM_PDS_084.JPG,/home/tsaga/projects/beefresearch-bima/data/dataset_root/DAY-2/DAY-2_UMKM_PDS_084.JPG,DAY-2,UMKM,PDS,84,True,,0.025907572383073497,False,"(111, 121)"
DAY-2_UMKM_PDS_085.JPG,/home/tsaga/projects/beefresearch-bima/data/dataset_root/DAY-2/DAY-2_UMKM_PDS_085.JPG,DAY-2,UMKM,PDS,85,True,,0.03568485523385301,False,"(124, 139)"
DAY-2_UMKM_PDS_086.JPG,/home/tsaga/projects/beefresearch-bima/data/dataset_root/DAY-2/DAY-2_UMKM_PDS_086.JPG,DAY-2,UMKM,PDS,86,True,,0.03386971046770601,False,"(128, 126)"
DAY-2_UMKM_PDS_087.JPG,/home/tsaga/projects/beefresearch-bima/data/dataset_root/DAY-2/DAY-2_UMKM_PDS_087.JPG,DAY-2,UMKM,PDS,87,True,,0.039766146993318485,False,"(121, 146)"
DAY-2_UMKM_PDS_088.JPG,/home/tsaga/projects/beefresearch-bima/data/dataset_root/DAY-2/DAY-2_UMKM_PDS_088.JPG,DAY-2,UMKM,PDS,88,True,,0.04114699331848552,False,"(117, 160)"
DAY-2_UMKM_PDS_089.JPG,/home/tsaga/projects/beefresearch-bima/data/dataset_root/DAY-2/DAY-2_UMKM_PDS_089.JPG,DAY-2,UMKM,PDS,89,True,,0.0385913140311804,False,"(121, 148)"
DAY-2_UMKM_PDS_090.JPG,/home/tsaga/projects/beefresearch-bima/data/dataset_root/DAY-2/DAY-2_UMKM_PDS_090.JPG,DAY-2,UMKM,PDS,90,True,,0.03889755011135857,False,"(120, 151)"
DAY-2_UMKM_PDS_091.JPG,/home/tsaga/projects/beefresearch-bima/data/dataset_root/DAY-2/DAY-2_UMKM_PDS_091.JPG,DAY-2,UMKM,PDS,91,True,,0.03939587973273942,False,"(120, 146)"
DAY-2_UMKM_PDS_092.JPG,/home/tsaga/projects/beefresearch-bima/data/dataset_root/DAY-2/DAY-2_UMKM_PDS_092.JPG,DAY-2,UMKM,PDS,92,True,,0.039242761692650334,False,"(119, 147)"
DAY-2_UMKM_PDS_093.JPG,/home/tsaga/projects/beefresearch-bima/data/dataset_root/DAY-2/DAY-2_UMKM_PDS_093.JPG,DAY-2,UMKM,PDS,93,True,,0.031890311804008906,False,"(99, 140)"
DAY-2_UMKM_PDS_094.JPG,/home/tsaga/projects/beefresearch-bima/data/dataset_root/DAY-2/DAY-2_UMKM_PDS_094.JPG,DAY-2,UMKM,PDS,94,True,,0.03171213808463252,False,"(110, 136)"
DAY-2_UMKM_PDS_095.JPG,/home/tsaga/projects/beefresearch-bima/data/dataset_root/DAY-2/DAY-2_UMKM_PDS_095.JPG,DAY-2,UMKM,PDS,95,True,,0.03864142538975501,False,"(113, 146)"
DAY-2_UMKM_PDS_096.JPG,/home/tsaga/projects/beefresearch-bima/data/dataset_root/DAY-2/DAY-2_UMKM_PDS_096.JPG,DAY-2,UMKM,PDS,96,True,,0.039526726057906456,False,"(123, 145)"
DAY-2_UMKM_PDS_097.JPG,/home/tsaga/projects/beefresearch-bima/data/dataset_root/DAY-2/DAY-2_UMKM_PDS_097.JPG,DAY-2,UMKM,PDS,97,True,,0.03675389755011136,False,"(124, 136)"
DAY-2_UMKM_PDS_098.JPG,/home/tsaga/projects/beefresearch-bima/data/dataset_root/DAY-2/DAY-2_UMKM_PDS_098.JPG,DAY-2,UMKM,PDS,98,True,,0.03601336302895323,False,"(121, 135)"
DAY-2_UMKM_PDS_099.JPG,/home/tsaga/projects/beefresearch-bima/data/dataset_root/DAY-2/DAY-2_UMKM_PDS_099.JPG,DAY-2,UMKM,PDS,99,True,,0.038541202672605794,False,"(97, 169)"
DAY-2_UMKM_PDS_100.JPG,/home/tsaga/projects/beefresearch-bima/data/dataset_root/DAY-2/DAY-2_UMKM_PDS_100.JPG,DAY-2,UMKM,PDS,100,True,,0.0380707126948775,False,"(109, 161)"
DAY-2_UMKM_PDS_101.JPG,/home/tsaga/projects/beefresearch-bima/data/dataset_root/DAY-2/DAY-2_UMKM_PDS_101.JPG,DAY-2,UMKM,PDS,101,True,,0.03570991091314031,False,"(122, 142)"
DAY-2_UMKM_PDS_102.JPG,/home/tsaga/projects/beefresearch-bima/data/dataset_root/DAY-2/DAY-2_UMKM_PDS_102.JPG,DAY-2,UMKM,PDS,102,True,,0.03679008908685969,False,"(129, 136)"
DAY-2_UMKM_PDS_103.JPG,/home/tsaga/projects/beefresearch-bima/data/dataset_root/DAY-2/DAY-2_UMKM_PDS_103.JPG,DAY-2,UMKM,PDS,103,True,,0.04177338530066815,False,"(116, 160)"
DAY-2_UMKM_PDS_104.JPG,/home/tsaga/projects/beefresearch-bima/data/dataset_root/DAY-2/DAY-2_UMKM_PDS_104.JPG,DAY-2,UMKM,PDS,104,True,,0.04149777282850779,False,"(114, 166)"
DAY-2_UMKM_PDS_105.JPG,/home/tsaga/projects/beefresearch-bima/data/dataset_root/DAY-2/DAY-2_UMKM_PDS_105.JPG,DAY-2,UMKM,PDS,105,True,,0.03499164810690423,False,"(122, 148)"
DAY-2_UMKM_PDS_106.JPG,/home/tsaga/projects/beefresearch-bima/data/dataset_root/DAY-2/DAY-2_UMKM_PDS_106.JPG,DAY-2,UMKM,PDS,106,True,,0.035932628062360805,False,"(106, 174)"
DAY-2_UMKM_PDS_107.JPG,/home/tsaga/projects/beefresearch-bima/data/dataset_root/DAY-2/DAY-2_UMKM_PDS_107.JPG,DAY-2,UMKM,PDS,107,True,,0.03125835189309577,False,"(99, 141)"
DAY-2_UMKM_PDS_108.JPG,/home/tsaga/projects/beefresearch-bima/data/dataset_root/DAY-2/DAY-2_UMKM_PDS_108.JPG,DAY-2,UMKM,PDS,108,True,,0.031133073496659242,False,"(104, 145)"
DAY-2_UMKM_PDS_109.JPG,/home/tsaga/projects/beefresearch-bima/data/dataset_root/DAY-2/DAY-2_UMKM_PDS_109.JPG,DAY-2,UMKM,PDS,109,True,,0.034342984409799555,False,"(107, 153)"
DAY-2_UMKM_PDS_110.JPG,/home/tsaga/projects/beefresearch-bima/data/dataset_root/DAY-2/DAY-2_UMKM_PDS_110.JPG,DAY-2,UMKM,PDS,110,True,,0.034081291759465476,False,"(112, 145)"
DAY-2_UMKM_PDS_111.JPG,/home/tsaga/projects/beefresearch-bima/data/dataset_root/DAY-2/DAY-2_UMKM_PDS_111.JPG,DAY-2,UMKM,PDS,111,True,,0.037939866369710466,False,"(115, 170)"
DAY-2_UMKM_PDS_112.JPG,/home/tsaga/projects/beefresearch-bima/data/dataset_root/DAY-2/DAY-2_UMKM_PDS_112.JPG,DAY-2,UMKM,PDS,112,True,,0.03709354120267261,False,"(112, 164)"
DAY-2_UMKM_PDS_113.JPG,/home/tsaga/projects/beefresearch-bima/data/dataset_root/DAY-2/DAY-2_UMKM_PDS_113.JPG,DAY-2,UMKM,PDS,113,True,,0.037792316258351895,False,"(126, 147)"
DAY-2_UMKM_PDS_114.JPG,/home/tsaga/projects/beefresearch-bima/data/dataset_root/DAY-2/DAY-2_UMKM_PDS_114.JPG,DAY-2,UMKM,PDS,114,True,,0.03946547884187082,False,"(120, 164)"
DAY-2_UMKM_PDS_115.JPG,/home/tsaga/projects/beefresearch-bima/data/dataset_root/DAY-2/DAY-2_UMKM_PDS_115.JPG,DAY-2,UMKM,PDS,115,True,,0.0380707126948775,False,"(133, 130)"
DAY-2_UMKM_PDS_116.JPG,/home/tsaga/projects/beefresearch-bima/data/dataset_root/DAY-2/DAY-2_UMKM_PDS_116.JPG,DAY-2,UMKM,PDS,116,True,,0.03668708240534521,False,"(126, 134)"
DAY-2_UMKM_PDS_117.JPG,/home/tsaga/projects/beefresearch-bima/data/dataset_root/DAY-2/DAY-2_UMKM_PDS_117.JPG,DAY-2,UMKM,PDS,117,True,,0.030542873051224943,False,"(107, 143)"
DAY-2_UMKM_PDS_118.JPG,/home/tsaga/projects/beefresearch-bima/data/dataset_root/DAY-2/DAY-2_UMKM_PDS_118.JPG,DAY-2,UMKM,PDS,118,True,,0.0327728285077951,False,"(111, 149)"
DAY-2_UMKM_PDS_119.JPG,/home/tsaga/projects/beefresearch-bima/data/dataset_root/DAY-2/DAY-2_UMKM_PDS_119.JPG,DAY-2,UMKM,PDS,119,True,,0.03996380846325167,False,"(111, 156)"
DAY-2_UMKM_PDS_120.JPG,/home/tsaga/projects/beefresearch-bima/data/dataset_root/DAY-2/DAY-2_UMKM_PDS_120.JPG,DAY-2,UMKM,PDS,120,True,,0.03872772828507795,False,"(116, 155)"
DAY-2_UMKM_PDS_121.JPG,/home/tsaga/projects/beefresearch-bima/data/dataset_root/DAY-2/DAY-2_UMKM_PDS_121.JPG,DAY-2,UMKM,PDS,121,True,,0.03576280623608018,False,"(104, 162)"
DAY-2_UMKM_PDS_122.JPG,/home/tsaga/projects/beefresearch-bima/data/dataset_root/DAY-2/DAY-2_UMKM_PDS_122.JPG,DAY-2,UMKM,PDS,122,True,,0.035657015590200444,False,"(112, 157)"
DAY-2_UMKM_PDS_123.JPG,/home/tsaga/projects/beefresearch-bima/data/dataset_root/DAY-2/DAY-2_UMKM_PDS_123.JPG,DAY-2,UMKM,PDS,123,True,,0.035386971046770604,False,"(118, 133)"
DAY-2_UMKM_PDS_124.JPG,/home/tsaga/projects/beefresearch-bima/data/dataset_root/DAY-2/DAY-2_UMKM_PDS_124.JPG,DAY-2,UMKM,PDS,124,True,,0.03597995545657016,False,"(119, 130)"
DAY-2_UMKM_PDS_125.JPG,/home/tsaga/projects/beefresearch-bima/data/dataset_root/DAY-2/DAY-2_UMKM_PDS_125.JPG,DAY-2,UMKM,PDS,125,True,,0.03553730512249443,False,"(112, 149)"
DAY-2_UMKM_PDS_126.JPG,/home/tsaga/projects/beefresearch-bima/data/dataset_root/DAY-2/DAY-2_UMKM_PDS_126.JPG,DAY-2,UMKM,PDS,126,True,,0.036405902004454344,False,"(123, 147)"
DAY-2_UMKM_PDS_127.JPG,/home/tsaga/projects/beefresearch-bima/data/dataset_root/DAY-2/DAY-2_UMKM_PDS_127.JPG,DAY-2,UMKM,PDS,127,True,,0.0405011135857461,False,"(118, 166)"
DAY-2_UMKM_PDS_128.JPG,/home/tsaga/projects/beefresearch-bima/data/dataset_root/DAY-2/DAY-2_UMKM_PDS_128.JPG,DAY-2,UMKM,PDS,128,True,,0.04238307349665924,False,"(133, 152)"
DAY-2_UMKM_PDS_129.JPG,/home/tsaga/projects/beefresearch-bima/data/dataset_root/DAY-2/DAY-2_UMKM_PDS_129.JPG,DAY-2,UMKM,PDS,129,True,,0.036851336302895325,False,"(108, 157)"
DAY-2_UMKM_PDS_130.JPG,/home/tsaga/projects/beefresearch-bima/data/dataset_root/DAY-2/DAY-2_UMKM_PDS_130.JPG,DAY-2,UMKM,PDS,130,True,,0.03521158129175946,False,"(115, 156)"
DAY-2_UMKM_PDS_131.JPG,/home/tsaga/projects/beefresearch-bima/data/dataset_root/DAY-2/DAY-2_UMKM_PDS_131.JPG,DAY-2,UMKM,PDS,131,True,,0.035851893095768375,False,"(115, 146)"
DAY-2_UMKM_PDS_132.JPG,/home/tsaga/projects/beefresearch-bima/data/dataset_root/DAY-2/DAY-2_UMKM_PDS_132.JPG,DAY-2,UMKM,PDS,132,True,,0.03619988864142539,False,"(106, 152)"
DAY-2_UMKM_PDS_133.JPG,/home/tsaga/projects/beefresearch-bima/data/dataset_root/DAY-2/DAY-2_UMKM_PDS_133.JPG,DAY-2,UMKM,PDS,133,True,,0.03268930957683742,False,"(109, 145)"
DAY-2_UMKM_PDS_134.JPG,/home/tsaga/projects/beefresearch-bima/data/dataset_root/DAY-2/DAY-2_UMKM_PDS_134.JPG,DAY-2,UMKM,PDS,134,True,,0.031753897550111355,False,"(102, 151)"
DAY-2_UMKM_PDS_135.JPG,/home/tsaga/projects/beefresearch-bima/data/dataset_root/DAY-2/DAY-2_UMKM_PDS_135.JPG,DAY-2,UMKM,PDS,135,True,,0.025503897550111357,False,"(97, 128)"
DAY-2_UMKM_PDS_136.JPG,/home/tsaga/projects/beefresearch-bima/data/dataset_root/DAY-2/DAY-2_UMKM_PDS_136.JPG,DAY-2,UMKM,PDS,136,True,,0.024930400890868596,False,"(95, 129)"
DAY-2_UMKM_PDS_137.JPG,/home/tsaga/projects/beefresearch-bima/data/dataset_root/DAY-2/DAY-2_UMKM_PDS_137.JPG,DAY-2,UMKM,PDS,137,True,,0.02460467706013363,False,"(94, 111)"
DAY-2_UMKM_PDS_138.JPG,/home/tsaga/projects/beefresearch-bima/data/dataset_root/DAY-2/DAY-2_UMKM_PDS_138.JPG,DAY-2,UMKM,PDS,138,True,,0.024702115812917595,False,"(109, 107)"
DAY-2_UMKM_PDS_139.JPG,/home/tsaga/projects/beefresearch-bima/data/dataset_root/DAY-2/DAY-2_UMKM_PDS_139.JPG,DAY-2,UMKM,PDS,139,True,,0.026464365256124722,False,"(109, 115)"
DAY-2_UMKM_PDS_140.JPG,/home/tsaga/projects/beefresearch-bima/data/dataset_root/DAY-2/DAY-2_UMKM_PDS_140.JPG,DAY-2,UMKM,PDS,140,True,,0.027989977728285077,False,"(108, 131)"
DAY-2_UMKM_PNT_001.JPG,/home/tsaga/projects/beefresearch-bima/data/dataset_root/DAY-2/DAY-2_UMKM_PNT_001.JPG,DAY-2,UMKM,PNT,1,True,,0.03760579064587973,False,"(131, 159)"
DAY-2_UMKM_PNT_002.JPG,/home/tsaga/projects/beefresearch-bima/data/dataset_root/DAY-2/DAY-2_UMKM_PNT_002.JPG,DAY-2,UMKM,PNT,2,True,,0.039290089086859686,False,"(111, 163)"
DAY-2_UMKM_PNT_003.JPG,/home/tsaga/projects/beefresearch-bima/data/dataset_root/DAY-2/DAY-2_UMKM_PNT_003.JPG,DAY-2,UMKM,PNT,3,True,,0.030573496659242763,False,"(114, 133)"
DAY-2_UMKM_PNT_004.JPG,/home/tsaga/projects/beefresearch-bima/data/dataset_root/DAY-2/DAY-2_UMKM_PNT_004.JPG,DAY-2,UMKM,PNT,4,True,,0.030233853006681514,False,"(118, 123)"
DAY-2_UMKM_PNT_005.JPG,/home/tsaga/projects/beefresearch-bima/data/dataset_root/DAY-2/DAY-2_UMKM_PNT_005.JPG,DAY-2,UMKM,PNT,5,True,,0.025929844097995546,False,"(96, 124)"
DAY-2_UMKM_PNT_006.JPG,/home/tsaga/projects/beefresearch-bima/data/dataset_root/DAY-2/DAY-2_UMKM_PNT_006.JPG,DAY-2,UMKM,PNT,6,True,,0.026347438752783964,False,"(109, 120)"
DAY-2_UMKM_PNT_007.JPG,/home/tsaga/projects/beefresearch-bima/data/dataset_root/DAY-2/DAY-2_UMKM_PNT_007.JPG,DAY-2,UMKM,PNT,7,True,,0.04237750556792873,False,"(123, 163)"
DAY-2_UMKM_PNT_008.JPG,/home/tsaga/projects/beefresearch-bima/data/dataset_root/DAY-2/DAY-2_UMKM_PNT_008.JPG,DAY-2,UMKM,PNT,8,True,,0.041862472160356344,False,"(131, 149)"
DAY-2_UMKM_PNT_009.JPG,/home/tsaga/projects/beefresearch-bima/data/dataset_root/DAY-2/DAY-2_UMKM_PNT_009.JPG,DAY-2,UMKM,PNT,9,True,,0.03666481069042316,False,"(125, 145)"
DAY-2_UMKM_PNT_010.JPG,/home/tsaga/projects/beefresearch-bima/data/dataset_root/DAY-2/DAY-2_UMKM_PNT_010.JPG,DAY-2,UMKM,PNT,10,True,,0.03608296213808463,False,"(122, 143)"
DAY-2_UMKM_PNT_011.JPG,/home/tsaga/projects/beefresearch-bima/data/dataset_root/DAY-2/DAY-2_UMKM_PNT_011.JPG,DAY-2,UMKM,PNT,11,True,,0.029757795100222716,False,"(122, 121)"
DAY-2_UMKM_PNT_012.JPG,/home/tsaga/projects/beefresearch-bima/data/dataset_root/DAY-2/DAY-2_UMKM_PNT_012.JPG,DAY-2,UMKM,PNT,12,True,,0.028538418708240535,False,"(102, 132)"
DAY-2_UMKM_PNT_013.JPG,/home/tsaga/projects/beefresearch-bima/data/dataset_root/DAY-2/DAY-2_UMKM_PNT_013.JPG,DAY-2,UMKM,PNT,13,True,,0.034535077951002226,False,"(128, 127)"
DAY-2_UMKM_PNT_014.JPG,/home/tsaga/projects/beefresearch-bima/data/dataset_root/DAY-2/DAY-2_UMKM_PNT_014.JPG,DAY-2,UMKM,PNT,14,True,,0.033956013363028954,False,"(114, 142)"
DAY-2_UMKM_PNT_015.JPG,/home/tsaga/projects/beefresearch-bima/data/dataset_root/DAY-2/DAY-2_UMKM_PNT_015.JPG,DAY-2,UMKM,PNT,15,True,,0.03588251670378619,False,"(138, 132)"
DAY-2_UMKM_PNT_016.JPG,/home/tsaga/projects/beefresearch-bima/data/dataset_root/DAY-2/DAY-2_UMKM_PNT_016.JPG,DAY-2,UMKM,PNT,16,True,,0.036461581291759464,False,"(123, 138)"
DAY-2_UMKM_PNT_017.JPG,/home/tsaga/projects/beefresearch-bima/data/dataset_root/DAY-2/DAY-2_UMKM_PNT_017.JPG,DAY-2,UMKM,PNT,17,True,,0.02977728285077951,False,"(97, 143)"
DAY-2_UMKM_PNT_018.JPG,/home/tsaga/projects/beefresearch-bima/data/dataset_root/DAY-2/DAY-2_UMKM_PNT_018.JPG,DAY-2,UMKM,PNT,18,True,,0.02994432071269488,False,"(98, 140)"
DAY-2_UMKM_PNT_019.JPG,/home/tsaga/projects/beefresearch-bima/data/dataset_root/DAY-2/DAY-2_UMKM_PNT_019.JPG,DAY-2,UMKM,PNT,19,True,,0.031662026726057904,False,"(135, 127)"
DAY-2_UMKM_PNT_020.JPG,/home/tsaga/projects/beefresearch-bima/data/dataset_root/DAY-2/DAY-2_UMKM_PNT_020.JPG,DAY-2,UMKM,PNT,20,True,,0.033911469933184855,False,"(112, 141)"
DAY-2_UMKM_PNT_021.JPG,/home/tsaga/projects/beefresearch-bima/data/dataset_root/DAY-2/DAY-2_UMKM_PNT_021.JPG,DAY-2,UMKM,PNT,21,True,,0.037728285077951,False,"(106, 183)"
DAY-2_UMKM_PNT_022.JPG,/home/tsaga/projects/beefresearch-bima/data/dataset_root/DAY-2/DAY-2_UMKM_PNT_022.JPG,DAY-2,UMKM,PNT,22,True,,0.037667037861915366,False,"(107, 180)"
DAY-2_UMKM_PNT_023.JPG,/home/tsaga/projects/beefresearch-bima/data/dataset_root/DAY-2/DAY-2_UMKM_PNT_023.JPG,DAY-2,UMKM,PNT,23,True,,0.03894209354120267,False,"(131, 155)"
DAY-2_UMKM_PNT_024.JPG,/home/tsaga/projects/beefresearch-bima/data/dataset_root/DAY-2/DAY-2_UMKM_PNT_024.JPG,DAY-2,UMKM,PNT,24,True,,0.03949610244988864,False,"(139, 132)"
DAY-2_UMKM_PNT_025.JPG,/home/tsaga/projects/beefresearch-bima/data/dataset_root/DAY-2/DAY-2_UMKM_PNT_025.JPG,DAY-2,UMKM,PNT,25,True,,0.0401336302895323,False,"(141, 154)"
DAY-2_UMKM_PNT_026.JPG,/home/tsaga/projects/beefresearch-bima/data/dataset_root/DAY-2/DAY-2_UMKM_PNT_026.JPG,DAY-2,UMKM,PNT,26,True,,0.03771714922048998,False,"(117, 175)"
DAY-2_UMKM_PNT_027.JPG,/home/tsaga/projects/beefresearch-bima/data/dataset_root/DAY-2/DAY-2_UMKM_PNT_027.JPG,DAY-2,UMKM,PNT,27,True,,0.040320155902004454,False,"(122, 158)"
DAY-2_UMKM_PNT_028.JPG,/home/tsaga/projects/beefresearch-bima/data/dataset_root/DAY-2/DAY-2_UMKM_PNT_028.JPG,DAY-2,UMKM,PNT,28,True,,0.04025890868596882,False,"(129, 154)"
DAY-2_UMKM_PNT_029.JPG,/home/tsaga/projects/beefresearch-bima/data/dataset_root/DAY-2/DAY-2_UMKM_PNT_029.JPG,DAY-2,UMKM,PNT,29,True,,0.0401837416481069,False,"(123, 149)"
DAY-2_UMKM_PNT_030.JPG,/home/tsaga/projects/beefresearch-bima/data/dataset_root/DAY-2/DAY-2_UMKM_PNT_030.JPG,DAY-2,UMKM,PNT,30,True,,0.039665924276169266,False,"(122, 144)"
DAY-2_UMKM_PNT_031.JPG,/home/tsaga/projects/beefresearch-bima/data/dataset_root/DAY-2/DAY-2_UMKM_PNT_031.JPG,DAY-2,UMKM,PNT,31,True,,0.02416481069042316,False,"(94, 114)"
DAY-2_UMKM_PNT_032.JPG,/home/tsaga/projects/beefresearch-bima/data/dataset_root/DAY-2/DAY-2_UMKM_PNT_032.JPG,DAY-2,UMKM,PNT,32,True,,0.024434855233853008,False,"(96, 120)"
DAY-2_UMKM_PNT_033.JPG,/home/tsaga/projects/beefresearch-bima/data/dataset_root/DAY-2/DAY-2_UMKM_PNT_033.JPG,DAY-2,UMKM,PNT,33,True,,0.03482182628062361,False,"(96, 176)"
DAY-2_UMKM_PNT_034.JPG,/home/tsaga/projects/beefresearch-bima/data/dataset_root/DAY-2/DAY-2_UMKM_PNT_034.JPG,DAY-2,UMKM,PNT,34,True,,0.03830734966592428,False,"(105, 187)"
DAY-2_UMKM_PNT_035.JPG,/home/tsaga/projects/beefresearch-bima/data/dataset_root/DAY-2/DAY-2_UMKM_PNT_035.JPG,DAY-2,UMKM,PNT,35,True,,0.029103563474387528,False,"(108, 137)"
DAY-2_UMKM_PNT_036.JPG,/home/tsaga/projects/beefresearch-bima/data/dataset_root/DAY-2/DAY-2_UMKM_PNT_036.JPG,DAY-2,UMKM,PNT,36,True,,0.029340200445434297,False,"(104, 140)"
DAY-2_UMKM_PNT_037.JPG,/home/tsaga/projects/beefresearch-bima/data/dataset_root/DAY-2/DAY-2_UMKM_PNT_037.JPG,DAY-2,UMKM,PNT,37,True,,0.04222160356347439,False,"(141, 137)"
DAY-2_UMKM_PNT_038.JPG,/home/tsaga/projects/beefresearch-bima/data/dataset_root/DAY-2/DAY-2_UMKM_PNT_038.JPG,DAY-2,UMKM,PNT,38,True,,0.043170935412026726,False,"(139, 136)"
DAY-2_UMKM_PNT_039.JPG,/home/tsaga/projects/beefresearch-bima/data/dataset_root/DAY-2/DAY-2_UMKM_PNT_039.JPG,DAY-2,UMKM,PNT,39,True,,0.041739977728285076,False,"(126, 162)"
DAY-2_UMKM_PNT_040.JPG,/home/tsaga/projects/beefresearch-bima/data/dataset_root/DAY-2/DAY-2_UMKM_PNT_040.JPG,DAY-2,UMKM,PNT,40,True,,0.04004175946547884,False,"(109, 167)"
DAY-2_UMKM_PNT_041.JPG,/home/tsaga/projects/beefresearch-bima/data/dataset_root/DAY-2/DAY-2_UMKM_PNT_041.JPG,DAY-2,UMKM,PNT,41,True,,0.040832405345211584,False,"(118, 159)"
DAY-2_UMKM_PNT_042.JPG,/home/tsaga/projects/beefresearch-bima/data/dataset_root/DAY-2/DAY-2_UMKM_PNT_042.JPG,DAY-2,UMKM,PNT,42,True,,0.04059576837416481,False,"(118, 151)"
DAY-2_UMKM_PNT_043.JPG,/home/tsaga/projects/beefresearch-bima/data/dataset_root/DAY-2/DAY-2_UMKM_PNT_043.JPG,DAY-2,UMKM,PNT,43,True,,0.03193207126948775,False,"(117, 157)"
DAY-2_UMKM_PNT_044.JPG,/home/tsaga/projects/beefresearch-bima/data/dataset_root/DAY-2/DAY-2_UMKM_PNT_044.JPG,DAY-2,UMKM,PNT,44,True,,0.030147550111358574,False,"(122, 147)"
DAY-2_UMKM_PNT_045.JPG,/home/tsaga/projects/beefresearch-bima/data/dataset_root/DAY-2/DAY-2_UMKM_PNT_045.JPG,DAY-2,UMKM,PNT,45,True,,0.03145879732739421,False,"(131, 114)"
DAY-2_UMKM_PNT_046.JPG,/home/tsaga/projects/beefresearch-bima/data/dataset_root/DAY-2/DAY-2_UMKM_PNT_046.JPG,DAY-2,UMKM,PNT,46,True,,0.031255567928730514,False,"(116, 125)"
DAY-2_UMKM_PNT_047.JPG,/home/tsaga/projects/beefresearch-bima/data/dataset_root/DAY-2/DAY-2_UMKM_PNT_047.JPG,DAY-2,UMKM,PNT,47,True,,0.041525612472160356,False,"(105, 194)"
DAY-2_UMKM_PNT_048.JPG,/home/tsaga/projects/beefresearch-bima/data/dataset_root/DAY-2/DAY-2_UMKM_PNT_048.JPG,DAY-2,UMKM,PNT,48,True,,0.04045378619153675,False,"(108, 181)"
DAY-2_UMKM_PNT_049.JPG,/home/tsaga/projects/beefresearch-bima/data/dataset_root/DAY-2/DAY-2_UMKM_PNT_049.JPG,DAY-2,UMKM,PNT,49,True,,0.03411748329621381,False,"(92, 159)"
DAY-2_UMKM_PNT_050.JPG,/home/tsaga/projects/beefresearch-bima/data/dataset_root/DAY-2/DAY-2_UMKM_PNT_050.JPG,DAY-2,UMKM,PNT,50,True,,0.03248608017817372,False,"(97, 156)"
DAY-2_UMKM_PNT_051.JPG,/home/tsaga/projects/beefresearch-bima/data/dataset_root/DAY-2/DAY-2_UMKM_PNT_051.JPG,DAY-2,UMKM,PNT,51,True,,0.04380846325167038,False,"(121, 175)"
DAY-2_UMKM_PNT_052.JPG,/home/tsaga/projects/beefresearch-bima/data/dataset_root/DAY-2/DAY-2_UMKM_PNT_052.JPG,DAY-2,UMKM,PNT,52,True,,0.04293986636971047,False,"(117, 165)"
DAY-2_UMKM_PNT_053.JPG,/home/tsaga/projects/beefresearch-bima/data/dataset_root/DAY-2/DAY-2_UMKM_PNT_053.JPG,DAY-2,UMKM,PNT,53,True,,0.025874164810690423,False,"(93, 128)"
DAY-2_UMKM_PNT_054.JPG,/home/tsaga/projects/beefresearch-bima/data/dataset_root/DAY-2/DAY-2_UMKM_PNT_054.JPG,DAY-2,UMKM,PNT,54,True,,0.02507795100222717,False,"(92, 126)"
DAY-2_UMKM_PNT_055.JPG,/home/tsaga/projects/beefresearch-bima/data/dataset_root/DAY-2/DAY-2_UMKM_PNT_055.JPG,DAY-2,UMKM,PNT,55,True,,0.031052338530066816,False,"(110, 146)"
DAY-2_UMKM_PNT_056.JPG,/home/tsaga/projects/beefresearch-bima/data/dataset_root/DAY-2/DAY-2_UMKM_PNT_056.JPG,DAY-2,UMKM,PNT,56,True,,0.03216870824053452,False,"(97, 165)"
DAY-2_UMKM_PNT_057.JPG,/home/tsaga/projects/beefresearch-bima/data/dataset_root/DAY-2/DAY-2_UMKM_PNT_057.JPG,DAY-2,UMKM,PNT,57,True,,0.0323858574610245,False,"(111, 121)"
DAY-2_UMKM_PNT_058.JPG,/home/tsaga/projects/beefresearch-bima/data/dataset_root/DAY-2/DAY-2_UMKM_PNT_058.JPG,DAY-2,UMKM,PNT,58,True,,0.03179008908685969,False,"(113, 121)"
DAY-2_UMKM_PNT_059.JPG,/home/tsaga/projects/beefresearch-bima/data/dataset_root/DAY-2/DAY-2_UMKM_PNT_059.JPG,DAY-2,UMKM,PNT,59,True,,0.04154510022271715,False,"(121, 164)"
DAY-2_UMKM_PNT_060.JPG,/home/tsaga/projects/beefresearch-bima/data/dataset_root/DAY-2/DAY-2_UMKM_PNT_060.JPG,DAY-2,UMKM,PNT,60,True,,0.040807349665924274,False,"(128, 155)"
DAY-2_UMKM_PNT_061.JPG,/home/tsaga/projects/beefresearch-bima/data/dataset_root/DAY-2/DAY-2_UMKM_PNT_061.JPG,DAY-2,UMKM,PNT,61,True,,0.03462416481069042,False,"(115, 138)"
DAY-2_UMKM_PNT_062.JPG,/home/tsaga/projects/beefresearch-bima/data/dataset_root/DAY-2/DAY-2_UMKM_PNT_062.JPG,DAY-2,UMKM,PNT,62,True,,0.033808463251670376,False,"(114, 143)"
DAY-2_UMKM_PNT_063.JPG,/home/tsaga/projects/beefresearch-bima/data/dataset_root/DAY-2/DAY-2_UMKM_PNT_063.JPG,DAY-2,UMKM,PNT,63,True,,0.030208797327394208,False,"(90, 150)"
DAY-2_UMKM_PNT_064.JPG,/home/tsaga/projects/beefresearch-bima/data/dataset_root/DAY-2/DAY-2_UMKM_PNT_064.JPG,DAY-2,UMKM,PNT,64,True,,0.03157850779510022,False,"(96, 158)"
DAY-2_UMKM_PNT_065.JPG,/home/tsaga/projects/beefresearch-bima/data/dataset_root/DAY-2/DAY-2_UMKM_PNT_065.JPG,DAY-2,UMKM,PNT,65,True,,0.03249164810690423,False,"(102, 148)"
DAY-2_UMKM_PNT_066.JPG,/home/tsaga/projects/beefresearch-bima/data/dataset_root/DAY-2/DAY-2_UMKM_PNT_066.JPG,DAY-2,UMKM,PNT,66,True,,0.03198775055679287,False,"(107, 136)"
DAY-2_UMKM_PNT_067.JPG,/home/tsaga/projects/beefresearch-bima/data/dataset_root/DAY-2/DAY-2_UMKM_PNT_067.JPG,DAY-2,UMKM,PNT,67,True,,0.03205734966592427,False,"(112, 161)"
DAY-2_UMKM_PNT_068.JPG,/home/tsaga/projects/beefresearch-bima/data/dataset_root/DAY-2/DAY-2_UMKM_PNT_068.JPG,DAY-2,UMKM,PNT,68,True,,0.03065423162583519,False,"(112, 151)"
DAY-2_UMKM_PNT_069.JPG,/home/tsaga/projects/beefresearch-bima/data/dataset_root/DAY-2/DAY-2_UMKM_PNT_069.JPG,DAY-2,UMKM,PNT,69,True,,0.04189309576837417,False,"(120, 159)"
DAY-2_UMKM_PNT_070.JPG,/home/tsaga/projects/beefresearch-bima/data/dataset_root/DAY-2/DAY-2_UMKM_PNT_070.JPG,DAY-2,UMKM,PNT,70,True,,0.042750556792873054,False,"(121, 158)"
DAY-2_UMKM_PNT_071.JPG,/home/tsaga/projects/beefresearch-bima/data/dataset_root/DAY-2/DAY-2_UMKM_PNT_071.JPG,DAY-2,UMKM,PNT,71,True,,0.031684298440979954,False,"(117, 115)"
DAY-2_UMKM_PNT_072.JPG,/home/tsaga/projects/beefresearch-bima/data/dataset_root/DAY-2/DAY-2_UMKM_PNT_072.JPG,DAY-2,UMKM,PNT,72,True,,0.030715478841870824,False,"(112, 118)"
DAY-2_UMKM_PNT_073.JPG,/home/tsaga/projects/beefresearch-bima/data/dataset_root/DAY-2/DAY-2_UMKM_PNT_073.JPG,DAY-2,UMKM,PNT,73,True,,0.028783407572383072,False,"(85, 151)"
DAY-2_UMKM_PNT_074.JPG,/home/tsaga/projects/beefresearch-bima/data/dataset_root/DAY-2/DAY-2_UMKM_PNT_074.JPG,DAY-2,UMKM,PNT,74,True,,0.02988307349665924,False,"(93, 153)"
DAY-2_UMKM_PNT_075.JPG,/home/tsaga/projects/beefresearch-bima/data/dataset_root/DAY-2/DAY-2_UMKM_PNT_075.JPG,DAY-2,UMKM,PNT,75,True,,0.0274554565701559,False,"(113, 120)"
DAY-2_UMKM_PNT_076.JPG,/home/tsaga/projects/beefresearch-bima/data/dataset_root/DAY-2/DAY-2_UMKM_PNT_076.JPG,DAY-2,UMKM,PNT,76,True,,0.027452672605790644,False,"(116, 109)"
DAY-2_UMKM_PNT_077.JPG,/home/tsaga/projects/beefresearch-bima/data/dataset_root/DAY-2/DAY-2_UMKM_PNT_077.JPG,DAY-2,UMKM,PNT,77,True,,0.03564309576837416,False,"(118, 148)"
DAY-2_UMKM_PNT_078.JPG,/home/tsaga/projects/beefresearch-bima/data/dataset_root/DAY-2/DAY-2_UMKM_PNT_078.JPG,DAY-2,UMKM,PNT,78,True,,0.034930400890868595,False,"(107, 163)"
DAY-2_UMKM_PNT_079.JPG,/home/tsaga/projects/beefresearch-bima/data/dataset_root/DAY-2/DAY-2_UMKM_PNT_079.JPG,DAY-2,UMKM,PNT,79,True,,0.029902561247216037,False,"(121, 109)"
DAY-2_UMKM_PNT_080.JPG,/home/tsaga/projects/beefresearch-bima/data/dataset_root/DAY-2/DAY-2_UMKM_PNT_080.JPG,DAY-2,UMKM,PNT,80,True,,0.02920935412026726,False,"(111, 116)"
DAY-2_UMKM_PNT_081.JPG,/home/tsaga/projects/beefresearch-bima/data/dataset_root/DAY-2/DAY-2_UMKM_PNT_081.JPG,DAY-2,UMKM,PNT,81,True,,0.045228285077951,False,"(139, 150)"
DAY-2_UMKM_PNT_082.JPG,/home/tsaga/projects/beefresearch-bima/data/dataset_root/DAY-2/DAY-2_UMKM_PNT_082.JPG,DAY-2,UMKM,PNT,82,True,,0.04456291759465479,False,"(129, 168)"
DAY-2_UMKM_PNT_083.JPG,/home/tsaga/projects/beefresearch-bima/data/dataset_root/DAY-2/DAY-2_UMKM_PNT_083.JPG,DAY-2,UMKM,PNT,83,True,,0.04065701559020045,False,"(117, 161)"
DAY-2_UMKM_PNT_084.JPG,/home/tsaga/projects/beefresearch-bima/data/dataset_root/DAY-2/DAY-2_UMKM_PNT_084.JPG,DAY-2,UMKM,PNT,84,True,,0.039732739420935415,False,"(128, 151)"
DAY-2_UMKM_PNT_085.JPG,/home/tsaga/projects/beefresearch-bima/data/dataset_root/DAY-2/DAY-2_UMKM_PNT_085.JPG,DAY-2,UMKM,PNT,85,True,,0.028580178173719377,False,"(112, 124)"
DAY-2_UMKM_PNT_086.JPG,/home/tsaga/projects/beefresearch-bima/data/dataset_root/DAY-2/DAY-2_UMKM_PNT_086.JPG,DAY-2,UMKM,PNT,86,True,,0.03069877505567929,False,"(98, 145)"
DAY-2_UMKM_PNT_087.JPG,/home/tsaga/projects/beefresearch-bima/data/dataset_root/DAY-2/DAY-2_UMKM_PNT_087.JPG,DAY-2,UMKM,PNT,87,True,,0.0323858574610245,False,"(102, 146)"
DAY-2_UMKM_PNT_088.JPG,/home/tsaga/projects/beefresearch-bima/data/dataset_root/DAY-2/DAY-2_UMKM_PNT_088.JPG,DAY-2,UMKM,PNT,88,True,,0.03481347438752784,False,"(105, 149)"
DAY-2_UMKM_PNT_089.JPG,/home/tsaga/projects/beefresearch-bima/data/dataset_root/DAY-2/DAY-2_UMKM_PNT_089.JPG,DAY-2,UMKM,PNT,89,True,,0.037984409799554565,False,"(137, 133)"
DAY-2_UMKM_PNT_090.JPG,/home/tsaga/projects/beefresearch-bima/data/dataset_root/DAY-2/DAY-2_UMKM_PNT_090.JPG,DAY-2,UMKM,PNT,90,True,,0.03883630289532294,False,"(125, 145)"
DAY-2_UMKM_PNT_091.JPG,/home/tsaga/projects/beefresearch-bima/data/dataset_root/DAY-2/DAY-2_UMKM_PNT_091.JPG,DAY-2,UMKM,PNT,91,True,,0.04139198218262806,False,"(106, 178)"
DAY-2_UMKM_PNT_092.JPG,/home/tsaga/projects/beefresearch-bima/data/dataset_root/DAY-2/DAY-2_UMKM_PNT_092.JPG,DAY-2,UMKM,PNT,92,True,,0.04180400890868597,False,"(108, 177)"
DAY-2_UMKM_PNT_093.JPG,/home/tsaga/projects/beefresearch-bima/data/dataset_root/DAY-2/DAY-2_UMKM_PNT_093.JPG,DAY-2,UMKM,PNT,93,True,,0.03812639198218263,False,"(115, 163)"
DAY-2_UMKM_PNT_094.JPG,/home/tsaga/projects/beefresearch-bima/data/dataset_root/DAY-2/DAY-2_UMKM_PNT_094.JPG,DAY-2,UMKM,PNT,94,True,,0.037948218262806234,False,"(126, 145)"
DAY-2_UMKM_PNT_095.JPG,/home/tsaga/projects/beefresearch-bima/data/dataset_root/DAY-2/DAY-2_UMKM_PNT_095.JPG,DAY-2,UMKM,PNT,95,True,,0.04174554565701559,False,"(126, 156)"
DAY-2_UMKM_PNT_096.JPG,/home/tsaga/projects/beefresearch-bima/data/dataset_root/DAY-2/DAY-2_UMKM_PNT_096.JPG,DAY-2,UMKM,PNT,96,True,,0.04270879732739421,False,"(126, 149)"
DAY-2_UMKM_PNT_097.JPG,/home/tsaga/projects/beefresearch-bima/data/dataset_root/DAY-2/DAY-2_UMKM_PNT_097.JPG,DAY-2,UMKM,PNT,97,True,,0.03167037861915367,False,"(108, 136)"
DAY-2_UMKM_PNT_098.JPG,/home/tsaga/projects/beefresearch-bima/data/dataset_root/DAY-2/DAY-2_UMKM_PNT_098.JPG,DAY-2,UMKM,PNT,98,True,,0.03249164810690423,False,"(109, 136)"
DAY-2_UMKM_PNT_099.JPG,/home/tsaga/projects/beefresearch-bima/data/dataset_root/DAY-2/DAY-2_UMKM_PNT_099.JPG,DAY-2,UMKM,PNT,99,True,,0.043816815144766146,False,"(128, 153)"
DAY-2_UMKM_PNT_100.JPG,/home/tsaga/projects/beefresearch-bima/data/dataset_root/DAY-2/DAY-2_UMKM_PNT_100.JPG,DAY-2,UMKM,PNT,100,True,,0.047424832962138085,False,"(146, 155)"
DAY-2_UMKM_PNT_101.JPG,/home/tsaga/projects/beefresearch-bima/data/dataset_root/DAY-2/DAY-2_UMKM_PNT_101.JPG,DAY-2,UMKM,PNT,101,True,,0.04360523385300668,False,"(127, 157)"
DAY-2_UMKM_PNT_102.JPG,/home/tsaga/projects/beefresearch-bima/data/dataset_root/DAY-2/DAY-2_UMKM_PNT_102.JPG,DAY-2,UMKM,PNT,102,True,,0.0460467706013363,False,"(143, 150)"
DAY-2_UMKM_PNT_103.JPG,/home/tsaga/projects/beefresearch-bima/data/dataset_root/DAY-2/DAY-2_UMKM_PNT_103.JPG,DAY-2,UMKM,PNT,103,True,,0.030721046770601335,False,"(103, 154)"
DAY-2_UMKM_PNT_104.JPG,/home/tsaga/projects/beefresearch-bima/data/dataset_root/DAY-2/DAY-2_UMKM_PNT_104.JPG,DAY-2,UMKM,PNT,104,True,,0.03203229398663697,False,"(106, 156)"
DAY-2_UMKM_PNT_105.JPG,/home/tsaga/projects/beefresearch-bima/data/dataset_root/DAY-2/DAY-2_UMKM_PNT_105.JPG,DAY-2,UMKM,PNT,105,True,,0.034025612472160356,False,"(108, 150)"
DAY-2_UMKM_PNT_106.JPG,/home/tsaga/projects/beefresearch-bima/data/dataset_root/DAY-2/DAY-2_UMKM_PNT_106.JPG,DAY-2,UMKM,PNT,106,True,,0.03466870824053452,False,"(109, 152)"
DAY-2_UMKM_PNT_107.JPG,/home/tsaga/projects/beefresearch-bima/data/dataset_root/DAY-2/DAY-2_UMKM_PNT_107.JPG,DAY-2,UMKM,PNT,107,True,,0.04250278396436526,False,"(140, 145)"
DAY-2_UMKM_PNT_108.JPG,/home/tsaga/projects/beefresearch-bima/data/dataset_root/DAY-2/DAY-2_UMKM_PNT_108.JPG,DAY-2,UMKM,PNT,108,True,,0.04058184855233853,False,"(136, 142)"
DAY-2_UMKM_PNT_109.JPG,/home/tsaga/projects/beefresearch-bima/data/dataset_root/DAY-2/DAY-2_UMKM_PNT_109.JPG,DAY-2,UMKM,PNT,109,True,,0.04076002227171492,False,"(112, 171)"
DAY-2_UMKM_PNT_110.JPG,/home/tsaga/projects/beefresearch-bima/data/dataset_root/DAY-2/DAY-2_UMKM_PNT_110.JPG,DAY-2,UMKM,PNT,110,True,,0.04043986636971047,False,"(130, 153)"
DAY-2_UMKM_PNT_111.JPG,/home/tsaga/projects/beefresearch-bima/data/dataset_root/DAY-2/DAY-2_UMKM_PNT_111.JPG,DAY-2,UMKM,PNT,111,True,,0.03473552338530067,False,"(110, 141)"
DAY-2_UMKM_PNT_112.JPG,/home/tsaga/projects/beefresearch-bima/data/dataset_root/DAY-2/DAY-2_UMKM_PNT_112.JPG,DAY-2,UMKM,PNT,112,True,,0.03592706013363029,False,"(114, 138)"
DAY-2_UMKM_PNT_113.JPG,/home/tsaga/projects/beefresearch-bima/data/dataset_root/DAY-2/DAY-2_UMKM_PNT_113.JPG,DAY-2,UMKM,PNT,113,True,,0.0380902004454343,False,"(112, 168)"
DAY-2_UMKM_PNT_114.JPG,/home/tsaga/projects/beefresearch-bima/data/dataset_root/DAY-2/DAY-2_UMKM_PNT_114.JPG,DAY-2,UMKM,PNT,114,True,,0.03755846325167038,False,"(116, 169)"
DAY-2_UMKM_PNT_115.JPG,/home/tsaga/projects/beefresearch-bima/data/dataset_root/DAY-2/DAY-2_UMKM_PNT_115.JPG,DAY-2,UMKM,PNT,115,True,,0.03580456570155902,False,"(107, 152)"
DAY-2_UMKM_PNT_116.JPG,/home/tsaga/projects/beefresearch-bima/data/dataset_root/DAY-2/DAY-2_UMKM_PNT_116.JPG,DAY-2,UMKM,PNT,116,True,,0.03596325167037862,False,"(113, 142)"
DAY-2_UMKM_PNT_117.JPG,/home/tsaga/projects/beefresearch-bima/data/dataset_root/DAY-2/DAY-2_UMKM_PNT_117.JPG,DAY-2,UMKM,PNT,117,True,,0.03198496659242762,False,"(116, 126)"
DAY-2_UMKM_PNT_118.JPG,/home/tsaga/projects/beefresearch-bima/data/dataset_root/DAY-2/DAY-2_UMKM_PNT_118.JPG,DAY-2,UMKM,PNT,118,True,,0.0330456570155902,False,"(116, 127)"
DAY-2_UMKM_PNT_119.JPG,/home/tsaga/projects/beefresearch-bima/data/dataset_root/DAY-2/DAY-2_UMKM_PNT_119.JPG,DAY-2,UMKM,PNT,119,True,,0.036781737193763916,False,"(98, 189)"
DAY-2_UMKM_PNT_120.JPG,/home/tsaga/projects/beefresearch-bima/data/dataset_root/DAY-2/DAY-2_UMKM_PNT_120.JPG,DAY-2,UMKM,PNT,120,True,,0.037711581291759465,False,"(104, 183)"
DAY-2_UMKM_PNT_121.JPG,/home/tsaga/projects/beefresearch-bima/data/dataset_root/DAY-2/DAY-2_UMKM_PNT_121.JPG,DAY-2,UMKM,PNT,121,True,,0.04721325167037862,False,"(136, 153)"
DAY-2_UMKM_PNT_122.JPG,/home/tsaga/projects/beefresearch-bima/data/dataset_root/DAY-2/DAY-2_UMKM_PNT_122.JPG,DAY-2,UMKM,PNT,122,True,,0.04712416481069042,False,"(133, 165)"
DAY-2_UMKM_PNT_123.JPG,/home/tsaga/projects/beefresearch-bima/data/dataset_root/DAY-2/DAY-2_UMKM_PNT_123.JPG,DAY-2,UMKM,PNT,123,True,,0.03478563474387528,False,"(125, 133)"
DAY-2_UMKM_PNT_124.JPG,/home/tsaga/projects/beefresearch-bima/data/dataset_root/DAY-2/DAY-2_UMKM_PNT_124.JPG,DAY-2,UMKM,PNT,124,True,,0.034557349665924275,False,"(131, 125)"
DAY-2_UMKM_PNT_125.JPG,/home/tsaga/projects/beefresearch-bima/data/dataset_root/DAY-2/DAY-2_UMKM_PNT_125.JPG,DAY-2,UMKM,PNT,125,True,,0.038791759465478845,False,"(97, 179)"
DAY-2_UMKM_PNT_126.JPG,/home/tsaga/projects/beefresearch-bima/data/dataset_root/DAY-2/DAY-2_UMKM_PNT_126.JPG,DAY-2,UMKM,PNT,126,True,,0.03954621380846325,False,"(110, 170)"
DAY-2_UMKM_PNT_127.JPG,/home/tsaga/projects/beefresearch-bima/data/dataset_root/DAY-2/DAY-2_UMKM_PNT_127.JPG,DAY-2,UMKM,PNT,127,True,,0.03148663697104677,False,"(113, 128)"
DAY-2_UMKM_PNT_128.JPG,/home/tsaga/projects/beefresearch-bima/data/dataset_root/DAY-2/DAY-2_UMKM_PNT_128.JPG,DAY-2,UMKM,PNT,128,True,,0.03271436525612472,False,"(124, 124)"
DAY-2_UMKM_PNT_129.JPG,/home/tsaga/projects/beefresearch-bima/data/dataset_root/DAY-2/DAY-2_UMKM_PNT_129.JPG,DAY-2,UMKM,PNT,129,True,,0.0355456570155902,False,"(118, 156)"
DAY-2_UMKM_PNT_130.JPG,/home/tsaga/projects/beefresearch-bima/data/dataset_root/DAY-2/DAY-2_UMKM_PNT_130.JPG,DAY-2,UMKM,PNT,130,True,,0.03674276169265033,False,"(126, 145)"
DAY-2_UMKM_PNT_131.JPG,/home/tsaga/projects/beefresearch-bima/data/dataset_root/DAY-2/DAY-2_UMKM_PNT_131.JPG,DAY-2,UMKM,PNT,131,True,,0.04702115812917595,False,"(113, 199)"
DAY-2_UMKM_PNT_132.JPG,/home/tsaga/projects/beefresearch-bima/data/dataset_root/DAY-2/DAY-2_UMKM_PNT_132.JPG,DAY-2,UMKM,PNT,132,True,,0.04605512249443207,False,"(126, 188)"
DAY-2_UMKM_PNT_133.JPG,/home/tsaga/projects/beefresearch-bima/data/dataset_root/DAY-2/DAY-2_UMKM_PNT_133.JPG,DAY-2,UMKM,PNT,133,True,,0.03205456570155902,False,"(93, 155)"
DAY-2_UMKM_PNT_134.JPG,/home/tsaga/projects/beefresearch-bima/data/dataset_root/DAY-2/DAY-2_UMKM_PNT_134.JPG,DAY-2,UMKM,PNT,134,True,,0.03128619153674833,False,"(90, 156)"
DAY-2_UMKM_PNT_135.JPG,/home/tsaga/projects/beefresearch-bima/data/dataset_root/DAY-2/DAY-2_UMKM_PNT_135.JPG,DAY-2,UMKM,PNT,135,True,,0.032165924276169267,False,"(125, 132)"
DAY-2_UMKM_PNT_136.JPG,/home/tsaga/projects/beefresearch-bima/data/dataset_root/DAY-2/DAY-2_UMKM_PNT_136.JPG,DAY-2,UMKM,PNT,136,True,,0.032661469933184854,False,"(118, 135)"
DAY-2_UMKM_PNT_137.JPG,/home/tsaga/projects/beefresearch-bima/data/dataset_root/DAY-2/DAY-2_UMKM_PNT_137.JPG,DAY-2,UMKM,PNT,137,True,,0.02834075723830735,False,"(103, 130)"
DAY-2_UMKM_PNT_138.JPG,/home/tsaga/projects/beefresearch-bima/data/dataset_root/DAY-2/DAY-2_UMKM_PNT_138.JPG,DAY-2,UMKM,PNT,138,True,,0.029579621380846324,False,"(117, 121)"
DAY-2_UMKM_PNT_139.JPG,/home/tsaga/projects/beefresearch-bima/data/dataset_root/DAY-2/DAY-2_UMKM_PNT_139.JPG,DAY-2,UMKM,PNT,139,True,,0.024256681514476616,False,"(107, 108)"
DAY-2_UMKM_PNT_140.JPG,/home/tsaga/projects/beefresearch-bima/data/dataset_root/DAY-2/DAY-2_UMKM_PNT_140.JPG,DAY-2,UMKM,PNT,140,True,,0.023855790645879733,False,"(90, 121)"
DAY-2_UMKM_SDL_001.JPG,/home/tsaga/projects/beefresearch-bima/data/dataset_root/DAY-2/DAY-2_UMKM_SDL_001.JPG,DAY-2,UMKM,SDL,1,True,,0.037224387527839645,False,"(114, 156)"
DAY-2_UMKM_SDL_002.JPG,/home/tsaga/projects/beefresearch-bima/data/dataset_root/DAY-2/DAY-2_UMKM_SDL_002.JPG,DAY-2,UMKM,SDL,2,True,,0.03173162583518931,False,"(88, 170)"
DAY-2_UMKM_SDL_003.JPG,/home/tsaga/projects/beefresearch-bima/data/dataset_root/DAY-2/DAY-2_UMKM_SDL_003.JPG,DAY-2,UMKM,SDL,3,True,,0.028969933184855235,False,"(102, 143)"
DAY-2_UMKM_SDL_004.JPG,/home/tsaga/projects/beefresearch-bima/data/dataset_root/DAY-2/DAY-2_UMKM_SDL_004.JPG,DAY-2,UMKM,SDL,4,True,,0.02851336302895323,False,"(86, 156)"
DAY-2_UMKM_SDL_005.JPG,/home/tsaga/projects/beefresearch-bima/data/dataset_root/DAY-2/DAY-2_UMKM_SDL_005.JPG,DAY-2,UMKM,SDL,5,True,,0.02848273942093541,False,"(85, 139)"
DAY-2_UMKM_SDL_006.JPG,/home/tsaga/projects/beefresearch-bima/data/dataset_root/DAY-2/DAY-2_UMKM_SDL_006.JPG,DAY-2,UMKM,SDL,6,True,,0.026759465478841872,False,"(84, 138)"
DAY-2_UMKM_SDL_007.JPG,/home/tsaga/projects/beefresearch-bima/data/dataset_root/DAY-2/DAY-2_UMKM_SDL_007.JPG,DAY-2,UMKM,SDL,7,True,,0.04015033407572383,False,"(126, 149)"
DAY-2_UMKM_SDL_008.JPG,/home/tsaga/projects/beefresearch-bima/data/dataset_root/DAY-2/DAY-2_UMKM_SDL_008.JPG,DAY-2,UMKM,SDL,8,True,,0.040785077951002224,False,"(132, 150)"
DAY-2_UMKM_SDL_009.JPG,/home/tsaga/projects/beefresearch-bima/data/dataset_root/DAY-2/DAY-2_UMKM_SDL_009.JPG,DAY-2,UMKM,SDL,9,True,,0.03516703786191537,False,"(109, 172)"
DAY-2_UMKM_SDL_010.JPG,/home/tsaga/projects/beefresearch-bima/data/dataset_root/DAY-2/DAY-2_UMKM_SDL_010.JPG,DAY-2,UMKM,SDL,10,True,,0.03699610244988864,False,"(112, 165)"
DAY-2_UMKM_SDL_011.JPG,/home/tsaga/projects/beefresearch-bima/data/dataset_root/DAY-2/DAY-2_UMKM_SDL_011.JPG,DAY-2,UMKM,SDL,11,True,,0.03483296213808463,False,"(96, 171)"
DAY-2_UMKM_SDL_012.JPG,/home/tsaga/projects/beefresearch-bima/data/dataset_root/DAY-2/DAY-2_UMKM_SDL_012.JPG,DAY-2,UMKM,SDL,12,True,,0.03420378619153675,False,"(96, 165)"
DAY-2_UMKM_SDL_013.JPG,/home/tsaga/projects/beefresearch-bima/data/dataset_root/DAY-2/DAY-2_UMKM_SDL_013.JPG,DAY-2,UMKM,SDL,13,True,,0.03645044543429844,False,"(115, 143)"
DAY-2_UMKM_SDL_014.JPG,/home/tsaga/projects/beefresearch-bima/data/dataset_root/DAY-2/DAY-2_UMKM_SDL_014.JPG,DAY-2,UMKM,SDL,14,True,,0.0340673719376392,False,"(110, 138)"
DAY-2_UMKM_SDL_015.JPG,/home/tsaga/projects/beefresearch-bima/data/dataset_root/DAY-2/DAY-2_UMKM_SDL_015.JPG,DAY-2,UMKM,SDL,15,True,,0.03744988864142539,False,"(126, 136)"
DAY-2_UMKM_SDL_016.JPG,/home/tsaga/projects/beefresearch-bima/data/dataset_root/DAY-2/DAY-2_UMKM_SDL_016.JPG,DAY-2,UMKM,SDL,16,True,,0.03542873051224944,False,"(121, 134)"
DAY-2_UMKM_SDL_017.JPG,/home/tsaga/projects/beefresearch-bima/data/dataset_root/DAY-2/DAY-2_UMKM_SDL_017.JPG,DAY-2,UMKM,SDL,17,True,,0.02742761692650334,False,"(106, 111)"
DAY-2_UMKM_SDL_018.JPG,/home/tsaga/projects/beefresearch-bima/data/dataset_root/DAY-2/DAY-2_UMKM_SDL_018.JPG,DAY-2,UMKM,SDL,18,True,,0.026923719376391982,False,"(114, 106)"
DAY-2_UMKM_SDL_019.JPG,/home/tsaga/projects/beefresearch-bima/data/dataset_root/DAY-2/DAY-2_UMKM_SDL_019.JPG,DAY-2,UMKM,SDL,19,True,,0.043507795100222714,False,"(119, 160)"
DAY-2_UMKM_SDL_020.JPG,/home/tsaga/projects/beefresearch-bima/data/dataset_root/DAY-2/DAY-2_UMKM_SDL_020.JPG,DAY-2,UMKM,SDL,20,True,,0.04324610244988864,False,"(125, 165)"
DAY-2_UMKM_SDL_021.JPG,/home/tsaga/projects/beefresearch-bima/data/dataset_root/DAY-2/DAY-2_UMKM_SDL_021.JPG,DAY-2,UMKM,SDL,21,True,,0.035080734966592426,False,"(123, 128)"
DAY-2_UMKM_SDL_022.JPG,/home/tsaga/projects/beefresearch-bima/data/dataset_root/DAY-2/DAY-2_UMKM_SDL_022.JPG,DAY-2,UMKM,SDL,22,True,,0.0323413140311804,False,"(122, 121)"
DAY-2_UMKM_SDL_023.JPG,/home/tsaga/projects/beefresearch-bima/data/dataset_root/DAY-2/DAY-2_UMKM_SDL_023.JPG,DAY-2,UMKM,SDL,23,True,,0.036575723830734964,False,"(122, 142)"
DAY-2_UMKM_SDL_024.JPG,/home/tsaga/projects/beefresearch-bima/data/dataset_root/DAY-2/DAY-2_UMKM_SDL_024.JPG,DAY-2,UMKM,SDL,24,True,,0.03486080178173719,False,"(122, 138)"
DAY-2_UMKM_SDL_025.JPG,/home/tsaga/projects/beefresearch-bima/data/dataset_root/DAY-2/DAY-2_UMKM_SDL_025.JPG,DAY-2,UMKM,SDL,25,True,,0.03452672605790646,False,"(121, 140)"
DAY-2_UMKM_SDL_026.JPG,/home/tsaga/projects/beefresearch-bima/data/dataset_root/DAY-2/DAY-2_UMKM_SDL_026.JPG,DAY-2,UMKM,SDL,26,True,,0.03130846325167038,False,"(104, 142)"
DAY-2_UMKM_SDL_027.JPG,/home/tsaga/projects/beefresearch-bima/data/dataset_root/DAY-2/DAY-2_UMKM_SDL_027.JPG,DAY-2,UMKM,SDL,27,True,,0.04169821826280624,False,"(113, 173)"
DAY-2_UMKM_SDL_028.JPG,/home/tsaga/projects/beefresearch-bima/data/dataset_root/DAY-2/DAY-2_UMKM_SDL_028.JPG,DAY-2,UMKM,SDL,28,True,,0.04049832962138085,False,"(117, 156)"
DAY-2_UMKM_SDL_029.JPG,/home/tsaga/projects/beefresearch-bima/data/dataset_root/DAY-2/DAY-2_UMKM_SDL_029.JPG,DAY-2,UMKM,SDL,29,True,,0.04047884187082405,False,"(121, 147)"
DAY-2_UMKM_SDL_030.JPG,/home/tsaga/projects/beefresearch-bima/data/dataset_root/DAY-2/DAY-2_UMKM_SDL_030.JPG,DAY-2,UMKM,SDL,30,True,,0.04165367483296214,False,"(133, 138)"
DAY-2_UMKM_SDL_031.JPG,/home/tsaga/projects/beefresearch-bima/data/dataset_root/DAY-2/DAY-2_UMKM_SDL_031.JPG,DAY-2,UMKM,SDL,31,True,,0.03558741648106904,False,"(130, 140)"
DAY-2_UMKM_SDL_032.JPG,/home/tsaga/projects/beefresearch-bima/data/dataset_root/DAY-2/DAY-2_UMKM_SDL_032.JPG,DAY-2,UMKM,SDL,32,True,,0.03418708240534521,False,"(117, 150)"
DAY-2_UMKM_SDL_033.JPG,/home/tsaga/projects/beefresearch-bima/data/dataset_root/DAY-2/DAY-2_UMKM_SDL_033.JPG,DAY-2,UMKM,SDL,33,True,,0.029125835189309578,False,"(105, 143)"
DAY-2_UMKM_SDL_034.JPG,/home/tsaga/projects/beefresearch-bima/data/dataset_root/DAY-2/DAY-2_UMKM_SDL_034.JPG,DAY-2,UMKM,SDL,34,True,,0.026074610244988864,False,"(93, 136)"
DAY-2_UMKM_SDL_035.JPG,/home/tsaga/projects/beefresearch-bima/data/dataset_root/DAY-2/DAY-2_UMKM_SDL_035.JPG,DAY-2,UMKM,SDL,35,True,,0.03626391982182628,False,"(130, 137)"
DAY-2_UMKM_SDL_036.JPG,/home/tsaga/projects/beefresearch-bima/data/dataset_root/DAY-2/DAY-2_UMKM_SDL_036.JPG,DAY-2,UMKM,SDL,36,True,,0.03382795100222717,False,"(125, 138)"
DAY-2_UMKM_SDL_037.JPG,/home/tsaga/projects/beefresearch-bima/data/dataset_root/DAY-2/DAY-2_UMKM_SDL_037.JPG,DAY-2,UMKM,SDL,37,True,,0.040219933184855235,False,"(116, 165)"
DAY-2_UMKM_SDL_038.JPG,/home/tsaga/projects/beefresearch-bima/data/dataset_root/DAY-2/DAY-2_UMKM_SDL_038.JPG,DAY-2,UMKM,SDL,38,True,,0.03681236080178174,False,"(116, 157)"
DAY-2_UMKM_SDL_039.JPG,/home/tsaga/projects/beefresearch-bima/data/dataset_root/DAY-2/DAY-2_UMKM_SDL_039.JPG,DAY-2,UMKM,SDL,39,True,,0.03458518930957684,False,"(98, 178)"
DAY-2_UMKM_SDL_040.JPG,/home/tsaga/projects/beefresearch-bima/data/dataset_root/DAY-2/DAY-2_UMKM_SDL_040.JPG,DAY-2,UMKM,SDL,40,True,,0.03490534521158129,False,"(106, 169)"
DAY-2_UMKM_SDL_041.JPG,/home/tsaga/projects/beefresearch-bima/data/dataset_root/DAY-2/DAY-2_UMKM_SDL_041.JPG,DAY-2,UMKM,SDL,41,True,,0.025982739420935413,False,"(97, 123)"
DAY-2_UMKM_SDL_042.JPG,/home/tsaga/projects/beefresearch-bima/data/dataset_root/DAY-2/DAY-2_UMKM_SDL_042.JPG,DAY-2,UMKM,SDL,42,True,,0.025868596881959912,False,"(103, 117)"
DAY-2_UMKM_SDL_043.JPG,/home/tsaga/projects/beefresearch-bima/data/dataset_root/DAY-2/DAY-2_UMKM_SDL_043.JPG,DAY-2,UMKM,SDL,43,True,,0.0305011135857461,False,"(105, 141)"
DAY-2_UMKM_SDL_044.JPG,/home/tsaga/projects/beefresearch-bima/data/dataset_root/DAY-2/DAY-2_UMKM_SDL_044.JPG,DAY-2,UMKM,SDL,44,True,,0.031584075723830735,False,"(117, 139)"
DAY-2_UMKM_SDL_045.JPG,/home/tsaga/projects/beefresearch-bima/data/dataset_root/DAY-2/DAY-2_UMKM_SDL_045.JPG,DAY-2,UMKM,SDL,45,True,,0.033811247216035636,False,"(110, 169)"
DAY-2_UMKM_SDL_046.JPG,/home/tsaga/projects/beefresearch-bima/data/dataset_root/DAY-2/DAY-2_UMKM_SDL_046.JPG,DAY-2,UMKM,SDL,46,True,,0.03265590200445434,False,"(112, 151)"
DAY-2_UMKM_SDL_047.JPG,/home/tsaga/projects/beefresearch-bima/data/dataset_root/DAY-2/DAY-2_UMKM_SDL_047.JPG,DAY-2,UMKM,SDL,47,True,,0.03253619153674833,False,"(109, 136)"
DAY-2_UMKM_SDL_048.JPG,/home/tsaga/projects/beefresearch-bima/data/dataset_root/DAY-2/DAY-2_UMKM_SDL_048.JPG,DAY-2,UMKM,SDL,48,True,,0.03377227171492205,False,"(122, 129)"
DAY-2_UMKM_SDL_049.JPG,/home/tsaga/projects/beefresearch-bima/data/dataset_root/DAY-2/DAY-2_UMKM_SDL_049.JPG,DAY-2,UMKM,SDL,49,True,,0.032232739420935415,False,"(121, 151)"
DAY-2_UMKM_SDL_050.JPG,/home/tsaga/projects/beefresearch-bima/data/dataset_root/DAY-2/DAY-2_UMKM_SDL_050.JPG,DAY-2,UMKM,SDL,50,True,,0.030968819599109132,False,"(98, 156)"
DAY-2_UMKM_SDL_051.JPG,/home/tsaga/projects/beefresearch-bima/data/dataset_root/DAY-2/DAY-2_UMKM_SDL_051.JPG,DAY-2,UMKM,SDL,51,True,,0.03764755011135858,False,"(121, 147)"
DAY-2_UMKM_SDL_052.JPG,/home/tsaga/projects/beefresearch-bima/data/dataset_root/DAY-2/DAY-2_UMKM_SDL_052.JPG,DAY-2,UMKM,SDL,52,True,,0.036158129175946546,False,"(113, 153)"
DAY-2_UMKM_SDL_053.JPG,/home/tsaga/projects/beefresearch-bima/data/dataset_root/DAY-2/DAY-2_UMKM_SDL_053.JPG,DAY-2,UMKM,SDL,53,True,,0.02688195991091314,False,"(83, 139)"
DAY-2_UMKM_SDL_054.JPG,/home/tsaga/projects/beefresearch-bima/data/dataset_root/DAY-2/DAY-2_UMKM_SDL_054.JPG,DAY-2,UMKM,SDL,54,True,,0.0265228285077951,False,"(85, 138)"
DAY-2_UMKM_SDL_055.JPG,/home/tsaga/projects/beefresearch-bima/data/dataset_root/DAY-2/DAY-2_UMKM_SDL_055.JPG,DAY-2,UMKM,SDL,55,True,,0.030442650334075724,False,"(113, 122)"
DAY-2_UMKM_SDL_056.JPG,/home/tsaga/projects/beefresearch-bima/data/dataset_root/DAY-2/DAY-2_UMKM_SDL_056.JPG,DAY-2,UMKM,SDL,56,True,,0.02949053452115813,False,"(129, 117)"
DAY-2_UMKM_SDL_057.JPG,/home/tsaga/projects/beefresearch-bima/data/dataset_root/DAY-2/DAY-2_UMKM_SDL_057.JPG,DAY-2,UMKM,SDL,57,True,,0.037282850779510025,False,"(112, 174)"
DAY-2_UMKM_SDL_058.JPG,/home/tsaga/projects/beefresearch-bima/data/dataset_root/DAY-2/DAY-2_UMKM_SDL_058.JPG,DAY-2,UMKM,SDL,58,True,,0.03705734966592428,False,"(115, 167)"
DAY-2_UMKM_SDL_059.JPG,/home/tsaga/projects/beefresearch-bima/data/dataset_root/DAY-2/DAY-2_UMKM_SDL_059.JPG,DAY-2,UMKM,SDL,59,True,,0.04001948775055679,False,"(115, 157)"
DAY-2_UMKM_SDL_060.JPG,/home/tsaga/projects/beefresearch-bima/data/dataset_root/DAY-2/DAY-2_UMKM_SDL_060.JPG,DAY-2,UMKM,SDL,60,True,,0.03821547884187083,False,"(114, 156)"
DAY-2_UMKM_SDL_061.JPG,/home/tsaga/projects/beefresearch-bima/data/dataset_root/DAY-2/DAY-2_UMKM_SDL_061.JPG,DAY-2,UMKM,SDL,61,True,,0.033329621380846323,False,"(106, 145)"
DAY-2_UMKM_SDL_062.JPG,/home/tsaga/projects/beefresearch-bima/data/dataset_root/DAY-2/DAY-2_UMKM_SDL_062.JPG,DAY-2,UMKM,SDL,62,True,,0.03366648106904232,False,"(118, 138)"
DAY-2_UMKM_SDL_063.JPG,/home/tsaga/projects/beefresearch-bima/data/dataset_root/DAY-2/DAY-2_UMKM_SDL_063.JPG,DAY-2,UMKM,SDL,63,True,,0.03694599109131403,False,"(111, 164)"
DAY-2_UMKM_SDL_064.JPG,/home/tsaga/projects/beefresearch-bima/data/dataset_root/DAY-2/DAY-2_UMKM_SDL_064.JPG,DAY-2,UMKM,SDL,64,True,,0.037179844097995546,False,"(134, 144)"
DAY-2_UMKM_SDL_065.JPG,/home/tsaga/projects/beefresearch-bima/data/dataset_root/DAY-2/DAY-2_UMKM_SDL_065.JPG,DAY-2,UMKM,SDL,65,True,,0.038755567928730514,False,"(123, 142)"
DAY-2_UMKM_SDL_066.JPG,/home/tsaga/projects/beefresearch-bima/data/dataset_root/DAY-2/DAY-2_UMKM_SDL_066.JPG,DAY-2,UMKM,SDL,66,True,,0.03771436525612472,False,"(117, 144)"
DAY-2_UMKM_SDL_067.JPG,/home/tsaga/projects/beefresearch-bima/data/dataset_root/DAY-2/DAY-2_UMKM_SDL_067.JPG,DAY-2,UMKM,SDL,67,True,,0.03714922048997773,False,"(118, 143)"
DAY-2_UMKM_SDL_068.JPG,/home/tsaga/projects/beefresearch-bima/data/dataset_root/DAY-2/DAY-2_UMKM_SDL_068.JPG,DAY-2,UMKM,SDL,68,True,,0.03700445434298441,False,"(122, 143)"
DAY-2_UMKM_SDL_069.JPG,/home/tsaga/projects/beefresearch-bima/data/dataset_root/DAY-2/DAY-2_UMKM_SDL_069.JPG,DAY-2,UMKM,SDL,69,True,,0.0314086859688196,False,"(99, 138)"
DAY-2_UMKM_SDL_070.JPG,/home/tsaga/projects/beefresearch-bima/data/dataset_root/DAY-2/DAY-2_UMKM_SDL_070.JPG,DAY-2,UMKM,SDL,70,True,,0.03040924276169265,False,"(95, 139)"
DAY-2_UMKM_SDL_071.JPG,/home/tsaga/projects/beefresearch-bima/data/dataset_root/DAY-2/DAY-2_UMKM_SDL_071.JPG,DAY-2,UMKM,SDL,71,True,,0.02909521158129176,False,"(82, 155)"
DAY-2_UMKM_SDL_072.JPG,/home/tsaga/projects/beefresearch-bima/data/dataset_root/DAY-2/DAY-2_UMKM_SDL_072.JPG,DAY-2,UMKM,SDL,72,True,,0.027491648106904232,False,"(88, 148)"
DAY-2_UMKM_SDL_073.JPG,/home/tsaga/projects/beefresearch-bima/data/dataset_root/DAY-2/DAY-2_UMKM_SDL_073.JPG,DAY-2,UMKM,SDL,73,True,,0.021469933184855235,False,"(89, 111)"
DAY-2_UMKM_SDL_074.JPG,/home/tsaga/projects/beefresearch-bima/data/dataset_root/DAY-2/DAY-2_UMKM_SDL_074.JPG,DAY-2,UMKM,SDL,74,True,,0.02173162583518931,False,"(91, 111)"
DAY-2_UMKM_SDL_075.JPG,/home/tsaga/projects/beefresearch-bima/data/dataset_root/DAY-2/DAY-2_UMKM_SDL_075.JPG,DAY-2,UMKM,SDL,75,True,,0.03176781737193764,False,"(102, 146)"
DAY-2_UMKM_SDL_076.JPG,/home/tsaga/projects/beefresearch-bima/data/dataset_root/DAY-2/DAY-2_UMKM_SDL_076.JPG,DAY-2,UMKM,SDL,76,True,,0.030417594654788417,False,"(104, 140)"
DAY-2_UMKM_SDL_077.JPG,/home/tsaga/projects/beefresearch-bima/data/dataset_root/DAY-2/DAY-2_UMKM_SDL_077.JPG,DAY-2,UMKM,SDL,77,True,,0.03841035634743875,False,"(107, 164)"
DAY-2_UMKM_SDL_078.JPG,/home/tsaga/projects/beefresearch-bima/data/dataset_root/DAY-2/DAY-2_UMKM_SDL_078.JPG,DAY-2,UMKM,SDL,78,True,,0.03577951002227171,False,"(107, 156)"
DAY-2_UMKM_SDL_079.JPG,/home/tsaga/projects/beefresearch-bima/data/dataset_root/DAY-2/DAY-2_UMKM_SDL_079.JPG,DAY-2,UMKM,SDL,79,True,,0.031617483296213805,False,"(123, 127)"
DAY-2_UMKM_SDL_080.JPG,/home/tsaga/projects/beefresearch-bima/data/dataset_root/DAY-2/DAY-2_UMKM_SDL_080.JPG,DAY-2,UMKM,SDL,80,True,,0.03126113585746102,False,"(118, 131)"
DAY-2_UMKM_SDL_081.JPG,/home/tsaga/projects/beefresearch-bima/data/dataset_root/DAY-2/DAY-2_UMKM_SDL_081.JPG,DAY-2,UMKM,SDL,81,True,,0.035966035634743876,False,"(110, 158)"
DAY-2_UMKM_SDL_082.JPG,/home/tsaga/projects/beefresearch-bima/data/dataset_root/DAY-2/DAY-2_UMKM_SDL_082.JPG,DAY-2,UMKM,SDL,82,True,,0.034704899777282854,False,"(109, 151)"
DAY-2_UMKM_SDL_083.JPG,/home/tsaga/projects/beefresearch-bima/data/dataset_root/DAY-2/DAY-2_UMKM_SDL_083.JPG,DAY-2,UMKM,SDL,83,True,,0.034896993318485524,False,"(110, 153)"
DAY-2_UMKM_SDL_084.JPG,/home/tsaga/projects/beefresearch-bima/data/dataset_root/DAY-2/DAY-2_UMKM_SDL_084.JPG,DAY-2,UMKM,SDL,84,True,,0.033092984409799554,False,"(102, 151)"
DAY-2_UMKM_SDL_085.JPG,/home/tsaga/projects/beefresearch-bima/data/dataset_root/DAY-2/DAY-2_UMKM_SDL_085.JPG,DAY-2,UMKM,SDL,85,True,,0.03318207126948775,False,"(105, 157)"
DAY-2_UMKM_SDL_086.JPG,/home/tsaga/projects/beefresearch-bima/data/dataset_root/DAY-2/DAY-2_UMKM_SDL_086.JPG,DAY-2,UMKM,SDL,86,True,,0.03637806236080178,False,"(123, 152)"
DAY-2_UMKM_SDL_087.JPG,/home/tsaga/projects/beefresearch-bima/data/dataset_root/DAY-2/DAY-2_UMKM_SDL_087.JPG,DAY-2,UMKM,SDL,87,True,,0.036166481069042314,False,"(120, 153)"
DAY-2_UMKM_SDL_088.JPG,/home/tsaga/projects/beefresearch-bima/data/dataset_root/DAY-2/DAY-2_UMKM_SDL_088.JPG,DAY-2,UMKM,SDL,88,True,,0.03462694877505568,False,"(123, 140)"
DAY-2_UMKM_SDL_089.JPG,/home/tsaga/projects/beefresearch-bima/data/dataset_root/DAY-2/DAY-2_UMKM_SDL_089.JPG,DAY-2,UMKM,SDL,89,True,,0.03345211581291759,False,"(97, 161)"
DAY-2_UMKM_SDL_090.JPG,/home/tsaga/projects/beefresearch-bima/data/dataset_root/DAY-2/DAY-2_UMKM_SDL_090.JPG,DAY-2,UMKM,SDL,90,True,,0.03452951002227171,False,"(106, 165)"
DAY-2_UMKM_SDL_091.JPG,/home/tsaga/projects/beefresearch-bima/data/dataset_root/DAY-2/DAY-2_UMKM_SDL_091.JPG,DAY-2,UMKM,SDL,91,True,,0.030779510022271715,False,"(107, 125)"
DAY-2_UMKM_SDL_092.JPG,/home/tsaga/projects/beefresearch-bima/data/dataset_root/DAY-2/DAY-2_UMKM_SDL_092.JPG,DAY-2,UMKM,SDL,92,True,,0.029459910913140312,False,"(110, 123)"
DAY-2_UMKM_SDL_093.JPG,/home/tsaga/projects/beefresearch-bima/data/dataset_root/DAY-2/DAY-2_UMKM_SDL_093.JPG,DAY-2,UMKM,SDL,93,True,,0.02503619153674833,False,"(84, 133)"
DAY-2_UMKM_SDL_094.JPG,/home/tsaga/projects/beefresearch-bima/data/dataset_root/DAY-2/DAY-2_UMKM_SDL_094.JPG,DAY-2,UMKM,SDL,94,True,,0.024111915367483295,False,"(86, 131)"
DAY-2_UMKM_SDL_095.JPG,/home/tsaga/projects/beefresearch-bima/data/dataset_root/DAY-2/DAY-2_UMKM_SDL_095.JPG,DAY-2,UMKM,SDL,95,True,,0.033830734966592425,False,"(120, 135)"
DAY-2_UMKM_SDL_096.JPG,/home/tsaga/projects/beefresearch-bima/data/dataset_root/DAY-2/DAY-2_UMKM_SDL_096.JPG,DAY-2,UMKM,SDL,96,True,,0.02934855233853007,False,"(113, 133)"
DAY-2_UMKM_SDL_097.JPG,/home/tsaga/projects/beefresearch-bima/data/dataset_root/DAY-2/DAY-2_UMKM_SDL_097.JPG,DAY-2,UMKM,SDL,97,True,,0.025275612472160355,False,"(98, 142)"
DAY-2_UMKM_SDL_098.JPG,/home/tsaga/projects/beefresearch-bima/data/dataset_root/DAY-2/DAY-2_UMKM_SDL_098.JPG,DAY-2,UMKM,SDL,98,True,,0.024952672605790645,False,"(109, 127)"
DAY-2_UMKM_SDL_099.JPG,/home/tsaga/projects/beefresearch-bima/data/dataset_root/DAY-2/DAY-2_UMKM_SDL_099.JPG,DAY-2,UMKM,SDL,99,True,,0.028833518930957685,False,"(107, 122)"
DAY-2_UMKM_SDL_100.JPG,/home/tsaga/projects/beefresearch-bima/data/dataset_root/DAY-2/DAY-2_UMKM_SDL_100.JPG,DAY-2,UMKM,SDL,100,True,,0.028076280623608018,False,"(106, 126)"
DAY-2_UMKM_SDL_101.JPG,/home/tsaga/projects/beefresearch-bima/data/dataset_root/DAY-2/DAY-2_UMKM_SDL_101.JPG,DAY-2,UMKM,SDL,101,True,,0.032525055679287304,False,"(119, 131)"
DAY-2_UMKM_SDL_102.JPG,/home/tsaga/projects/beefresearch-bima/data/dataset_root/DAY-2/DAY-2_UMKM_SDL_102.JPG,DAY-2,UMKM,SDL,102,True,,0.03477728285077951,False,"(119, 138)"
DAY-2_UMKM_SDL_103.JPG,/home/tsaga/projects/beefresearch-bima/data/dataset_root/DAY-2/DAY-2_UMKM_SDL_103.JPG,DAY-2,UMKM,SDL,103,True,,0.02326837416481069,False,"(89, 112)"
DAY-2_UMKM_SDL_104.JPG,/home/tsaga/projects/beefresearch-bima/data/dataset_root/DAY-2/DAY-2_UMKM_SDL_104.JPG,DAY-2,UMKM,SDL,104,True,,0.023407572383073498,False,"(93, 116)"
DAY-2_UMKM_SDL_105.JPG,/home/tsaga/projects/beefresearch-bima/data/dataset_root/DAY-2/DAY-2_UMKM_SDL_105.JPG,DAY-2,UMKM,SDL,105,True,,0.026748329621380847,False,"(95, 136)"
DAY-2_UMKM_SDL_106.JPG,/home/tsaga/projects/beefresearch-bima/data/dataset_root/DAY-2/DAY-2_UMKM_SDL_106.JPG,DAY-2,UMKM,SDL,106,True,,0.024729955456570155,False,"(94, 133)"
DAY-2_UMKM_SDL_107.JPG,/home/tsaga/projects/beefresearch-bima/data/dataset_root/DAY-2/DAY-2_UMKM_SDL_107.JPG,DAY-2,UMKM,SDL,107,True,,0.03377227171492205,False,"(110, 137)"
DAY-2_UMKM_SDL_108.JPG,/home/tsaga/projects/beefresearch-bima/data/dataset_root/DAY-2/DAY-2_UMKM_SDL_108.JPG,DAY-2,UMKM,SDL,108,True,,0.03443485523385301,False,"(118, 138)"
DAY-2_UMKM_SDL_109.JPG,/home/tsaga/projects/beefresearch-bima/data/dataset_root/DAY-2/DAY-2_UMKM_SDL_109.JPG,DAY-2,UMKM,SDL,109,True,,0.026297327394209355,False,"(111, 120)"
DAY-2_UMKM_SDL_110.JPG,/home/tsaga/projects/beefresearch-bima/data/dataset_root/DAY-2/DAY-2_UMKM_SDL_110.JPG,DAY-2,UMKM,SDL,110,True,,0.02612750556792873,False,"(97, 131)"
DAY-2_UMKM_SDL_111.JPG,/home/tsaga/projects/beefresearch-bima/data/dataset_root/DAY-2/DAY-2_UMKM_SDL_111.JPG,DAY-2,UMKM,SDL,111,True,,0.0282043429844098,False,"(93, 133)"
DAY-2_UMKM_SDL_112.JPG,/home/tsaga/projects/beefresearch-bima/data/dataset_root/DAY-2/DAY-2_UMKM_SDL_112.JPG,DAY-2,UMKM,SDL,112,True,,0.029585189309576838,False,"(109, 128)"
DAY-2_UMKM_SDL_113.JPG,/home/tsaga/projects/beefresearch-bima/data/dataset_root/DAY-2/DAY-2_UMKM_SDL_113.JPG,DAY-2,UMKM,SDL,113,True,,0.027152004454342984,False,"(96, 142)"
DAY-2_UMKM_SDL_114.JPG,/home/tsaga/projects/beefresearch-bima/data/dataset_root/DAY-2/DAY-2_UMKM_SDL_114.JPG,DAY-2,UMKM,SDL,114,True,,0.027661469933184857,False,"(96, 133)"
DAY-2_UMKM_SDL_115.JPG,/home/tsaga/projects/beefresearch-bima/data/dataset_root/DAY-2/DAY-2_UMKM_SDL_115.JPG,DAY-2,UMKM,SDL,115,True,,0.03074610244988864,False,"(104, 153)"
DAY-2_UMKM_SDL_116.JPG,/home/tsaga/projects/beefresearch-bima/data/dataset_root/DAY-2/DAY-2_UMKM_SDL_116.JPG,DAY-2,UMKM,SDL,116,True,,0.029220489977728286,False,"(95, 145)"
DAY-2_UMKM_SDL_117.JPG,/home/tsaga/projects/beefresearch-bima/data/dataset_root/DAY-2/DAY-2_UMKM_SDL_117.JPG,DAY-2,UMKM,SDL,117,True,,0.034752227171492206,False,"(108, 160)"
DAY-2_UMKM_SDL_118.JPG,/home/tsaga/projects/beefresearch-bima/data/dataset_root/DAY-2/DAY-2_UMKM_SDL_118.JPG,DAY-2,UMKM,SDL,118,True,,0.037689309576837415,False,"(113, 158)"
DAY-2_UMKM_SDL_119.JPG,/home/tsaga/projects/beefresearch-bima/data/dataset_root/DAY-2/DAY-2_UMKM_SDL_119.JPG,DAY-2,UMKM,SDL,119,True,,0.03295935412026726,False,"(114, 135)"
DAY-2_UMKM_SDL_120.JPG,/home/tsaga/projects/beefresearch-bima/data/dataset_root/DAY-2/DAY-2_UMKM_SDL_120.JPG,DAY-2,UMKM,SDL,120,True,,0.032369153674832965,False,"(112, 133)"
DAY-2_UMKM_SDL_121.JPG,/home/tsaga/projects/beefresearch-bima/data/dataset_root/DAY-2/DAY-2_UMKM_SDL_121.JPG,DAY-2,UMKM,SDL,121,True,,0.024162026726057908,False,"(88, 126)"
DAY-2_UMKM_SDL_122.JPG,/home/tsaga/projects/beefresearch-bima/data/dataset_root/DAY-2/DAY-2_UMKM_SDL_122.JPG,DAY-2,UMKM,SDL,122,True,,0.02606347438752784,False,"(94, 129)"
DAY-2_UMKM_SDL_123.JPG,/home/tsaga/projects/beefresearch-bima/data/dataset_root/DAY-2/DAY-2_UMKM_SDL_123.JPG,DAY-2,UMKM,SDL,123,True,,0.029156458797327395,False,"(105, 137)"
DAY-2_UMKM_SDL_124.JPG,/home/tsaga/projects/beefresearch-bima/data/dataset_root/DAY-2/DAY-2_UMKM_SDL_124.JPG,DAY-2,UMKM,SDL,124,True,,0.02951002227171492,False,"(112, 118)"
DAY-2_UMKM_SDL_125.JPG,/home/tsaga/projects/beefresearch-bima/data/dataset_root/DAY-2/DAY-2_UMKM_SDL_125.JPG,DAY-2,UMKM,SDL,125,True,,0.029624164810690422,False,"(102, 152)"
DAY-2_UMKM_SDL_126.JPG,/home/tsaga/projects/beefresearch-bima/data/dataset_root/DAY-2/DAY-2_UMKM_SDL_126.JPG,DAY-2,UMKM,SDL,126,True,,0.030030623608017816,False,"(98, 151)"
DAY-2_UMKM_SDL_127.JPG,/home/tsaga/projects/beefresearch-bima/data/dataset_root/DAY-2/DAY-2_UMKM_SDL_127.JPG,DAY-2,UMKM,SDL,127,True,,0.029766146993318487,False,"(102, 133)"
DAY-2_UMKM_SDL_128.JPG,/home/tsaga/projects/beefresearch-bima/data/dataset_root/DAY-2/DAY-2_UMKM_SDL_128.JPG,DAY-2,UMKM,SDL,128,True,,0.028070712694877504,False,"(107, 122)"
DAY-2_UMKM_SDL_129.JPG,/home/tsaga/projects/beefresearch-bima/data/dataset_root/DAY-2/DAY-2_UMKM_SDL_129.JPG,DAY-2,UMKM,SDL,129,True,,0.03864699331848552,False,"(128, 149)"
DAY-2_UMKM_SDL_130.JPG,/home/tsaga/projects/beefresearch-bima/data/dataset_root/DAY-2/DAY-2_UMKM_SDL_130.JPG,DAY-2,UMKM,SDL,130,True,,0.03839922048997773,False,"(122, 160)"
DAY-2_UMKM_SDL_131.JPG,/home/tsaga/projects/beefresearch-bima/data/dataset_root/DAY-2/DAY-2_UMKM_SDL_131.JPG,DAY-2,UMKM,SDL,131,True,,0.030139198218262806,False,"(116, 124)"
DAY-2_UMKM_SDL_132.JPG,/home/tsaga/projects/beefresearch-bima/data/dataset_root/DAY-2/DAY-2_UMKM_SDL_132.JPG,DAY-2,UMKM,SDL,132,True,,0.028811247216035635,False,"(110, 124)"
DAY-2_UMKM_SDL_133.JPG,/home/tsaga/projects/beefresearch-bima/data/dataset_root/DAY-2/DAY-2_UMKM_SDL_133.JPG,DAY-2,UMKM,SDL,133,True,,0.030810133630289532,False,"(96, 134)"
DAY-2_UMKM_SDL_134.JPG,/home/tsaga/projects/beefresearch-bima/data/dataset_root/DAY-2/DAY-2_UMKM_SDL_134.JPG,DAY-2,UMKM,SDL,134,True,,0.0317706013363029,False,"(107, 135)"
DAY-2_UMKM_SDL_135.JPG,/home/tsaga/projects/beefresearch-bima/data/dataset_root/DAY-2/DAY-2_UMKM_SDL_135.JPG,DAY-2,UMKM,SDL,135,True,,0.030807349665924275,False,"(97, 155)"
DAY-2_UMKM_SDL_136.JPG,/home/tsaga/projects/beefresearch-bima/data/dataset_root/DAY-2/DAY-2_UMKM_SDL_136.JPG,DAY-2,UMKM,SDL,136,True,,0.031675946547884186,False,"(123, 136)"
DAY-2_UMKM_SDL_137.JPG,/home/tsaga/projects/beefresearch-bima/data/dataset_root/DAY-2/DAY-2_UMKM_SDL_137.JPG,DAY-2,UMKM,SDL,137,True,,0.03737750556792873,False,"(121, 163)"
DAY-2_UMKM_SDL_138.JPG,/home/tsaga/projects/beefresearch-bima/data/dataset_root/DAY-2/DAY-2_UMKM_SDL_138.JPG,DAY-2,UMKM,SDL,138,True,,0.03631124721603563,False,"(110, 179)"
DAY-2_UMKM_SDL_139.JPG,/home/tsaga/projects/beefresearch-bima/data/dataset_root/DAY-2/DAY-2_UMKM_SDL_139.JPG,DAY-2,UMKM,SDL,139,True,,0.036238864142538976,False,"(120, 135)"
DAY-2_UMKM_SDL_140.JPG,/home/tsaga/projects/beefresearch-bima/data/dataset_root/DAY-2/DAY-2_UMKM_SDL_140.JPG,DAY-2,UMKM,SDL,140,True,,0.03751113585746103,False,"(130, 142)"
DAY-2_UMKM_SKL_001.JPG,/home/tsaga/projects/beefresearch-bima/data/dataset_root/DAY-2/DAY-2_UMKM_SKL_001.JPG,DAY-2,UMKM,SKL,1,True,,0.032332962138084634,False,"(106, 144)"
DAY-2_UMKM_SKL_002.JPG,/home/tsaga/projects/beefresearch-bima/data/dataset_root/DAY-2/DAY-2_UMKM_SKL_002.JPG,DAY-2,UMKM,SKL,2,True,,0.033012249443207124,False,"(126, 125)"
DAY-2_UMKM_SKL_003.JPG,/home/tsaga/projects/beefresearch-bima/data/dataset_root/DAY-2/DAY-2_UMKM_SKL_003.JPG,DAY-2,UMKM,SKL,3,True,,0.03335189309576837,False,"(109, 147)"
DAY-2_UMKM_SKL_004.JPG,/home/tsaga/projects/beefresearch-bima/data/dataset_root/DAY-2/DAY-2_UMKM_SKL_004.JPG,DAY-2,UMKM,SKL,4,True,,0.03278674832962138,False,"(113, 134)"
DAY-2_UMKM_SKL_005.JPG,/home/tsaga/projects/beefresearch-bima/data/dataset_root/DAY-2/DAY-2_UMKM_SKL_005.JPG,DAY-2,UMKM,SKL,5,True,,0.033878062360801785,False,"(114, 134)"
DAY-2_UMKM_SKL_006.JPG,/home/tsaga/projects/beefresearch-bima/data/dataset_root/DAY-2/DAY-2_UMKM_SKL_006.JPG,DAY-2,UMKM,SKL,6,True,,0.03569599109131403,False,"(125, 135)"
DAY-2_UMKM_SKL_007.JPG,/home/tsaga/projects/beefresearch-bima/data/dataset_root/DAY-2/DAY-2_UMKM_SKL_007.JPG,DAY-2,UMKM,SKL,7,True,,0.044351336302895325,False,"(130, 148)"
DAY-2_UMKM_SKL_008.JPG,/home/tsaga/projects/beefresearch-bima/data/dataset_root/DAY-2/DAY-2_UMKM_SKL_008.JPG,DAY-2,UMKM,SKL,8,True,,0.04490534521158129,False,"(139, 138)"
DAY-2_UMKM_SKL_009.JPG,/home/tsaga/projects/beefresearch-bima/data/dataset_root/DAY-2/DAY-2_UMKM_SKL_009.JPG,DAY-2,UMKM,SKL,9,True,,0.030005567928730513,False,"(104, 141)"
DAY-2_UMKM_SKL_010.JPG,/home/tsaga/projects/beefresearch-bima/data/dataset_root/DAY-2/DAY-2_UMKM_SKL_010.JPG,DAY-2,UMKM,SKL,10,True,,0.02959075723830735,False,"(98, 140)"
DAY-2_UMKM_SKL_011.JPG,/home/tsaga/projects/beefresearch-bima/data/dataset_root/DAY-2/DAY-2_UMKM_SKL_011.JPG,DAY-2,UMKM,SKL,11,True,,0.04088530066815145,False,"(121, 163)"
DAY-2_UMKM_SKL_012.JPG,/home/tsaga/projects/beefresearch-bima/data/dataset_root/DAY-2/DAY-2_UMKM_SKL_012.JPG,DAY-2,UMKM,SKL,12,True,,0.04003062360801782,False,"(110, 161)"
DAY-2_UMKM_SKL_013.JPG,/home/tsaga/projects/beefresearch-bima/data/dataset_root/DAY-2/DAY-2_UMKM_SKL_013.JPG,DAY-2,UMKM,SKL,13,True,,0.031698218262806235,False,"(106, 133)"
DAY-2_UMKM_SKL_014.JPG,/home/tsaga/projects/beefresearch-bima/data/dataset_root/DAY-2/DAY-2_UMKM_SKL_014.JPG,DAY-2,UMKM,SKL,14,True,,0.031798440979955454,False,"(104, 137)"
DAY-2_UMKM_SKL_015.JPG,/home/tsaga/projects/beefresearch-bima/data/dataset_root/DAY-2/DAY-2_UMKM_SKL_015.JPG,DAY-2,UMKM,SKL,15,True,,0.03500278396436526,False,"(127, 128)"
DAY-2_UMKM_SKL_016.JPG,/home/tsaga/projects/beefresearch-bima/data/dataset_root/DAY-2/DAY-2_UMKM_SKL_016.JPG,DAY-2,UMKM,SKL,16,True,,0.034523942093541204,False,"(122, 129)"
DAY-2_UMKM_SKL_017.JPG,/home/tsaga/projects/beefresearch-bima/data/dataset_root/DAY-2/DAY-2_UMKM_SKL_017.JPG,DAY-2,UMKM,SKL,17,True,,0.032820155902004454,False,"(112, 127)"
DAY-2_UMKM_SKL_018.JPG,/home/tsaga/projects/beefresearch-bima/data/dataset_root/DAY-2/DAY-2_UMKM_SKL_018.JPG,DAY-2,UMKM,SKL,18,True,,0.03264755011135857,False,"(117, 123)"
DAY-2_UMKM_SKL_019.JPG,/home/tsaga/projects/beefresearch-bima/data/dataset_root/DAY-2/DAY-2_UMKM_SKL_019.JPG,DAY-2,UMKM,SKL,19,True,,0.03207962138084632,False,"(113, 127)"
DAY-2_UMKM_SKL_020.JPG,/home/tsaga/projects/beefresearch-bima/data/dataset_root/DAY-2/DAY-2_UMKM_SKL_020.JPG,DAY-2,UMKM,SKL,20,True,,0.031901447661469934,False,"(116, 130)"
DAY-2_UMKM_SKL_021.JPG,/home/tsaga/projects/beefresearch-bima/data/dataset_root/DAY-2/DAY-2_UMKM_SKL_021.JPG,DAY-2,UMKM,SKL,21,True,,0.030069599109131404,False,"(104, 131)"
DAY-2_UMKM_SKL_022.JPG,/home/tsaga/projects/beefresearch-bima/data/dataset_root/DAY-2/DAY-2_UMKM_SKL_022.JPG,DAY-2,UMKM,SKL,22,True,,0.030606904231625834,False,"(104, 136)"
DAY-2_UMKM_SKL_023.JPG,/home/tsaga/projects/beefresearch-bima/data/dataset_root/DAY-2/DAY-2_UMKM_SKL_023.JPG,DAY-2,UMKM,SKL,23,True,,0.027678173719376392,False,"(106, 121)"
DAY-2_UMKM_SKL_024.JPG,/home/tsaga/projects/beefresearch-bima/data/dataset_root/DAY-2/DAY-2_UMKM_SKL_024.JPG,DAY-2,UMKM,SKL,24,True,,0.028148663697104677,False,"(109, 127)"
DAY-2_UMKM_SKL_025.JPG,/home/tsaga/projects/beefresearch-bima/data/dataset_root/DAY-2/DAY-2_UMKM_SKL_025.JPG,DAY-2,UMKM,SKL,25,True,,0.03772550111358575,False,"(116, 161)"
DAY-2_UMKM_SKL_026.JPG,/home/tsaga/projects/beefresearch-bima/data/dataset_root/DAY-2/DAY-2_UMKM_SKL_026.JPG,DAY-2,UMKM,SKL,26,True,,0.037555679287305126,False,"(113, 145)"
DAY-2_UMKM_SKL_027.JPG,/home/tsaga/projects/beefresearch-bima/data/dataset_root/DAY-2/DAY-2_UMKM_SKL_027.JPG,DAY-2,UMKM,SKL,27,True,,0.0414532293986637,False,"(128, 132)"
DAY-2_UMKM_SKL_028.JPG,/home/tsaga/projects/beefresearch-bima/data/dataset_root/DAY-2/DAY-2_UMKM_SKL_028.JPG,DAY-2,UMKM,SKL,28,True,,0.04021436525612472,False,"(126, 143)"
DAY-2_UMKM_SKL_029.JPG,/home/tsaga/projects/beefresearch-bima/data/dataset_root/DAY-2/DAY-2_UMKM_SKL_029.JPG,DAY-2,UMKM,SKL,29,True,,0.03715478841870824,False,"(114, 142)"
DAY-2_UMKM_SKL_030.JPG,/home/tsaga/projects/beefresearch-bima/data/dataset_root/DAY-2/DAY-2_UMKM_SKL_030.JPG,DAY-2,UMKM,SKL,30,True,,0.03481347438752784,False,"(113, 138)"
DAY-2_UMKM_SKL_031.JPG,/home/tsaga/projects/beefresearch-bima/data/dataset_root/DAY-2/DAY-2_UMKM_SKL_031.JPG,DAY-2,UMKM,SKL,31,True,,0.029860801781737195,False,"(119, 130)"
DAY-2_UMKM_SKL_032.JPG,/home/tsaga/projects/beefresearch-bima/data/dataset_root/DAY-2/DAY-2_UMKM_SKL_032.JPG,DAY-2,UMKM,SKL,32,True,,0.030996659242761692,False,"(116, 124)"
DAY-2_UMKM_SKL_033.JPG,/home/tsaga/projects/beefresearch-bima/data/dataset_root/DAY-2/DAY-2_UMKM_SKL_033.JPG,DAY-2,UMKM,SKL,33,True,,0.03492761692650334,False,"(142, 118)"
DAY-2_UMKM_SKL_034.JPG,/home/tsaga/projects/beefresearch-bima/data/dataset_root/DAY-2/DAY-2_UMKM_SKL_034.JPG,DAY-2,UMKM,SKL,34,True,,0.032346881959910916,False,"(121, 125)"
DAY-2_UMKM_SKL_035.JPG,/home/tsaga/projects/beefresearch-bima/data/dataset_root/DAY-2/DAY-2_UMKM_SKL_035.JPG,DAY-2,UMKM,SKL,35,True,,0.03487750556792873,False,"(124, 134)"
DAY-2_UMKM_SKL_036.JPG,/home/tsaga/projects/beefresearch-bima/data/dataset_root/DAY-2/DAY-2_UMKM_SKL_036.JPG,DAY-2,UMKM,SKL,36,True,,0.03635857461024499,False,"(135, 128)"
DAY-2_UMKM_SKL_037.JPG,/home/tsaga/projects/beefresearch-bima/data/dataset_root/DAY-2/DAY-2_UMKM_SKL_037.JPG,DAY-2,UMKM,SKL,37,True,,0.02877227171492205,False,"(102, 147)"
DAY-2_UMKM_SKL_038.JPG,/home/tsaga/projects/beefresearch-bima/data/dataset_root/DAY-2/DAY-2_UMKM_SKL_038.JPG,DAY-2,UMKM,SKL,38,True,,0.02822661469933185,False,"(114, 125)"
DAY-2_UMKM_SKL_039.JPG,/home/tsaga/projects/beefresearch-bima/data/dataset_root/DAY-2/DAY-2_UMKM_SKL_039.JPG,DAY-2,UMKM,SKL,39,True,,0.028666481069042318,False,"(107, 113)"
DAY-2_UMKM_SKL_040.JPG,/home/tsaga/projects/beefresearch-bima/data/dataset_root/DAY-2/DAY-2_UMKM_SKL_040.JPG,DAY-2,UMKM,SKL,40,True,,0.02808184855233853,False,"(110, 114)"
DAY-2_UMKM_SKL_041.JPG,/home/tsaga/projects/beefresearch-bima/data/dataset_root/DAY-2/DAY-2_UMKM_SKL_041.JPG,DAY-2,UMKM,SKL,41,True,,0.023967149220489977,False,"(115, 105)"
DAY-2_UMKM_SKL_042.JPG,/home/tsaga/projects/beefresearch-bima/data/dataset_root/DAY-2/DAY-2_UMKM_SKL_042.JPG,DAY-2,UMKM,SKL,42,True,,0.024537861915367484,False,"(112, 108)"
DAY-2_UMKM_SKL_043.JPG,/home/tsaga/projects/beefresearch-bima/data/dataset_root/DAY-2/DAY-2_UMKM_SKL_043.JPG,DAY-2,UMKM,SKL,43,True,,0.02683184855233853,False,"(84, 158)"
DAY-2_UMKM_SKL_044.JPG,/home/tsaga/projects/beefresearch-bima/data/dataset_root/DAY-2/DAY-2_UMKM_SKL_044.JPG,DAY-2,UMKM,SKL,44,True,,0.02468541202672606,False,"(86, 146)"
DAY-2_UMKM_SKL_045.JPG,/home/tsaga/projects/beefresearch-bima/data/dataset_root/DAY-2/DAY-2_UMKM_SKL_045.JPG,DAY-2,UMKM,SKL,45,True,,0.03212138084632517,False,"(105, 146)"
DAY-2_UMKM_SKL_046.JPG,/home/tsaga/projects/beefresearch-bima/data/dataset_root/DAY-2/DAY-2_UMKM_SKL_046.JPG,DAY-2,UMKM,SKL,46,True,,0.033243318485523386,False,"(99, 142)"
DAY-2_UMKM_SKL_047.JPG,/home/tsaga/projects/beefresearch-bima/data/dataset_root/DAY-2/DAY-2_UMKM_SKL_047.JPG,DAY-2,UMKM,SKL,47,True,,0.034089643652561244,False,"(118, 139)"
DAY-2_UMKM_SKL_048.JPG,/home/tsaga/projects/beefresearch-bima/data/dataset_root/DAY-2/DAY-2_UMKM_SKL_048.JPG,DAY-2,UMKM,SKL,48,True,,0.03316815144766147,False,"(116, 130)"
DAY-2_UMKM_SKL_049.JPG,/home/tsaga/projects/beefresearch-bima/data/dataset_root/DAY-2/DAY-2_UMKM_SKL_049.JPG,DAY-2,UMKM,SKL,49,True,,0.03308741648106904,False,"(105, 138)"
DAY-2_UMKM_SKL_050.JPG,/home/tsaga/projects/beefresearch-bima/data/dataset_root/DAY-2/DAY-2_UMKM_SKL_050.JPG,DAY-2,UMKM,SKL,50,True,,0.03422048997772829,False,"(115, 134)"
DAY-2_UMKM_SKL_051.JPG,/home/tsaga/projects/beefresearch-bima/data/dataset_root/DAY-2/DAY-2_UMKM_SKL_051.JPG,DAY-2,UMKM,SKL,51,True,,0.03989977728285078,False,"(106, 173)"
DAY-2_UMKM_SKL_052.JPG,/home/tsaga/projects/beefresearch-bima/data/dataset_root/DAY-2/DAY-2_UMKM_SKL_052.JPG,DAY-2,UMKM,SKL,52,True,,0.039471046770601335,False,"(109, 165)"
DAY-2_UMKM_SKL_053.JPG,/home/tsaga/projects/beefresearch-bima/data/dataset_root/DAY-2/DAY-2_UMKM_SKL_053.JPG,DAY-2,UMKM,SKL,53,True,,0.029103563474387528,False,"(110, 124)"
DAY-2_UMKM_SKL_054.JPG,/home/tsaga/projects/beefresearch-bima/data/dataset_root/DAY-2/DAY-2_UMKM_SKL_054.JPG,DAY-2,UMKM,SKL,54,True,,0.028797327394209354,False,"(107, 131)"
DAY-2_UMKM_SKL_055.JPG,/home/tsaga/projects/beefresearch-bima/data/dataset_root/DAY-2/DAY-2_UMKM_SKL_055.JPG,DAY-2,UMKM,SKL,55,True,,0.037043429844097996,False,"(127, 142)"
DAY-2_UMKM_SKL_056.JPG,/home/tsaga/projects/beefresearch-bima/data/dataset_root/DAY-2/DAY-2_UMKM_SKL_056.JPG,DAY-2,UMKM,SKL,56,True,,0.03779510022271715,False,"(109, 153)"
DAY-2_UMKM_SKL_057.JPG,/home/tsaga/projects/beefresearch-bima/data/dataset_root/DAY-2/DAY-2_UMKM_SKL_057.JPG,DAY-2,UMKM,SKL,57,True,,0.03901447661469933,False,"(127, 141)"
DAY-2_UMKM_SKL_058.JPG,/home/tsaga/projects/beefresearch-bima/data/dataset_root/DAY-2/DAY-2_UMKM_SKL_058.JPG,DAY-2,UMKM,SKL,58,True,,0.03785077951002227,False,"(132, 138)"
DAY-2_UMKM_SKL_059.JPG,/home/tsaga/projects/beefresearch-bima/data/dataset_root/DAY-2/DAY-2_UMKM_SKL_059.JPG,DAY-2,UMKM,SKL,59,True,,0.03985801781737194,False,"(138, 148)"
DAY-2_UMKM_SKL_060.JPG,/home/tsaga/projects/beefresearch-bima/data/dataset_root/DAY-2/DAY-2_UMKM_SKL_060.JPG,DAY-2,UMKM,SKL,60,True,,0.039234409799554566,False,"(120, 164)"
DAY-2_UMKM_SKL_061.JPG,/home/tsaga/projects/beefresearch-bima/data/dataset_root/DAY-2/DAY-2_UMKM_SKL_061.JPG,DAY-2,UMKM,SKL,61,True,,0.034977728285077954,False,"(124, 141)"
DAY-2_UMKM_SKL_062.JPG,/home/tsaga/projects/beefresearch-bima/data/dataset_root/DAY-2/DAY-2_UMKM_SKL_062.JPG,DAY-2,UMKM,SKL,62,True,,0.03417316258351893,False,"(116, 151)"
DAY-2_UMKM_SKL_063.JPG,/home/tsaga/projects/beefresearch-bima/data/dataset_root/DAY-2/DAY-2_UMKM_SKL_063.JPG,DAY-2,UMKM,SKL,63,True,,0.02793708240534521,False,"(111, 115)"
DAY-2_UMKM_SKL_064.JPG,/home/tsaga/projects/beefresearch-bima/data/dataset_root/DAY-2/DAY-2_UMKM_SKL_064.JPG,DAY-2,UMKM,SKL,64,True,,0.028332405345211583,False,"(110, 115)"
DAY-2_UMKM_SKL_065.JPG,/home/tsaga/projects/beefresearch-bima/data/dataset_root/DAY-2/DAY-2_UMKM_SKL_065.JPG,DAY-2,UMKM,SKL,65,True,,0.03528953229398664,False,"(112, 158)"
DAY-2_UMKM_SKL_066.JPG,/home/tsaga/projects/beefresearch-bima/data/dataset_root/DAY-2/DAY-2_UMKM_SKL_066.JPG,DAY-2,UMKM,SKL,66,True,,0.03421213808463252,False,"(115, 150)"
DAY-2_UMKM_SKL_067.JPG,/home/tsaga/projects/beefresearch-bima/data/dataset_root/DAY-2/DAY-2_UMKM_SKL_067.JPG,DAY-2,UMKM,SKL,67,True,,0.04163975501113586,False,"(114, 173)"
DAY-2_UMKM_SKL_068.JPG,/home/tsaga/projects/beefresearch-bima/data/dataset_root/DAY-2/DAY-2_UMKM_SKL_068.JPG,DAY-2,UMKM,SKL,68,True,,0.03967984409799555,False,"(113, 167)"
DAY-2_UMKM_SKL_069.JPG,/home/tsaga/projects/beefresearch-bima/data/dataset_root/DAY-2/DAY-2_UMKM_SKL_069.JPG,DAY-2,UMKM,SKL,69,True,,0.02787305122494432,False,"(103, 118)"
DAY-2_UMKM_SKL_070.JPG,/home/tsaga/projects/beefresearch-bima/data/dataset_root/DAY-2/DAY-2_UMKM_SKL_070.JPG,DAY-2,UMKM,SKL,70,True,,0.028660913140311804,False,"(110, 128)"
DAY-2_UMKM_SKL_071.JPG,/home/tsaga/projects/beefresearch-bima/data/dataset_root/DAY-2/DAY-2_UMKM_SKL_071.JPG,DAY-2,UMKM,SKL,71,True,,0.029181514476614698,False,"(98, 142)"
DAY-2_UMKM_SKL_072.JPG,/home/tsaga/projects/beefresearch-bima/data/dataset_root/DAY-2/DAY-2_UMKM_SKL_072.JPG,DAY-2,UMKM,SKL,72,True,,0.02939031180400891,False,"(112, 126)"
DAY-2_UMKM_SKL_073.JPG,/home/tsaga/projects/beefresearch-bima/data/dataset_root/DAY-2/DAY-2_UMKM_SKL_073.JPG,DAY-2,UMKM,SKL,73,True,,0.03653953229398664,False,"(117, 135)"
DAY-2_UMKM_SKL_074.JPG,/home/tsaga/projects/beefresearch-bima/data/dataset_root/DAY-2/DAY-2_UMKM_SKL_074.JPG,DAY-2,UMKM,SKL,74,True,,0.03626670378619154,False,"(123, 139)"
DAY-2_UMKM_SKL_075.JPG,/home/tsaga/projects/beefresearch-bima/data/dataset_root/DAY-2/DAY-2_UMKM_SKL_075.JPG,DAY-2,UMKM,SKL,75,True,,0.03772271714922049,False,"(122, 139)"
DAY-2_UMKM_SKL_076.JPG,/home/tsaga/projects/beefresearch-bima/data/dataset_root/DAY-2/DAY-2_UMKM_SKL_076.JPG,DAY-2,UMKM,SKL,76,True,,0.03897550111358575,False,"(122, 155)"
DAY-2_UMKM_SKL_077.JPG,/home/tsaga/projects/beefresearch-bima/data/dataset_root/DAY-2/DAY-2_UMKM_SKL_077.JPG,DAY-2,UMKM,SKL,77,True,,0.02876391982182628,False,"(96, 126)"
DAY-2_UMKM_SKL_078.JPG,/home/tsaga/projects/beefresearch-bima/data/dataset_root/DAY-2/DAY-2_UMKM_SKL_078.JPG,DAY-2,UMKM,SKL,78,True,,0.026879175946547883,False,"(90, 133)"
DAY-2_UMKM_SKL_079.JPG,/home/tsaga/projects/beefresearch-bima/data/dataset_root/DAY-2/DAY-2_UMKM_SKL_079.JPG,DAY-2,UMKM,SKL,79,True,,0.03013641425389755,False,"(88, 155)"
DAY-2_UMKM_SKL_080.JPG,/home/tsaga/projects/beefresearch-bima/data/dataset_root/DAY-2/DAY-2_UMKM_SKL_080.JPG,DAY-2,UMKM,SKL,80,True,,0.02832683741648107,False,"(86, 157)"
DAY-2_UMKM_SKL_081.JPG,/home/tsaga/projects/beefresearch-bima/data/dataset_root/DAY-2/DAY-2_UMKM_SKL_081.JPG,DAY-2,UMKM,SKL,81,True,,0.03858017817371938,False,"(114, 165)"
DAY-2_UMKM_SKL_082.JPG,/home/tsaga/projects/beefresearch-bima/data/dataset_root/DAY-2/DAY-2_UMKM_SKL_082.JPG,DAY-2,UMKM,SKL,82,True,,0.03876113585746103,False,"(116, 159)"
DAY-2_UMKM_SKL_083.JPG,/home/tsaga/projects/beefresearch-bima/data/dataset_root/DAY-2/DAY-2_UMKM_SKL_083.JPG,DAY-2,UMKM,SKL,83,True,,0.03458797327394209,False,"(120, 135)"
DAY-2_UMKM_SKL_084.JPG,/home/tsaga/projects/beefresearch-bima/data/dataset_root/DAY-2/DAY-2_UMKM_SKL_084.JPG,DAY-2,UMKM,SKL,84,True,,0.03435133630289532,False,"(121, 129)"
DAY-2_UMKM_SKL_085.JPG,/home/tsaga/projects/beefresearch-bima/data/dataset_root/DAY-2/DAY-2_UMKM_SKL_085.JPG,DAY-2,UMKM,SKL,85,True,,0.03780066815144766,False,"(123, 134)"
DAY-2_UMKM_SKL_086.JPG,/home/tsaga/projects/beefresearch-bima/data/dataset_root/DAY-2/DAY-2_UMKM_SKL_086.JPG,DAY-2,UMKM,SKL,86,True,,0.0377728285077951,False,"(121, 135)"
DAY-2_UMKM_SKL_087.JPG,/home/tsaga/projects/beefresearch-bima/data/dataset_root/DAY-2/DAY-2_UMKM_SKL_087.JPG,DAY-2,UMKM,SKL,87,True,,0.03694599109131403,False,"(102, 162)"
DAY-2_UMKM_SKL_088.JPG,/home/tsaga/projects/beefresearch-bima/data/dataset_root/DAY-2/DAY-2_UMKM_SKL_088.JPG,DAY-2,UMKM,SKL,88,True,,0.03693485523385301,False,"(105, 159)"
DAY-2_UMKM_SKL_089.JPG,/home/tsaga/projects/beefresearch-bima/data/dataset_root/DAY-2/DAY-2_UMKM_SKL_089.JPG,DAY-2,UMKM,SKL,89,True,,0.034944320712694876,False,"(104, 149)"
DAY-2_UMKM_SKL_090.JPG,/home/tsaga/projects/beefresearch-bima/data/dataset_root/DAY-2/DAY-2_UMKM_SKL_090.JPG,DAY-2,UMKM,SKL,90,True,,0.034830178173719376,False,"(104, 144)"
DAY-2_UMKM_SKL_091.JPG,/home/tsaga/projects/beefresearch-bima/data/dataset_root/DAY-2/DAY-2_UMKM_SKL_091.JPG,DAY-2,UMKM,SKL,91,True,,0.042466592427616925,False,"(134, 150)"
DAY-2_UMKM_SKL_092.JPG,/home/tsaga/projects/beefresearch-bima/data/dataset_root/DAY-2/DAY-2_UMKM_SKL_092.JPG,DAY-2,UMKM,SKL,92,True,,0.04270044543429844,False,"(130, 149)"
DAY-2_UMKM_SKL_093.JPG,/home/tsaga/projects/beefresearch-bima/data/dataset_root/DAY-2/DAY-2_UMKM_SKL_093.JPG,DAY-2,UMKM,SKL,93,True,,0.04042873051224944,False,"(116, 169)"
DAY-2_UMKM_SKL_094.JPG,/home/tsaga/projects/beefresearch-bima/data/dataset_root/DAY-2/DAY-2_UMKM_SKL_094.JPG,DAY-2,UMKM,SKL,94,True,,0.039276169265033405,False,"(120, 171)"
DAY-2_UMKM_SKL_095.JPG,/home/tsaga/projects/beefresearch-bima/data/dataset_root/DAY-2/DAY-2_UMKM_SKL_095.JPG,DAY-2,UMKM,SKL,95,True,,0.03042316258351893,False,"(111, 134)"
DAY-2_UMKM_SKL_096.JPG,/home/tsaga/projects/beefresearch-bima/data/dataset_root/DAY-2/DAY-2_UMKM_SKL_096.JPG,DAY-2,UMKM,SKL,96,True,,0.028360244988864143,False,"(99, 133)"
DAY-2_UMKM_SKL_097.JPG,/home/tsaga/projects/beefresearch-bima/data/dataset_root/DAY-2/DAY-2_UMKM_SKL_097.JPG,DAY-2,UMKM,SKL,97,True,,0.037416481069042315,False,"(115, 138)"
DAY-2_UMKM_SKL_098.JPG,/home/tsaga/projects/beefresearch-bima/data/dataset_root/DAY-2/DAY-2_UMKM_SKL_098.JPG,DAY-2,UMKM,SKL,98,True,,0.03649220489977728,False,"(120, 143)"
DAY-2_UMKM_SKL_099.JPG,/home/tsaga/projects/beefresearch-bima/data/dataset_root/DAY-2/DAY-2_UMKM_SKL_099.JPG,DAY-2,UMKM,SKL,99,True,,0.03828507795100223,False,"(124, 144)"
DAY-2_UMKM_SKL_100.JPG,/home/tsaga/projects/beefresearch-bima/data/dataset_root/DAY-2/DAY-2_UMKM_SKL_100.JPG,DAY-2,UMKM,SKL,100,True,,0.03699331848552338,False,"(126, 136)"
DAY-2_UMKM_SKL_101.JPG,/home/tsaga/projects/beefresearch-bima/data/dataset_root/DAY-2/DAY-2_UMKM_SKL_101.JPG,DAY-2,UMKM,SKL,101,True,,0.038415924276169265,False,"(132, 139)"
DAY-2_UMKM_SKL_102.JPG,/home/tsaga/projects/beefresearch-bima/data/dataset_root/DAY-2/DAY-2_UMKM_SKL_102.JPG,DAY-2,UMKM,SKL,102,True,,0.03819320712694878,False,"(139, 129)"
DAY-2_UMKM_SKL_103.JPG,/home/tsaga/projects/beefresearch-bima/data/dataset_root/DAY-2/DAY-2_UMKM_SKL_103.JPG,DAY-2,UMKM,SKL,103,True,,0.04056236080178174,False,"(114, 170)"
DAY-2_UMKM_SKL_104.JPG,/home/tsaga/projects/beefresearch-bima/data/dataset_root/DAY-2/DAY-2_UMKM_SKL_104.JPG,DAY-2,UMKM,SKL,104,True,,0.04343819599109131,False,"(125, 165)"
DAY-2_UMKM_SKL_105.JPG,/home/tsaga/projects/beefresearch-bima/data/dataset_root/DAY-2/DAY-2_UMKM_SKL_105.JPG,DAY-2,UMKM,SKL,105,True,,0.03162583518930958,False,"(107, 136)"
DAY-2_UMKM_SKL_106.JPG,/home/tsaga/projects/beefresearch-bima/data/dataset_root/DAY-2/DAY-2_UMKM_SKL_106.JPG,DAY-2,UMKM,SKL,106,True,,0.03155345211581292,False,"(108, 133)"
DAY-2_UMKM_SKL_107.JPG,/home/tsaga/projects/beefresearch-bima/data/dataset_root/DAY-2/DAY-2_UMKM_SKL_107.JPG,DAY-2,UMKM,SKL,107,True,,0.039663140311804006,False,"(123, 152)"
DAY-2_UMKM_SKL_108.JPG,/home/tsaga/projects/beefresearch-bima/data/dataset_root/DAY-2/DAY-2_UMKM_SKL_108.JPG,DAY-2,UMKM,SKL,108,True,,0.039710467706013365,False,"(131, 153)"
DAY-2_UMKM_SKL_109.JPG,/home/tsaga/projects/beefresearch-bima/data/dataset_root/DAY-2/DAY-2_UMKM_SKL_109.JPG,DAY-2,UMKM,SKL,109,True,,0.03162861915367483,False,"(102, 132)"
DAY-2_UMKM_SKL_110.JPG,/home/tsaga/projects/beefresearch-bima/data/dataset_root/DAY-2/DAY-2_UMKM_SKL_110.JPG,DAY-2,UMKM,SKL,110,True,,0.032093541202672604,False,"(103, 132)"
DAY-2_UMKM_SKL_111.JPG,/home/tsaga/projects/beefresearch-bima/data/dataset_root/DAY-2/DAY-2_UMKM_SKL_111.JPG,DAY-2,UMKM,SKL,111,True,,0.030492761692650333,False,"(110, 131)"
DAY-2_UMKM_SKL_112.JPG,/home/tsaga/projects/beefresearch-bima/data/dataset_root/DAY-2/DAY-2_UMKM_SKL_112.JPG,DAY-2,UMKM,SKL,112,True,,0.028716592427616927,False,"(94, 122)"
DAY-2_UMKM_SKL_113.JPG,/home/tsaga/projects/beefresearch-bima/data/dataset_root/DAY-2/DAY-2_UMKM_SKL_113.JPG,DAY-2,UMKM,SKL,113,True,,0.030239420935412025,False,"(108, 145)"
DAY-2_UMKM_SKL_114.JPG,/home/tsaga/projects/beefresearch-bima/data/dataset_root/DAY-2/DAY-2_UMKM_SKL_114.JPG,DAY-2,UMKM,SKL,114,True,,0.03125,False,"(87, 168)"
DAY-2_UMKM_SKL_115.JPG,/home/tsaga/projects/beefresearch-bima/data/dataset_root/DAY-2/DAY-2_UMKM_SKL_115.JPG,DAY-2,UMKM,SKL,115,True,,0.03556236080178174,False,"(117, 128)"
DAY-2_UMKM_SKL_116.JPG,/home/tsaga/projects/beefresearch-bima/data/dataset_root/DAY-2/DAY-2_UMKM_SKL_116.JPG,DAY-2,UMKM,SKL,116,True,,0.03566258351893096,False,"(125, 132)"
DAY-2_UMKM_SKL_117.JPG,/home/tsaga/projects/beefresearch-bima/data/dataset_root/DAY-2/DAY-2_UMKM_SKL_117.JPG,DAY-2,UMKM,SKL,117,True,,0.03755011135857461,False,"(118, 145)"
DAY-2_UMKM_SKL_118.JPG,/home/tsaga/projects/beefresearch-bima/data/dataset_root/DAY-2/DAY-2_UMKM_SKL_118.JPG,DAY-2,UMKM,SKL,118,True,,0.039526726057906456,False,"(122, 151)"
DAY-2_UMKM_SKL_119.JPG,/home/tsaga/projects/beefresearch-bima/data/dataset_root/DAY-2/DAY-2_UMKM_SKL_119.JPG,DAY-2,UMKM,SKL,119,True,,0.04690144766146993,False,"(129, 176)"
DAY-2_UMKM_SKL_120.JPG,/home/tsaga/projects/beefresearch-bima/data/dataset_root/DAY-2/DAY-2_UMKM_SKL_120.JPG,DAY-2,UMKM,SKL,120,True,,0.047163140311804005,False,"(114, 194)"
DAY-2_UMKM_SKL_121.JPG,/home/tsaga/projects/beefresearch-bima/data/dataset_root/DAY-2/DAY-2_UMKM_SKL_121.JPG,DAY-2,UMKM,SKL,121,True,,0.04056792873051225,False,"(145, 131)"
DAY-2_UMKM_SKL_122.JPG,/home/tsaga/projects/beefresearch-bima/data/dataset_root/DAY-2/DAY-2_UMKM_SKL_122.JPG,DAY-2,UMKM,SKL,122,True,,0.04014476614699332,False,"(133, 134)"
DAY-2_UMKM_SKL_123.JPG,/home/tsaga/projects/beefresearch-bima/data/dataset_root/DAY-2/DAY-2_UMKM_SKL_123.JPG,DAY-2,UMKM,SKL,123,True,,0.03783407572383073,False,"(138, 124)"
DAY-2_UMKM_SKL_124.JPG,/home/tsaga/projects/beefresearch-bima/data/dataset_root/DAY-2/DAY-2_UMKM_SKL_124.JPG,DAY-2,UMKM,SKL,124,True,,0.0390673719376392,False,"(148, 123)"
DAY-2_UMKM_SKL_125.JPG,/home/tsaga/projects/beefresearch-bima/data/dataset_root/DAY-2/DAY-2_UMKM_SKL_125.JPG,DAY-2,UMKM,SKL,125,True,,0.033605233853006684,False,"(125, 130)"
DAY-2_UMKM_SKL_126.JPG,/home/tsaga/projects/beefresearch-bima/data/dataset_root/DAY-2/DAY-2_UMKM_SKL_126.JPG,DAY-2,UMKM,SKL,126,True,,0.033129175946547886,False,"(105, 147)"
DAY-2_UMKM_SKL_127.JPG,/home/tsaga/projects/beefresearch-bima/data/dataset_root/DAY-2/DAY-2_UMKM_SKL_127.JPG,DAY-2,UMKM,SKL,127,True,,0.028566258351893095,False,"(93, 156)"
DAY-2_UMKM_SKL_128.JPG,/home/tsaga/projects/beefresearch-bima/data/dataset_root/DAY-2/DAY-2_UMKM_SKL_128.JPG,DAY-2,UMKM,SKL,128,True,,0.02934576837416481,False,"(112, 139)"
DAY-2_UMKM_SKL_129.JPG,/home/tsaga/projects/beefresearch-bima/data/dataset_root/DAY-2/DAY-2_UMKM_SKL_129.JPG,DAY-2,UMKM,SKL,129,True,,0.035398106904231626,False,"(125, 138)"
DAY-2_UMKM_SKL_130.JPG,/home/tsaga/projects/beefresearch-bima/data/dataset_root/DAY-2/DAY-2_UMKM_SKL_130.JPG,DAY-2,UMKM,SKL,130,True,,0.03464365256124722,False,"(116, 137)"
DAY-2_UMKM_SKL_131.JPG,/home/tsaga/projects/beefresearch-bima/data/dataset_root/DAY-2/DAY-2_UMKM_SKL_131.JPG,DAY-2,UMKM,SKL,131,True,,0.028864142538975502,False,"(90, 139)"
DAY-2_UMKM_SKL_132.JPG,/home/tsaga/projects/beefresearch-bima/data/dataset_root/DAY-2/DAY-2_UMKM_SKL_132.JPG,DAY-2,UMKM,SKL,132,True,,0.026720489977728284,False,"(87, 138)"
DAY-2_UMKM_SKL_133.JPG,/home/tsaga/projects/beefresearch-bima/data/dataset_root/DAY-2/DAY-2_UMKM_SKL_133.JPG,DAY-2,UMKM,SKL,133,True,,0.0261358574610245,False,"(113, 115)"
DAY-2_UMKM_SKL_134.JPG,/home/tsaga/projects/beefresearch-bima/data/dataset_root/DAY-2/DAY-2_UMKM_SKL_134.JPG,DAY-2,UMKM,SKL,134,True,,0.027107461024498885,False,"(108, 120)"
DAY-2_UMKM_SKL_135.JPG,/home/tsaga/projects/beefresearch-bima/data/dataset_root/DAY-2/DAY-2_UMKM_SKL_135.JPG,DAY-2,UMKM,SKL,135,True,,0.03540089086859688,False,"(113, 142)"
DAY-2_UMKM_SKL_136.JPG,/home/tsaga/projects/beefresearch-bima/data/dataset_root/DAY-2/DAY-2_UMKM_SKL_136.JPG,DAY-2,UMKM,SKL,136,True,,0.03273385300668152,False,"(103, 142)"
DAY-2_UMKM_SKL_137.JPG,/home/tsaga/projects/beefresearch-bima/data/dataset_root/DAY-2/DAY-2_UMKM_SKL_137.JPG,DAY-2,UMKM,SKL,137,True,,0.03747216035634744,False,"(113, 147)"
DAY-2_UMKM_SKL_138.JPG,/home/tsaga/projects/beefresearch-bima/data/dataset_root/DAY-2/DAY-2_UMKM_SKL_138.JPG,DAY-2,UMKM,SKL,138,True,,0.03791481069042316,False,"(114, 157)"
DAY-2_UMKM_SKL_139.JPG,/home/tsaga/projects/beefresearch-bima/data/dataset_root/DAY-2/DAY-2_UMKM_SKL_139.JPG,DAY-2,UMKM,SKL,139,True,,0.03900055679287305,False,"(129, 148)"
DAY-2_UMKM_SKL_140.JPG,/home/tsaga/projects/beefresearch-bima/data/dataset_root/DAY-2/DAY-2_UMKM_SKL_140.JPG,DAY-2,UMKM,SKL,140,True,,0.03826559020044543,False,"(128, 150)"
DAY-2_UMKM_SMC_002.JPG,/home/tsaga/projects/beefresearch-bima/data/dataset_root/DAY-2/DAY-2_UMKM_SMC_002.JPG,DAY-2,UMKM,SMC,2,True,,0.03551666666666667,False,"(76, 237)"
DAY-2_UMKM_SMC_003.JPG,/home/tsaga/projects/beefresearch-bima/data/dataset_root/DAY-2/DAY-2_UMKM_SMC_003.JPG,DAY-2,UMKM,SMC,3,True,,0.022822916666666665,False,"(129, 177)"
DAY-2_UMKM_SMC_004.JPG,/home/tsaga/projects/beefresearch-bima/data/dataset_root/DAY-2/DAY-2_UMKM_SMC_004.JPG,DAY-2,UMKM,SMC,4,True,,0.030633333333333332,False,"(135, 182)"
DAY-2_UMKM_SMC_005.JPG,/home/tsaga/projects/beefresearch-bima/data/dataset_root/DAY-2/DAY-2_UMKM_SMC_005.JPG,DAY-2,UMKM,SMC,5,True,,0.04571666666666667,False,"(165, 215)"
DAY-2_UMKM_SMC_006.JPG,/home/tsaga/projects/beefresearch-bima/data/dataset_root/DAY-2/DAY-2_UMKM_SMC_006.JPG,DAY-2,UMKM,SMC,6,True,,0.04848541666666667,False,"(150, 215)"
DAY-2_UMKM_SMC_007.JPG,/home/tsaga/projects/beefresearch-bima/data/dataset_root/DAY-2/DAY-2_UMKM_SMC_007.JPG,DAY-2,UMKM,SMC,7,True,,0.039579166666666665,False,"(160, 181)"
DAY-2_UMKM_SMC_008.JPG,/home/tsaga/projects/beefresearch-bima/data/dataset_root/DAY-2/DAY-2_UMKM_SMC_008.JPG,DAY-2,UMKM,SMC,8,True,,0.04741041666666666,False,"(165, 197)"
DAY-2_UMKM_SMC_009.JPG,/home/tsaga/projects/beefresearch-bima/data/dataset_root/DAY-2/DAY-2_UMKM_SMC_009.JPG,DAY-2,UMKM,SMC,9,True,,0.054733333333333335,False,"(172, 201)"
DAY-2_UMKM_SMC_010.JPG,/home/tsaga/projects/beefresearch-bima/data/dataset_root/DAY-2/DAY-2_UMKM_SMC_010.JPG,DAY-2,UMKM,SMC,10,True,,0.05152916666666667,False,"(156, 210)"
DAY-2_UMKM_SMC_011.JPG,/home/tsaga/projects/beefresearch-bima/data/dataset_root/DAY-2/DAY-2_UMKM_SMC_011.JPG,DAY-2,UMKM,SMC,11,True,,0.0388375,False,"(157, 189)"
DAY-2_UMKM_SMC_012.JPG,/home/tsaga/projects/beefresearch-bima/data/dataset_root/DAY-2/DAY-2_UMKM_SMC_012.JPG,DAY-2,UMKM,SMC,12,True,,0.043339583333333334,False,"(158, 209)"
DAY-2_UMKM_SMC_013.JPG,/home/tsaga/projects/beefresearch-bima/data/dataset_root/DAY-2/DAY-2_UMKM_SMC_013.JPG,DAY-2,UMKM,SMC,13,True,,0.050945833333333336,False,"(155, 230)"
DAY-2_UMKM_SMC_014.JPG,/home/tsaga/projects/beefresearch-bima/data/dataset_root/DAY-2/DAY-2_UMKM_SMC_014.JPG,DAY-2,UMKM,SMC,14,True,,0.04994166666666667,False,"(154, 227)"
DAY-2_UMKM_SMC_015.JPG,/home/tsaga/projects/beefresearch-bima/data/dataset_root/DAY-2/DAY-2_UMKM_SMC_015.JPG,DAY-2,UMKM,SMC,15,True,,0.027145833333333334,False,"(120, 175)"
DAY-2_UMKM_SMC_016.JPG,/home/tsaga/projects/beefresearch-bima/data/dataset_root/DAY-2/DAY-2_UMKM_SMC_016.JPG,DAY-2,UMKM,SMC,16,True,,0.03228958333333334,False,"(117, 199)"
DAY-2_UMKM_SMC_017.JPG,/home/tsaga/projects/beefresearch-bima/data/dataset_root/DAY-2/DAY-2_UMKM_SMC_017.JPG,DAY-2,UMKM,SMC,17,True,,0.04939166666666667,False,"(136, 231)"
DAY-2_UMKM_SMC_018.JPG,/home/tsaga/projects/beefresearch-bima/data/dataset_root/DAY-2/DAY-2_UMKM_SMC_018.JPG,DAY-2,UMKM,SMC,18,True,,0.051747916666666664,False,"(141, 232)"
DAY-2_UMKM_SMC_019.JPG,/home/tsaga/projects/beefresearch-bima/data/dataset_root/DAY-2/DAY-2_UMKM_SMC_019.JPG,DAY-2,UMKM,SMC,19,True,,0.03592708333333333,False,"(133, 194)"
DAY-2_UMKM_SMC_020.JPG,/home/tsaga/projects/beefresearch-bima/data/dataset_root/DAY-2/DAY-2_UMKM_SMC_020.JPG,DAY-2,UMKM,SMC,20,True,,0.035435416666666664,False,"(140, 194)"
DAY-2_UMKM_SMC_021.JPG,/home/tsaga/projects/beefresearch-bima/data/dataset_root/DAY-2/DAY-2_UMKM_SMC_021.JPG,DAY-2,UMKM,SMC,21,True,,0.03183333333333333,False,"(127, 178)"
DAY-2_UMKM_SMC_022.JPG,/home/tsaga/projects/beefresearch-bima/data/dataset_root/DAY-2/DAY-2_UMKM_SMC_022.JPG,DAY-2,UMKM,SMC,22,True,,0.032516666666666666,False,"(138, 179)"
DAY-2_UMKM_SMC_023.JPG,/home/tsaga/projects/beefresearch-bima/data/dataset_root/DAY-2/DAY-2_UMKM_SMC_023.JPG,DAY-2,UMKM,SMC,23,True,,0.047325,False,"(148, 222)"
DAY-2_UMKM_SMC_024.JPG,/home/tsaga/projects/beefresearch-bima/data/dataset_root/DAY-2/DAY-2_UMKM_SMC_024.JPG,DAY-2,UMKM,SMC,24,True,,0.04681458333333333,False,"(146, 221)"
DAY-2_UMKM_SMC_025.JPG,/home/tsaga/projects/beefresearch-bima/data/dataset_root/DAY-2/DAY-2_UMKM_SMC_025.JPG,DAY-2,UMKM,SMC,25,True,,0.030345833333333332,False,"(189, 174)"
DAY-2_UMKM_SMC_027.JPG,/home/tsaga/projects/beefresearch-bima/data/dataset_root/DAY-2/DAY-2_UMKM_SMC_027.JPG,DAY-2,UMKM,SMC,27,True,,0.04793541666666667,False,"(148, 234)"
DAY-2_UMKM_SMC_028.JPG,/home/tsaga/projects/beefresearch-bima/data/dataset_root/DAY-2/DAY-2_UMKM_SMC_028.JPG,DAY-2,UMKM,SMC,28,True,,0.0508375,False,"(164, 211)"
DAY-2_UMKM_SMC_029.JPG,/home/tsaga/projects/beefresearch-bima/data/dataset_root/DAY-2/DAY-2_UMKM_SMC_029.JPG,DAY-2,UMKM,SMC,29,True,,0.04628541666666667,False,"(156, 212)"
DAY-2_UMKM_SMC_030.JPG,/home/tsaga/projects/beefresearch-bima/data/dataset_root/DAY-2/DAY-2_UMKM_SMC_030.JPG,DAY-2,UMKM,SMC,30,True,,0.05065625,False,"(164, 230)"
DAY-2_UMKM_SMC_031.JPG,/home/tsaga/projects/beefresearch-bima/data/dataset_root/DAY-2/DAY-2_UMKM_SMC_031.JPG,DAY-2,UMKM,SMC,31,True,,0.04629375,False,"(156, 201)"
DAY-2_UMKM_SMC_032.JPG,/home/tsaga/projects/beefresearch-bima/data/dataset_root/DAY-2/DAY-2_UMKM_SMC_032.JPG,DAY-2,UMKM,SMC,32,True,,0.042422916666666664,False,"(148, 195)"
DAY-2_UMKM_SMC_033.JPG,/home/tsaga/projects/beefresearch-bima/data/dataset_root/DAY-2/DAY-2_UMKM_SMC_033.JPG,DAY-2,UMKM,SMC,33,True,,0.05839166666666667,False,"(149, 290)"
DAY-2_UMKM_SMC_034.JPG,/home/tsaga/projects/beefresearch-bima/data/dataset_root/DAY-2/DAY-2_UMKM_SMC_034.JPG,DAY-2,UMKM,SMC,34,True,,0.05558125,False,"(137, 292)"
DAY-2_UMKM_SMC_035.JPG,/home/tsaga/projects/beefresearch-bima/data/dataset_root/DAY-2/DAY-2_UMKM_SMC_035.JPG,DAY-2,UMKM,SMC,35,True,,0.05479166666666667,False,"(143, 334)"
DAY-2_UMKM_SMC_036.JPG,/home/tsaga/projects/beefresearch-bima/data/dataset_root/DAY-2/DAY-2_UMKM_SMC_036.JPG,DAY-2,UMKM,SMC,36,True,,0.057645833333333334,False,"(143, 325)"
DAY-2_UMKM_SMC_037.JPG,/home/tsaga/projects/beefresearch-bima/data/dataset_root/DAY-2/DAY-2_UMKM_SMC_037.JPG,DAY-2,UMKM,SMC,37,True,,0.05227916666666667,False,"(144, 277)"
DAY-2_UMKM_SMC_038.JPG,/home/tsaga/projects/beefresearch-bima/data/dataset_root/DAY-2/DAY-2_UMKM_SMC_038.JPG,DAY-2,UMKM,SMC,38,True,,0.05379166666666667,False,"(138, 288)"
DAY-2_UMKM_SMC_039.JPG,/home/tsaga/projects/beefresearch-bima/data/dataset_root/DAY-2/DAY-2_UMKM_SMC_039.JPG,DAY-2,UMKM,SMC,39,True,,0.03565416666666667,False,"(151, 183)"
DAY-2_UMKM_SMC_040.JPG,/home/tsaga/projects/beefresearch-bima/data/dataset_root/DAY-2/DAY-2_UMKM_SMC_040.JPG,DAY-2,UMKM,SMC,40,True,,0.03299375,False,"(137, 175)"
DAY-2_UMKM_SMC_041.JPG,/home/tsaga/projects/beefresearch-bima/data/dataset_root/DAY-2/DAY-2_UMKM_SMC_041.JPG,DAY-2,UMKM,SMC,41,True,,0.04011041666666667,False,"(119, 252)"
DAY-2_UMKM_SMC_043.JPG,/home/tsaga/projects/beefresearch-bima/data/dataset_root/DAY-2/DAY-2_UMKM_SMC_043.JPG,DAY-2,UMKM,SMC,43,True,,0.05807916666666667,False,"(235, 230)"
DAY-2_UMKM_SMC_044.JPG,/home/tsaga/projects/beefresearch-bima/data/dataset_root/DAY-2/DAY-2_UMKM_SMC_044.JPG,DAY-2,UMKM,SMC,44,True,,0.056952083333333334,False,"(208, 235)"
DAY-2_UMKM_SMC_045.JPG,/home/tsaga/projects/beefresearch-bima/data/dataset_root/DAY-2/DAY-2_UMKM_SMC_045.JPG,DAY-2,UMKM,SMC,45,True,,0.06226875,False,"(198, 240)"
DAY-2_UMKM_SMC_046.JPG,/home/tsaga/projects/beefresearch-bima/data/dataset_root/DAY-2/DAY-2_UMKM_SMC_046.JPG,DAY-2,UMKM,SMC,46,True,,0.06133541666666667,False,"(205, 239)"
DAY-2_UMKM_SMC_047.JPG,/home/tsaga/projects/beefresearch-bima/data/dataset_root/DAY-2/DAY-2_UMKM_SMC_047.JPG,DAY-2,UMKM,SMC,47,True,,0.030616666666666667,False,"(134, 168)"
DAY-2_UMKM_SMC_048.JPG,/home/tsaga/projects/beefresearch-bima/data/dataset_root/DAY-2/DAY-2_UMKM_SMC_048.JPG,DAY-2,UMKM,SMC,48,True,,0.029464583333333332,False,"(133, 166)"
DAY-2_UMKM_SMC_049.JPG,/home/tsaga/projects/beefresearch-bima/data/dataset_root/DAY-2/DAY-2_UMKM_SMC_049.JPG,DAY-2,UMKM,SMC,49,True,,0.03370625,False,"(135, 160)"
DAY-2_UMKM_SMC_050.JPG,/home/tsaga/projects/beefresearch-bima/data/dataset_root/DAY-2/DAY-2_UMKM_SMC_050.JPG,DAY-2,UMKM,SMC,50,True,,0.034758333333333336,False,"(132, 163)"
DAY-2_UMKM_SMC_051.JPG,/home/tsaga/projects/beefresearch-bima/data/dataset_root/DAY-2/DAY-2_UMKM_SMC_051.JPG,DAY-2,UMKM,SMC,51,True,,0.050991666666666664,False,"(175, 200)"
DAY-2_UMKM_SMC_052.JPG,/home/tsaga/projects/beefresearch-bima/data/dataset_root/DAY-2/DAY-2_UMKM_SMC_052.JPG,DAY-2,UMKM,SMC,52,True,,0.049514583333333334,False,"(171, 199)"
DAY-2_UMKM_SMC_053.JPG,/home/tsaga/projects/beefresearch-bima/data/dataset_root/DAY-2/DAY-2_UMKM_SMC_053.JPG,DAY-2,UMKM,SMC,53,True,,0.06754791666666667,False,"(161, 266)"
DAY-2_UMKM_SMC_054.JPG,/home/tsaga/projects/beefresearch-bima/data/dataset_root/DAY-2/DAY-2_UMKM_SMC_054.JPG,DAY-2,UMKM,SMC,54,True,,0.06465625,False,"(165, 271)"
DAY-2_UMKM_SMC_055.JPG,/home/tsaga/projects/beefresearch-bima/data/dataset_root/DAY-2/DAY-2_UMKM_SMC_055.JPG,DAY-2,UMKM,SMC,55,True,,0.03331666666666667,False,"(135, 180)"
DAY-2_UMKM_SMC_056.JPG,/home/tsaga/projects/beefresearch-bima/data/dataset_root/DAY-2/DAY-2_UMKM_SMC_056.JPG,DAY-2,UMKM,SMC,56,True,,0.03541875,False,"(143, 185)"
DAY-2_UMKM_SMC_057.JPG,/home/tsaga/projects/beefresearch-bima/data/dataset_root/DAY-2/DAY-2_UMKM_SMC_057.JPG,DAY-2,UMKM,SMC,57,True,,0.03297708333333333,False,"(132, 165)"
DAY-2_UMKM_SMC_058.JPG,/home/tsaga/projects/beefresearch-bima/data/dataset_root/DAY-2/DAY-2_UMKM_SMC_058.JPG,DAY-2,UMKM,SMC,58,True,,0.03493333333333333,False,"(136, 162)"
DAY-2_UMKM_SMC_059.JPG,/home/tsaga/projects/beefresearch-bima/data/dataset_root/DAY-2/DAY-2_UMKM_SMC_059.JPG,DAY-2,UMKM,SMC,59,True,,0.04344375,False,"(143, 206)"
DAY-2_UMKM_SMC_060.JPG,/home/tsaga/projects/beefresearch-bima/data/dataset_root/DAY-2/DAY-2_UMKM_SMC_060.JPG,DAY-2,UMKM,SMC,60,True,,0.04565,False,"(139, 212)"
DAY-2_UMKM_SMC_061.JPG,/home/tsaga/projects/beefresearch-bima/data/dataset_root/DAY-2/DAY-2_UMKM_SMC_061.JPG,DAY-2,UMKM,SMC,61,True,,0.06534583333333334,False,"(183, 254)"
DAY-2_UMKM_SMC_062.JPG,/home/tsaga/projects/beefresearch-bima/data/dataset_root/DAY-2/DAY-2_UMKM_SMC_062.JPG,DAY-2,UMKM,SMC,62,True,,0.06614375,False,"(187, 261)"
DAY-2_UMKM_SMC_063.JPG,/home/tsaga/projects/beefresearch-bima/data/dataset_root/DAY-2/DAY-2_UMKM_SMC_063.JPG,DAY-2,UMKM,SMC,63,True,,0.030989583333333334,False,"(130, 189)"
DAY-2_UMKM_SMC_064.JPG,/home/tsaga/projects/beefresearch-bima/data/dataset_root/DAY-2/DAY-2_UMKM_SMC_064.JPG,DAY-2,UMKM,SMC,64,True,,0.03263541666666667,False,"(135, 194)"
DAY-2_UMKM_SMC_065.JPG,/home/tsaga/projects/beefresearch-bima/data/dataset_root/DAY-2/DAY-2_UMKM_SMC_065.JPG,DAY-2,UMKM,SMC,65,True,,0.0395375,False,"(141, 204)"
DAY-2_UMKM_SMC_066.JPG,/home/tsaga/projects/beefresearch-bima/data/dataset_root/DAY-2/DAY-2_UMKM_SMC_066.JPG,DAY-2,UMKM,SMC,66,True,,0.043485416666666665,False,"(148, 204)"
DAY-2_UMKM_SMC_067.JPG,/home/tsaga/projects/beefresearch-bima/data/dataset_root/DAY-2/DAY-2_UMKM_SMC_067.JPG,DAY-2,UMKM,SMC,67,True,,0.0642125,False,"(178, 217)"
DAY-2_UMKM_SMC_068.JPG,/home/tsaga/projects/beefresearch-bima/data/dataset_root/DAY-2/DAY-2_UMKM_SMC_068.JPG,DAY-2,UMKM,SMC,68,True,,0.06342291666666666,False,"(173, 237)"
DAY-2_UMKM_SMC_069.JPG,/home/tsaga/projects/beefresearch-bima/data/dataset_root/DAY-2/DAY-2_UMKM_SMC_069.JPG,DAY-2,UMKM,SMC,69,True,,0.04534791666666667,False,"(159, 212)"
DAY-2_UMKM_SMC_070.JPG,/home/tsaga/projects/beefresearch-bima/data/dataset_root/DAY-2/DAY-2_UMKM_SMC_070.JPG,DAY-2,UMKM,SMC,70,True,,0.048239583333333336,False,"(192, 206)"
DAY-2_UMKM_SMC_071.JPG,/home/tsaga/projects/beefresearch-bima/data/dataset_root/DAY-2/DAY-2_UMKM_SMC_071.JPG,DAY-2,UMKM,SMC,71,True,,0.047785416666666664,False,"(168, 190)"
DAY-2_UMKM_SMC_072.JPG,/home/tsaga/projects/beefresearch-bima/data/dataset_root/DAY-2/DAY-2_UMKM_SMC_072.JPG,DAY-2,UMKM,SMC,72,True,,0.04738958333333333,False,"(162, 187)"
DAY-2_UMKM_SMC_073.JPG,/home/tsaga/projects/beefresearch-bima/data/dataset_root/DAY-2/DAY-2_UMKM_SMC_073.JPG,DAY-2,UMKM,SMC,73,True,,0.058475,False,"(160, 250)"
DAY-2_UMKM_SMC_074.JPG,/home/tsaga/projects/beefresearch-bima/data/dataset_root/DAY-2/DAY-2_UMKM_SMC_074.JPG,DAY-2,UMKM,SMC,74,True,,0.060179166666666666,False,"(173, 237)"
DAY-2_UMKM_SMC_075.JPG,/home/tsaga/projects/beefresearch-bima/data/dataset_root/DAY-2/DAY-2_UMKM_SMC_075.JPG,DAY-2,UMKM,SMC,75,True,,0.051645833333333335,False,"(152, 244)"
DAY-2_UMKM_SMC_076.JPG,/home/tsaga/projects/beefresearch-bima/data/dataset_root/DAY-2/DAY-2_UMKM_SMC_076.JPG,DAY-2,UMKM,SMC,76,True,,0.04829166666666666,False,"(159, 220)"
DAY-2_UMKM_SMC_077.JPG,/home/tsaga/projects/beefresearch-bima/data/dataset_root/DAY-2/DAY-2_UMKM_SMC_077.JPG,DAY-2,UMKM,SMC,77,True,,0.04790833333333333,False,"(145, 241)"
DAY-2_UMKM_SMC_078.JPG,/home/tsaga/projects/beefresearch-bima/data/dataset_root/DAY-2/DAY-2_UMKM_SMC_078.JPG,DAY-2,UMKM,SMC,78,True,,0.04989166666666667,False,"(148, 244)"
DAY-2_UMKM_SMC_079.JPG,/home/tsaga/projects/beefresearch-bima/data/dataset_root/DAY-2/DAY-2_UMKM_SMC_079.JPG,DAY-2,UMKM,SMC,79,True,,0.06472291666666667,False,"(177, 241)"
DAY-2_UMKM_SMC_080.JPG,/home/tsaga/projects/beefresearch-bima/data/dataset_root/DAY-2/DAY-2_UMKM_SMC_080.JPG,DAY-2,UMKM,SMC,80,True,,0.06510208333333334,False,"(194, 225)"
DAY-2_UMKM_SMC_081.JPG,/home/tsaga/projects/beefresearch-bima/data/dataset_root/DAY-2/DAY-2_UMKM_SMC_081.JPG,DAY-2,UMKM,SMC,81,True,,0.03547083333333333,False,"(140, 191)"
DAY-2_UMKM_SMC_082.JPG,/home/tsaga/projects/beefresearch-bima/data/dataset_root/DAY-2/DAY-2_UMKM_SMC_082.JPG,DAY-2,UMKM,SMC,82,True,,0.03546041666666667,False,"(124, 208)"
DAY-2_UMKM_SMC_083.JPG,/home/tsaga/projects/beefresearch-bima/data/dataset_root/DAY-2/DAY-2_UMKM_SMC_083.JPG,DAY-2,UMKM,SMC,83,True,,0.06047291666666667,False,"(165, 250)"
DAY-2_UMKM_SMC_084.JPG,/home/tsaga/projects/beefresearch-bima/data/dataset_root/DAY-2/DAY-2_UMKM_SMC_084.JPG,DAY-2,UMKM,SMC,84,True,,0.0622625,False,"(168, 253)"
DAY-2_UMKM_SMC_085.JPG,/home/tsaga/projects/beefresearch-bima/data/dataset_root/DAY-2/DAY-2_UMKM_SMC_085.JPG,DAY-2,UMKM,SMC,85,True,,0.028270833333333332,False,"(107, 194)"
DAY-2_UMKM_SMC_086.JPG,/home/tsaga/projects/beefresearch-bima/data/dataset_root/DAY-2/DAY-2_UMKM_SMC_086.JPG,DAY-2,UMKM,SMC,86,True,,0.02978125,False,"(98, 196)"
DAY-2_UMKM_SMC_087.JPG,/home/tsaga/projects/beefresearch-bima/data/dataset_root/DAY-2/DAY-2_UMKM_SMC_087.JPG,DAY-2,UMKM,SMC,87,True,,0.048425,False,"(175, 199)"
DAY-2_UMKM_SMC_088.JPG,/home/tsaga/projects/beefresearch-bima/data/dataset_root/DAY-2/DAY-2_UMKM_SMC_088.JPG,DAY-2,UMKM,SMC,88,True,,0.050575,False,"(172, 211)"
DAY-2_UMKM_SMC_089.JPG,/home/tsaga/projects/beefresearch-bima/data/dataset_root/DAY-2/DAY-2_UMKM_SMC_089.JPG,DAY-2,UMKM,SMC,89,True,,0.04034375,False,"(127, 228)"
DAY-2_UMKM_SMC_090.JPG,/home/tsaga/projects/beefresearch-bima/data/dataset_root/DAY-2/DAY-2_UMKM_SMC_090.JPG,DAY-2,UMKM,SMC,90,True,,0.04140208333333333,False,"(129, 225)"
DAY-2_UMKM_SMC_091.JPG,/home/tsaga/projects/beefresearch-bima/data/dataset_root/DAY-2/DAY-2_UMKM_SMC_091.JPG,DAY-2,UMKM,SMC,91,True,,0.030979166666666665,False,"(117, 190)"
DAY-2_UMKM_SMC_092.JPG,/home/tsaga/projects/beefresearch-bima/data/dataset_root/DAY-2/DAY-2_UMKM_SMC_092.JPG,DAY-2,UMKM,SMC,92,True,,0.03141041666666667,False,"(137, 167)"
DAY-2_UMKM_SMC_093.JPG,/home/tsaga/projects/beefresearch-bima/data/dataset_root/DAY-2/DAY-2_UMKM_SMC_093.JPG,DAY-2,UMKM,SMC,93,True,,0.03609791666666667,False,"(157, 178)"
DAY-2_UMKM_SMC_094.JPG,/home/tsaga/projects/beefresearch-bima/data/dataset_root/DAY-2/DAY-2_UMKM_SMC_094.JPG,DAY-2,UMKM,SMC,94,True,,0.03494375,False,"(148, 181)"
DAY-2_UMKM_SMC_095.JPG,/home/tsaga/projects/beefresearch-bima/data/dataset_root/DAY-2/DAY-2_UMKM_SMC_095.JPG,DAY-2,UMKM,SMC,95,True,,0.03949375,False,"(135, 211)"
DAY-2_UMKM_SMC_096.JPG,/home/tsaga/projects/beefresearch-bima/data/dataset_root/DAY-2/DAY-2_UMKM_SMC_096.JPG,DAY-2,UMKM,SMC,96,True,,0.043925,False,"(143, 213)"
DAY-2_UMKM_SMC_097.JPG,/home/tsaga/projects/beefresearch-bima/data/dataset_root/DAY-2/DAY-2_UMKM_SMC_097.JPG,DAY-2,UMKM,SMC,97,True,,0.032385416666666667,False,"(128, 211)"
DAY-2_UMKM_SMC_098.JPG,/home/tsaga/projects/beefresearch-bima/data/dataset_root/DAY-2/DAY-2_UMKM_SMC_098.JPG,DAY-2,UMKM,SMC,98,True,,0.032466666666666665,False,"(123, 188)"
DAY-2_UMKM_SMC_099.JPG,/home/tsaga/projects/beefresearch-bima/data/dataset_root/DAY-2/DAY-2_UMKM_SMC_099.JPG,DAY-2,UMKM,SMC,99,True,,0.049535416666666665,False,"(157, 242)"
DAY-2_UMKM_SMC_100.JPG,/home/tsaga/projects/beefresearch-bima/data/dataset_root/DAY-2/DAY-2_UMKM_SMC_100.JPG,DAY-2,UMKM,SMC,100,True,,0.05065,False,"(165, 239)"
DAY-2_UMKM_SMC_101.JPG,/home/tsaga/projects/beefresearch-bima/data/dataset_root/DAY-2/DAY-2_UMKM_SMC_101.JPG,DAY-2,UMKM,SMC,101,True,,0.044441666666666664,False,"(173, 173)"
DAY-2_UMKM_SMC_102.JPG,/home/tsaga/projects/beefresearch-bima/data/dataset_root/DAY-2/DAY-2_UMKM_SMC_102.JPG,DAY-2,UMKM,SMC,102,True,,0.043952083333333336,False,"(164, 173)"
DAY-2_UMKM_SMC_103.JPG,/home/tsaga/projects/beefresearch-bima/data/dataset_root/DAY-2/DAY-2_UMKM_SMC_103.JPG,DAY-2,UMKM,SMC,103,True,,0.03595416666666667,False,"(139, 173)"
DAY-2_UMKM_SMC_104.JPG,/home/tsaga/projects/beefresearch-bima/data/dataset_root/DAY-2/DAY-2_UMKM_SMC_104.JPG,DAY-2,UMKM,SMC,104,True,,0.03783541666666667,False,"(140, 182)"
DAY-2_UMKM_SMC_105.JPG,/home/tsaga/projects/beefresearch-bima/data/dataset_root/DAY-2/DAY-2_UMKM_SMC_105.JPG,DAY-2,UMKM,SMC,105,True,,0.04959583333333333,False,"(152, 231)"
DAY-2_UMKM_SMC_106.JPG,/home/tsaga/projects/beefresearch-bima/data/dataset_root/DAY-2/DAY-2_UMKM_SMC_106.JPG,DAY-2,UMKM,SMC,106,True,,0.05001666666666667,False,"(144, 225)"
DAY-2_UMKM_SMC_107.JPG,/home/tsaga/projects/beefresearch-bima/data/dataset_root/DAY-2/DAY-2_UMKM_SMC_107.JPG,DAY-2,UMKM,SMC,107,True,,0.045454166666666664,False,"(159, 188)"
DAY-2_UMKM_SMC_108.JPG,/home/tsaga/projects/beefresearch-bima/data/dataset_root/DAY-2/DAY-2_UMKM_SMC_108.JPG,DAY-2,UMKM,SMC,108,True,,0.043791666666666666,False,"(150, 196)"
DAY-2_UMKM_SMC_109.JPG,/home/tsaga/projects/beefresearch-bima/data/dataset_root/DAY-2/DAY-2_UMKM_SMC_109.JPG,DAY-2,UMKM,SMC,109,True,,0.04560416666666667,False,"(180, 174)"
DAY-2_UMKM_SMC_110.JPG,/home/tsaga/projects/beefresearch-bima/data/dataset_root/DAY-2/DAY-2_UMKM_SMC_110.JPG,DAY-2,UMKM,SMC,110,True,,0.049222916666666665,False,"(162, 212)"
DAY-2_UMKM_SMC_111.JPG,/home/tsaga/projects/beefresearch-bima/data/dataset_root/DAY-2/DAY-2_UMKM_SMC_111.JPG,DAY-2,UMKM,SMC,111,True,,0.038572916666666665,False,"(145, 190)"
DAY-2_UMKM_SMC_112.JPG,/home/tsaga/projects/beefresearch-bima/data/dataset_root/DAY-2/DAY-2_UMKM_SMC_112.JPG,DAY-2,UMKM,SMC,112,True,,0.04131666666666667,False,"(156, 178)"
DAY-2_UMKM_SMC_113.JPG,/home/tsaga/projects/beefresearch-bima/data/dataset_root/DAY-2/DAY-2_UMKM_SMC_113.JPG,DAY-2,UMKM,SMC,113,True,,0.04705625,False,"(172, 191)"
DAY-2_UMKM_SMC_114.JPG,/home/tsaga/projects/beefresearch-bima/data/dataset_root/DAY-2/DAY-2_UMKM_SMC_114.JPG,DAY-2,UMKM,SMC,114,True,,0.04733125,False,"(163, 173)"
DAY-2_UMKM_SMC_115.JPG,/home/tsaga/projects/beefresearch-bima/data/dataset_root/DAY-2/DAY-2_UMKM_SMC_115.JPG,DAY-2,UMKM,SMC,115,True,,0.048791666666666664,False,"(158, 188)"
DAY-2_UMKM_SMC_116.JPG,/home/tsaga/projects/beefresearch-bima/data/dataset_root/DAY-2/DAY-2_UMKM_SMC_116.JPG,DAY-2,UMKM,SMC,116,True,,0.04982291666666667,False,"(161, 183)"
DAY-2_UMKM_SMC_117.JPG,/home/tsaga/projects/beefresearch-bima/data/dataset_root/DAY-2/DAY-2_UMKM_SMC_117.JPG,DAY-2,UMKM,SMC,117,True,,0.04806041666666667,False,"(150, 189)"
DAY-2_UMKM_SMC_118.JPG,/home/tsaga/projects/beefresearch-bima/data/dataset_root/DAY-2/DAY-2_UMKM_SMC_118.JPG,DAY-2,UMKM,SMC,118,True,,0.04876875,False,"(161, 193)"
DAY-2_UMKM_SMC_119.JPG,/home/tsaga/projects/beefresearch-bima/data/dataset_root/DAY-2/DAY-2_UMKM_SMC_119.JPG,DAY-2,UMKM,SMC,119,True,,0.046510416666666665,False,"(144, 194)"
DAY-2_UMKM_SMC_120.JPG,/home/tsaga/projects/beefresearch-bima/data/dataset_root/DAY-2/DAY-2_UMKM_SMC_120.JPG,DAY-2,UMKM,SMC,120,True,,0.05160208333333333,False,"(159, 196)"
DAY-2_UMKM_SMC_121.JPG,/home/tsaga/projects/beefresearch-bima/data/dataset_root/DAY-2/DAY-2_UMKM_SMC_121.JPG,DAY-2,UMKM,SMC,121,True,,0.0590875,False,"(152, 229)"
DAY-2_UMKM_SMC_122.JPG,/home/tsaga/projects/beefresearch-bima/data/dataset_root/DAY-2/DAY-2_UMKM_SMC_122.JPG,DAY-2,UMKM,SMC,122,True,,0.061408333333333336,False,"(162, 235)"
DAY-2_UMKM_SMC_123.JPG,/home/tsaga/projects/beefresearch-bima/data/dataset_root/DAY-2/DAY-2_UMKM_SMC_123.JPG,DAY-2,UMKM,SMC,123,True,,0.04608125,False,"(157, 184)"
DAY-2_UMKM_SMC_124.JPG,/home/tsaga/projects/beefresearch-bima/data/dataset_root/DAY-2/DAY-2_UMKM_SMC_124.JPG,DAY-2,UMKM,SMC,124,True,,0.045914583333333335,False,"(153, 206)"
DAY-2_UMKM_SMC_125.JPG,/home/tsaga/projects/beefresearch-bima/data/dataset_root/DAY-2/DAY-2_UMKM_SMC_125.JPG,DAY-2,UMKM,SMC,125,True,,0.059866666666666665,False,"(173, 224)"
DAY-2_UMKM_SMC_126.JPG,/home/tsaga/projects/beefresearch-bima/data/dataset_root/DAY-2/DAY-2_UMKM_SMC_126.JPG,DAY-2,UMKM,SMC,126,True,,0.06294375,False,"(176, 219)"
DAY-2_UMKM_SMC_127.JPG,/home/tsaga/projects/beefresearch-bima/data/dataset_root/DAY-2/DAY-2_UMKM_SMC_127.JPG,DAY-2,UMKM,SMC,127,True,,0.06107708333333333,False,"(165, 243)"
DAY-2_UMKM_SMC_128.JPG,/home/tsaga/projects/beefresearch-bima/data/dataset_root/DAY-2/DAY-2_UMKM_SMC_128.JPG,DAY-2,UMKM,SMC,128,True,,0.06379791666666666,False,"(174, 242)"
DAY-2_UMKM_SMC_129.JPG,/home/tsaga/projects/beefresearch-bima/data/dataset_root/DAY-2/DAY-2_UMKM_SMC_129.JPG,DAY-2,UMKM,SMC,129,True,,0.05949583333333333,False,"(183, 217)"
DAY-2_UMKM_SMC_130.JPG,/home/tsaga/projects/beefresearch-bima/data/dataset_root/DAY-2/DAY-2_UMKM_SMC_130.JPG,DAY-2,UMKM,SMC,130,True,,0.05959791666666667,False,"(170, 237)"
DAY-2_UMKM_SMC_131.JPG,/home/tsaga/projects/beefresearch-bima/data/dataset_root/DAY-2/DAY-2_UMKM_SMC_131.JPG,DAY-2,UMKM,SMC,131,True,,0.05232291666666666,False,"(168, 183)"
DAY-2_UMKM_SMC_132.JPG,/home/tsaga/projects/beefresearch-bima/data/dataset_root/DAY-2/DAY-2_UMKM_SMC_132.JPG,DAY-2,UMKM,SMC,132,True,,0.05094791666666667,False,"(170, 180)"
DAY-2_UMKM_SMC_133.JPG,/home/tsaga/projects/beefresearch-bima/data/dataset_root/DAY-2/DAY-2_UMKM_SMC_133.JPG,DAY-2,UMKM,SMC,133,True,,0.043327083333333336,False,"(145, 190)"
DAY-2_UMKM_SMC_134.JPG,/home/tsaga/projects/beefresearch-bima/data/dataset_root/DAY-2/DAY-2_UMKM_SMC_134.JPG,DAY-2,UMKM,SMC,134,True,,0.04425625,False,"(147, 188)"
DAY-2_UMKM_SMC_135.JPG,/home/tsaga/projects/beefresearch-bima/data/dataset_root/DAY-2/DAY-2_UMKM_SMC_135.JPG,DAY-2,UMKM,SMC,135,True,,0.0609,False,"(178, 212)"
DAY-2_UMKM_SMC_136.JPG,/home/tsaga/projects/beefresearch-bima/data/dataset_root/DAY-2/DAY-2_UMKM_SMC_136.JPG,DAY-2,UMKM,SMC,136,True,,0.06272291666666667,False,"(183, 216)"
DAY-2_UMKM_SMC_137.JPG,/home/tsaga/projects/beefresearch-bima/data/dataset_root/DAY-2/DAY-2_UMKM_SMC_137.JPG,DAY-2,UMKM,SMC,137,True,,0.05490833333333334,False,"(130, 253)"
DAY-2_UMKM_SMC_138.JPG,/home/tsaga/projects/beefresearch-bima/data/dataset_root/DAY-2/DAY-2_UMKM_SMC_138.JPG,DAY-2,UMKM,SMC,138,True,,0.05595208333333333,False,"(127, 258)"
DAY-2_UMKM_SMC_139.JPG,/home/tsaga/projects/beefresearch-bima/data/dataset_root/DAY-2/DAY-2_UMKM_SMC_139.JPG,DAY-2,UMKM,SMC,139,True,,0.0704625,False,"(186, 254)"
DAY-2_UMKM_SMC_140.JPG,/home/tsaga/projects/beefresearch-bima/data/dataset_root/DAY-2/DAY-2_UMKM_SMC_140.JPG,DAY-2,UMKM,SMC,140,True,,0.07100625,False,"(172, 280)"
